"id","event_name","parent_campaign","layer","default_visible","start_year","end_year","place_name","country_today","lat","lon","coord_source","coord_precision","geometry_type","site_role","perpetrator","succession_type","perpetrator_today","target_group","category","deaths_low","deaths_high","toll_basis","affected_low","affected_high","affected_measure","toll_note","evidence_tier","status","documentation_completeness","completeness_note","key_source","verification_status","verified_note","notes"
"EV0001","Siege and sack of Tenochtitlan","Spanish conquest of Mexico","core","TRUE","1521","1521","Tenochtitlan (Mexico City)","Mexico","19.4326","-99.1332","fixture_dev","site","point","victim_site","Spanish crown / Cortes expedition","","","Mexica population","colonial conquest","","","not_quantified","","","","","2","confirmed","not_assessed","","Sahagun, Florentine Codex Bk XII; Restall","unverified","","Starvation siege of a city; toll disputed"
"EV0002","Encomienda and forced labour, Hispaniola","Spanish conquest of the Caribbean","core","TRUE","1500","1550","Hispaniola","Dominican Republic / Haiti","","","","","region","victim_site","Spanish colonists","","","Taino","colonial conquest","","","not_quantified","","","","","2","confirmed","not_assessed","","Las Casas, Brevisima relacion; Cook & Borah","unverified","","Disease and forced labour intertwined; separate the deliberate component"
"EV0003","Cajamarca massacre","Spanish conquest of Peru","core","TRUE","1532","1532","Cajamarca","Peru","-7.1637","-78.5003","unverified_ai","settlement","point","victim_site","Pizarro expedition","","","Inca retinue","colonial conquest","","","not_quantified","","","","","2","confirmed","not_assessed","","Hemming, The Conquest of the Incas","unverified","",""
"EV0004","Potosi mita forced labour","Spanish colonial mining","core","TRUE","1545","1825","Potosi","Bolivia","-19.5836","-65.7531","fixture_dev","site","point","victim_site","Spanish crown","","","Andean communities","colonial conquest","","","not_quantified","","","","","2","confirmed","not_assessed","","Bakewell; Tandeter","unverified","","Rotational conscript labour in silver mines"
"EV0005","Huancavelica mercury mita","Spanish colonial mining","core","TRUE","1564","1810","Huancavelica","Peru","-12.7867","-74.9758","unverified_ai","settlement","point","victim_site","Spanish crown","","","Andean communities","colonial conquest","","","not_quantified","","","","","2","confirmed","not_assessed","","Robins, Mercury, Mining and Empire","unverified","","Mercury poisoning as a known and accepted cost"
"EV0006","Banda Islands massacre","VOC monopoly enforcement","core","TRUE","1621","1621","Banda Neira / Lonthor","Indonesia","","","","","multi_point","victim_site","Dutch East India Company (Jan Pieterszoon Coen)","","","Bandanese","colonial conquest","","","not_quantified","","","","","2","confirmed","not_assessed","","Loth; VOC archive, Nationaal Archief","unverified","","Population largely killed, deported or enslaved"
"EV0007","Batavia massacre of Chinese residents","VOC rule in the Indies","core","TRUE","1740","1740","Batavia (Jakarta)","Indonesia","-6.1751","106.865","unverified_ai","settlement","point","victim_site","Dutch East India Company","","","Chinese residents","colonial conquest","","","not_quantified","","","","","2","confirmed","not_assessed","","Raben; VOC records","unverified","",""
"EV0008","Aceh War","Dutch colonial expansion","core","TRUE","1873","1914","Aceh","Indonesia","","","","","region","victim_site","Netherlands (KNIL)","","","Acehnese","colonial conquest","","","not_quantified","","","","","2","confirmed","not_assessed","","Dutch military archives; van 't Veer","unverified","",""
"EV0009","Siege of Drogheda","Cromwellian conquest of Ireland","core","TRUE","1649","1649","Drogheda","Ireland","53.7189","-6.3478","unverified_ai","settlement","point","victim_site","New Model Army","","","Garrison and townspeople","colonial conquest","","","not_quantified","","","","","1","confirmed","not_assessed","","Cromwell's own dispatches; Ohlmeyer","unverified","",""
"EV0010","Siege of Wexford","Cromwellian conquest of Ireland","core","TRUE","1649","1649","Wexford","Ireland","52.3369","-6.4633","unverified_ai","settlement","point","victim_site","New Model Army","","","Garrison and townspeople","colonial conquest","","","not_quantified","","","","","2","confirmed","not_assessed","","Contemporary accounts; Lenihan","unverified","",""
"EV0011","Transportation of Irish to Barbados","Cromwellian conquest of Ireland","core","TRUE","1649","1660","Bridgetown","Barbados","13.1059","-59.6131","unverified_ai","settlement","point","victim_site","English Commonwealth","","","Irish prisoners and civilians","colonial conquest","","","not_quantified","","","","","2","confirmed","not_assessed","","Beckles; Commonwealth state papers","unverified","",""
"EV0012","Sack of Magdeburg","Thirty Years War","core","TRUE","1631","1631","Magdeburg","Germany","52.1205","11.6276","unverified_ai","settlement","point","victim_site","Catholic League / Imperial army","","","Civilian population","colonial conquest","","","not_quantified","","","","","2","confirmed","not_assessed","","Medick & Marschke","unverified","",""
"EV0013","Highland Clearances","British agrarian displacement","core","TRUE","1750","1860","Sutherland and the Highlands","United Kingdom","","","","","region","victim_site","Landowners with state backing","","","Highland tenants","colonial conquest","","","not_quantified","","","","","2","confirmed","not_assessed","","Richards, The Highland Clearances","unverified","","Forced eviction; deaths mainly indirect"
"EV0014","Great Irish Famine","British rule in Ireland","core","TRUE","1845","1852","Ireland","Ireland","","","","","region","victim_site","British government policy","","","Irish rural poor","colonial conquest","1000000","1500000","documented_estimate","","","","","2","contested","not_assessed","","Kinealy; O Grada","unverified","","Debated whether policy crossed into deliberate; document the debate"
"EV0015","Amritsar (Jallianwala Bagh) massacre","British rule in India","core","TRUE","1919","1919","Jallianwala Bagh, Amritsar","India","31.6206","74.8800","fixture_dev","site","point","victim_site","British Indian Army (Dyer)","","","Unarmed crowd","colonial conquest","379","1000","documented_estimate","","","","","1","confirmed","not_assessed","","Hunter Committee report 1920","unverified","","Official inquiry gives a documented low figure; Indian estimates higher"
"EV0016","Bengal famine of 1770","British East India Company rule","register","FALSE","1769","1771","Bengal","India / Bangladesh","","","","","unmapped","victim_site","East India Company revenue policy","","","Bengali peasantry","colonial conquest","1200000","10000000","documented_estimate","","","","The often-repeated ten million rests on a contemporary claim that a third of Bengal died. Company revenue records support severe mortality without fixing a number","2","contested","not_assessed","","Datta; Company records","unverified","",""
"EV0017","Great Famine of 1876-78","British rule in India","core","TRUE","1876","1878","Madras and Deccan","India","","","","","region","victim_site","British administration","","","Rural population","colonial conquest","5500000","10300000","documented_estimate","","","","Maharatna and Davis give the range. The dispute is not the mortality but whether continued grain export makes it deliberate","2","contested","not_assessed","","Davis, Late Victorian Holocausts","unverified","","Export policy during famine is the disputed element"
"EV0018","Bengal famine of 1943","British rule in India","core","TRUE","1943","1944","Bengal","India / Bangladesh","","","","","region","victim_site","British war administration","","","Bengali rural poor","colonial conquest","2100000","3000000","documented_estimate","","","","","2","contested","not_assessed","","Famine Inquiry Commission 1945; Sen; Mukerjee","unverified","",""
"EV0019","Boer War concentration camps","Second Boer War","core","TRUE","1900","1902","Bloemfontein and 45 further camps","South Africa","","","","","multi_point","victim_site","British Army","","","Boer and African civilians","colonial conquest","","","not_quantified","","","","","1","confirmed","not_assessed","","Fawcett Commission 1901; Hobhouse report","unverified","","Named camp list exists; each camp is a pin"
"EV0020","Congo Free State rubber regime","Leopold II personal rule","core","TRUE","1885","1908","Equateur and Kasai","DR Congo","","","","","region","victim_site","Congo Free State / concession companies","","","Congolese population","colonial conquest","1000000","15000000","documented_estimate","","","","Hochschild's ten million follows Vansina's estimate of a halving of the population; Vellut and others argue for one to five million. No census existed. The Belgian Commission of Inquiry of 1905 confirmed the abuses without quantifying deaths. The range is the honest answer","1","contested","not_assessed","","Casement Report 1904; Commission of Inquiry 1905","unverified","","Toll estimates vary enormously; store the range"
"EV0021","Herero and Nama genocide","German South West Africa","core","TRUE","1904","1908","Waterberg; Shark Island, Luderitz","Namibia","","","","","multi_point","victim_site","German colonial army (von Trotha)","","","Herero and Nama","colonial conquest","34000","110000","documented_estimate","","","","Around 80 percent of the Herero and 50 percent of the Nama. Proportionally among the most complete exterminations in the file","1","confirmed","not_assessed","","Von Trotha extermination order; Blue Book 1918","unverified","","Germany formally recognised as genocide in 2021"
"EV0022","Maji Maji rebellion suppression","German East Africa","register","FALSE","1905","1907","Southern Tanzania","Tanzania","","","","","unmapped","victim_site","German colonial forces","","","Local populations","colonial conquest","","","not_quantified","","","","","2","confirmed","not_assessed","","Iliffe; German colonial records","unverified","","Deliberate famine used as a weapon"
"EV0023","Putumayo rubber atrocities","Amazon rubber boom","core","TRUE","1900","1912","La Chorrera, El Encanto","Colombia / Peru","","","","","multi_point","victim_site","Peruvian Amazon Company","","","Huitoto, Bora and other peoples","colonial conquest","","","not_quantified","","","","","1","confirmed","not_assessed","","Casement Putumayo Report 1912; UK Select Committee","unverified","","British parliamentary inquiry gives tier 1 record"
"EV0024","Cyrenaica concentration camps","Italian pacification of Libya","core","TRUE","1929","1934","El Agheila, Soluch, Marsa Brega","Libya","","","","","multi_point","victim_site","Italian colonial forces (Graziani)","","","Bedouin population","colonial conquest","","","not_quantified","","","","","2","confirmed","not_assessed","","Ahmida; Italian military archives","unverified","",""
"EV0025","Addis Ababa massacre (Yekatit 12)","Italian occupation of Ethiopia","core","TRUE","1937","1937","Addis Ababa","Ethiopia","9.025","38.7469","unverified_ai","settlement","point","victim_site","Italian occupation forces","","","Ethiopian civilians","colonial conquest","","","not_quantified","","","","","2","confirmed","not_assessed","","Campbell, The Addis Ababa Massacre","unverified","",""
"EV0026","Debre Libanos monastery massacre","Italian occupation of Ethiopia","core","TRUE","1937","1937","Debre Libanos","Ethiopia","9.7083","38.85","unverified_ai","site","point","victim_site","Italian occupation forces","","","Orthodox clergy","colonial conquest","","","not_quantified","","","","","2","confirmed","not_assessed","","Campbell","unverified","",""
"EV0027","Mau Mau detention camps","British emergency in Kenya","core","TRUE","1952","1960","Hola, Manyani, Langata and the Pipeline","Kenya","","","","","multi_point","victim_site","British colonial administration","","","Kikuyu detainees","colonial conquest","","","not_quantified","","","","","1","confirmed","not_assessed","","Mutua v FCO settlement 2013; Elkins; Anderson","unverified","","UK settlement and released Hanslope Park files"
"EV0028","Setif and Guelma massacre","French rule in Algeria","core","TRUE","1945","1945","Setif, Guelma","Algeria","","","","","multi_point","victim_site","French forces and settler militias","","","Algerian civilians","colonial conquest","","","not_quantified","","","","","2","confirmed","not_assessed","","Tubert report; Vetillard","unverified","",""
"EV0029","Algerian War torture and camps","French rule in Algeria","core","TRUE","1954","1962","Philippeville; regroupement camps","Algeria","","","","","multi_point","victim_site","French Army","","","Algerian civilians","colonial conquest","","","not_quantified","","","","","2","confirmed","not_assessed","","Branche; Macron 2018 acknowledgement","unverified","",""
"EV0030","Paris massacre of Algerians","French rule in Algeria","core","TRUE","1961","1961","Paris","France","48.8566","2.3522","unverified_ai","settlement","point","victim_site","Paris police (Papon)","","","Algerian demonstrators","colonial conquest","","","not_quantified","","","","","1","confirmed","not_assessed","","Mandelkern report 1998; Einaudi","unverified","",""
"EV0031","Madagascar uprising suppression","French colonial rule","core","TRUE","1947","1948","Moramanga and eastern Madagascar","Madagascar","","","","","region","victim_site","French forces","","","Malagasy population","colonial conquest","","","not_quantified","","","","","2","confirmed","not_assessed","","Cole; French military archives","unverified","",""
"EV0032","Portuguese forced labour regime","Portuguese African colonies","register","FALSE","1899","1961","Angola and Mozambique","Angola / Mozambique","","","","","unmapped","victim_site","Portuguese state and concessionaires","","","African labourers","colonial conquest","","","not_quantified","","","","","2","confirmed","not_assessed","","Ross report 1925; ILO 1962","unverified","",""
"EV0033","Rawagede massacre","Dutch police actions in Indonesia","core","TRUE","1947","1947","Rawagede (Balongsari)","Indonesia","-6.25","107.3","unverified_ai","settlement","point","victim_site","Dutch Army","","","Village men","colonial conquest","","","not_quantified","","","","","1","confirmed","not_assessed","","Hague District Court 2011 ruling","unverified","","Dutch court judgment gives tier 1 status"
"EV0034","South Sulawesi campaign","Dutch police actions in Indonesia","core","TRUE","1946","1947","South Sulawesi","Indonesia","","","","","region","victim_site","Dutch special forces (Westerling)","","","Local population","colonial conquest","","","not_quantified","","","","","1","confirmed","not_assessed","","Dutch court rulings; Limpach","unverified","",""
"EV0035","Boven-Digoel internment camp","Dutch East Indies","core","TRUE","1927","1943","Boven-Digoel, Papua","Indonesia","-6.0833","140.3","unverified_ai","approximate","point","victim_site","Netherlands Indies government","","","Political detainees","colonial conquest","","","not_quantified","","","","","2","confirmed","not_assessed","","Shiraishi; colonial archives","unverified","",""
"EV0036","Balangiga reprisals and Samar campaign","Philippine-American War","core","TRUE","1901","1902","Samar","Philippines","","","","","region","victim_site","US Army (Smith)","","","Samar population","colonial conquest","","","not_quantified","","","","","1","confirmed","not_assessed","","US court-martial of Gen. Jacob H. Smith 1902","unverified","","Court-martial record is tier 1"
"EV0037","Bud Dajo massacre","US rule in the Philippines","core","TRUE","1906","1906","Bud Dajo, Jolo","Philippines","6.0167","121.0167","unverified_ai","site","point","victim_site","US Army","","","Moro villagers","colonial conquest","","","not_quantified","","","","","2","confirmed","not_assessed","","US Army reports; Hurley","unverified","",""
"EV0038","Eight-Nation Alliance reprisals","Boxer Rebellion aftermath","core","TRUE","1900","1901","Beijing, Tianjin, Baoding","China","","","","","multi_point","victim_site","Allied expeditionary forces","","","Chinese civilians","colonial conquest","","","not_quantified","","","","","2","confirmed","not_assessed","","Hevia; Preston","unverified","",""
"EV0039","Circassian genocide","Russian conquest of the Caucasus","core","TRUE","1860","1867","Sochi; Black Sea ports","Russia","","","","","multi_point","victim_site","Russian Empire","","","Circassians","colonial conquest","400000","1500000","documented_estimate","","","","Deaths in the deportation and at the Black Sea embarkation points. Russian and Circassian sources differ sharply","2","contested","not_assessed","","Richmond; Russian military archives","unverified","","Deportation by sea with mass mortality"
"EV0040","Kanto earthquake massacre of Koreans","Japanese colonial period","core","TRUE","1923","1923","Tokyo and Kanagawa","Japan","","","","","multi_point","victim_site","Vigilante groups, police, army","","","Korean residents","colonial conquest","","","not_quantified","","","","","2","confirmed","not_assessed","","Ryang; contemporary police records","unverified","",""
"EV0041","Japanese colonial rule in Korea","Japanese empire","core","TRUE","1910","1945","Korean peninsula","South Korea / North Korea","","","","","region","victim_site","Empire of Japan","","","Korean population","colonial conquest","","","not_quantified","","","","","2","confirmed","not_assessed","","Various; see comfort women and forced labour rows","unverified","","Parent entry; child events carry the pins"
"EV0042","Transatlantic slave trade","Atlantic slavery system","core","TRUE","1501","1867","Atlantic basin","Multiple","","","","","network","victim_site","European and American traders and states","","","Enslaved Africans","slavery and forced labour","1800000","2400000","documented_estimate","12500000","","people embarked; 10.7 million survived to disembark","Middle Passage mortality only, derived from the gap between embarkation and disembarkation in SlaveVoyages. Deaths during capture and the march to the coast are widely thought to equal or exceed this and are not counted anywhere","1","confirmed","extensive","SlaveVoyages: 36,000+ voyages with ports and dates","SlaveVoyages.org (36,000+ voyages, ports and dates)","unverified","","Parent record; use SlaveVoyages for site-level pins"
"EV0043","Elmina Castle slave fort","Transatlantic slave trade","core","TRUE","1500","1814","Elmina","Ghana","5.0847","-1.3486","fixture_dev","site","point","victim_site","Portuguese then Dutch","","","Enslaved Africans","slavery and forced labour","","","not_quantified","","","","","1","confirmed","not_assessed","","SlaveVoyages; UNESCO dossier","unverified","",""
"EV0044","Cape Coast Castle","Transatlantic slave trade","core","TRUE","1664","1807","Cape Coast","Ghana","5.1053","-1.2466","unverified_ai","site","point","victim_site","English / British","","","Enslaved Africans","slavery and forced labour","","","not_quantified","","","","","1","confirmed","not_assessed","","SlaveVoyages; UNESCO dossier","unverified","",""
"EV0045","Goree Island departure point","Transatlantic slave trade","core","TRUE","1500","1848","Goree","Senegal","14.6669","-17.3981","unverified_ai","site","point","victim_site","Multiple European powers","","","Enslaved Africans","slavery and forced labour","","","not_quantified","","","","","2","contested","not_assessed","","UNESCO; scale of throughput disputed","unverified","","Symbolic importance exceeds documented volume; note this"
"EV0046","Bunce Island","Transatlantic slave trade","core","TRUE","1670","1808","Bunce Island","Sierra Leone","8.5667","-13.0333","unverified_ai","site","point","victim_site","British traders","","","Enslaved Africans","slavery and forced labour","","","not_quantified","","","","","1","confirmed","not_assessed","","SlaveVoyages","unverified","",""
"EV0047","Ouidah embarkation point","Transatlantic slave trade","core","TRUE","1671","1863","Ouidah","Benin","6.3667","2.0833","unverified_ai","settlement","point","victim_site","Dahomey and European traders","","","Enslaved Africans","slavery and forced labour","","","not_quantified","","","","","1","confirmed","not_assessed","","SlaveVoyages","unverified","",""
"EV0048","Luanda embarkation point","Transatlantic slave trade","core","TRUE","1575","1850","Luanda","Angola","-8.839","13.2894","unverified_ai","settlement","point","victim_site","Portuguese traders","","","Enslaved Africans","slavery and forced labour","","","not_quantified","","","","","1","confirmed","not_assessed","","SlaveVoyages","unverified","","Largest single departure region"
"EV0049","Valongo Wharf arrival point","Transatlantic slave trade","core","TRUE","1811","1843","Rio de Janeiro","Brazil","-22.8967","-43.1869","unverified_ai","site","point","victim_site","Brazilian and Portuguese traders","","","Enslaved Africans","slavery and forced labour","","","not_quantified","","","","","1","confirmed","not_assessed","","SlaveVoyages; UNESCO World Heritage","unverified","",""
"EV0050","Sullivan's Island arrival point","Transatlantic slave trade","core","TRUE","1707","1808","Sullivan's Island, Charleston","United States","32.7618","-79.8376","unverified_ai","site","point","victim_site","British and American traders","","","Enslaved Africans","slavery and forced labour","","","not_quantified","","","","","1","confirmed","not_assessed","","SlaveVoyages","unverified","",""
"EV0051","Indian Ocean and Arab slave trade","Indian Ocean slavery system","core","TRUE","1500","1900","Zanzibar, Kilwa, Gulf ports","Tanzania / Oman / others","","","","","network","victim_site","Omani, Swahili and European traders","","","Enslaved East Africans","slavery and forced labour","","","not_quantified","4000000","","people enslaved across the period, Lovejoy's estimate","Mortality was never recorded. Enslavement counts are the only defensible figure","2","confirmed","not_assessed","","Sheriff; Lovejoy","unverified","","Poorer quantitative record than the Atlantic trade"
"EV0052","Trans-Saharan slave trade","Saharan slavery system","register","FALSE","1500","1900","Trans-Saharan routes","Multiple","","","","","unmapped","victim_site","North African and Sahelian traders","","","Enslaved Africans","slavery and forced labour","","","not_quantified","5500000","","people trafficked across the Sahara, 1500 to 1900, Austen's estimate","Desert crossing mortality is thought to have been very high and was never recorded","2","confirmed","not_assessed","","Lovejoy, Transformations in Slavery","unverified","",""
"EV0053","Caribbean plantation slavery","Atlantic slavery system","core","TRUE","1500","1886","Barbados, Jamaica, Saint-Domingue, Cuba","Multiple","","","","","region","victim_site","Planters under European law","","","Enslaved Africans","slavery and forced labour","","","not_quantified","","","","","1","confirmed","not_assessed","","Legacies of British Slave-ownership database, UCL","unverified","","UCL database gives named estates and owners"
"EV0054","Rochambeau reprisals","Haitian Revolution","core","TRUE","1802","1803","Cap-Francais (Cap-Haitien)","Haiti","19.758","-72.201","unverified_ai","settlement","point","victim_site","French expeditionary force","","","Haitian population","slavery and forced labour","","","not_quantified","","","","","2","confirmed","not_assessed","","Girard; French archives","unverified","","Included mass drownings and use of dogs"
"EV0055","Convict leasing","Post-emancipation US South","core","TRUE","1865","1928","Alabama, Georgia, Mississippi mines and camps","United States","","","","","multi_point","victim_site","State governments and lessee companies","","","Black prisoners","slavery and forced labour","","","not_quantified","","","","","1","confirmed","not_assessed","","Blackmon, Slavery by Another Name; state records","unverified","",""
"EV0056","Peonage in the US South","Post-emancipation US South","register","FALSE","1865","1945","Rural South","United States","","","","","unmapped","victim_site","Landowners with state acquiescence","","","Black labourers","slavery and forced labour","","","not_quantified","","","","","1","confirmed","not_assessed","","DOJ Circular 3591; federal prosecutions","unverified","",""
"EV0057","Belomorkanal forced labour","Soviet Gulag","core","TRUE","1931","1933","White Sea-Baltic Canal","Russia","","","","","route","victim_site","OGPU","","","Prisoners","slavery and forced labour","","","not_quantified","","","","","2","confirmed","not_assessed","","Memorial; Applebaum","unverified","",""
"EV0058","Burma-Siam Railway","Japanese wartime forced labour","core","TRUE","1942","1943","Thanbyuzayat to Ban Pong","Myanmar / Thailand","","","","","route","victim_site","Imperial Japanese Army","","","Allied POWs and romusha","slavery and forced labour","","","not_quantified","","","","","1","confirmed","not_assessed","","IMTFE record; CWGC registers","unverified","","Asian labourer deaths far exceed POW deaths and are less documented"
"EV0059","Romusha forced labour mobilisation","Japanese occupation of the Indies","register","FALSE","1942","1945","Java and outer islands","Indonesia","","","","","unmapped","victim_site","Imperial Japanese Army","","","Javanese labourers","slavery and forced labour","","","not_quantified","","","","","2","confirmed","not_assessed","","Sato; Kratoska","unverified","",""
"EV0060","Kafala system deaths","Gulf migrant labour","register","FALSE","1970","2025","Gulf states","Multiple","","","","","unmapped","victim_site","Employers and states","","","Migrant workers","slavery and forced labour","","","not_quantified","","","","","3","contested","not_assessed","","ILO; Amnesty; Guardian investigations","unverified","","Mortality attribution heavily disputed; keep as tier 3"
"EV0061","Qatar World Cup construction deaths","Gulf migrant labour","register","FALSE","2010","2022","Doha","Qatar","","","","","unmapped","victim_site","Contractors and state","","","South Asian migrant workers","slavery and forced labour","","","not_quantified","","","","","3","contested","not_assessed","","ILO 2021; Guardian; contested counts","unverified","","Do not use the widely circulated 6,500 figure without qualification"
"EV0062","Cobalt mining child labour","DRC artisanal mining","core","TRUE","2000","2025","Kolwezi and Lualaba","DR Congo","","","","","region","victim_site","Artisanal buyers and supply chains","","","Child and adult miners","slavery and forced labour","","","not_quantified","","","","","2","contested","not_assessed","","Amnesty 2016; Doe v Cardinal Health litigation","unverified","",""
"EV0063","Mystic massacre","Pequot War","core","TRUE","1637","1637","Mystic, Connecticut","United States","41.3543","-71.9665","unverified_ai","settlement","point","victim_site","Connecticut colonists and allies","","","Pequot","indigenous dispossession","400","700","documented_estimate","","","","","2","confirmed","not_assessed","","Underhill and Mason accounts; Cave","unverified","",""
"EV0064","King Philip's War reprisals","New England colonial war","core","TRUE","1675","1676","Southern New England","United States","","","","","region","victim_site","New England colonies","","","Wampanoag, Narragansett and others","indigenous dispossession","","","not_quantified","","","","","2","confirmed","not_assessed","","Lepore, The Name of War","unverified","","Includes enslavement and sale of captives"
"EV0065","Fort Pitt smallpox blankets","Pontiac's War","core","TRUE","1763","1763","Fort Pitt, Pennsylvania","United States","40.441","-80.009","unverified_ai","site","point","victim_site","British officers","","","Delaware delegates","indigenous dispossession","","","not_quantified","","","","","1","confirmed","not_assessed","","Amherst-Bouquet correspondence; Fort Pitt journal","unverified","","Intent is documented; epidemiological effect is not"
"EV0066","Trail of Tears and Indian Removal","US Indian Removal policy","core","TRUE","1830","1850","Southeast to Indian Territory","United States","","","","","route","victim_site","US federal government","","","Cherokee, Choctaw, Creek, Chickasaw, Seminole","indigenous dispossession","","","not_quantified","","","","","1","confirmed","not_assessed","","Indian Removal Act 1830; US Army records","unverified","","Route geometry, not a point"
"EV0067","California genocide","US and California state policy","core","TRUE","1846","1873","Northern and Central California","United States","","","","","region","victim_site","State militias with public bounties","","","California Indian peoples","indigenous dispossession","9400","16000","documented_estimate","","","","","1","confirmed","not_assessed","","California state appropriations records; Madley, An American Genocide","unverified","","State paid bounties; unusually strong documentary trail"
"EV0068","Bear River massacre","US Indian Wars","core","TRUE","1863","1863","Preston, Idaho","United States","42.1","-111.9167","unverified_ai","approximate","point","victim_site","US Army (Connor)","","","Northwestern Shoshone","indigenous dispossession","250","500","documented_estimate","","","","","2","confirmed","not_assessed","","Madsen; NPS designation","unverified","",""
"EV0069","Sand Creek massacre","US Indian Wars","core","TRUE","1864","1864","Kiowa County, Colorado","United States","38.5478","-102.5070","fixture_dev","site","point","victim_site","Colorado Territory militia (Chivington)","","","Cheyenne and Arapaho","indigenous dispossession","150","230","documented_estimate","","","","","1","confirmed","not_assessed","","Congressional Joint Committee 1865; NPS site","unverified","",""
"EV0070","Long Walk of the Navajo","US Indian Wars","core","TRUE","1864","1866","Canyon de Chelly to Bosque Redondo","United States","","","","","route","victim_site","US Army (Carleton)","","","Navajo","indigenous dispossession","","","not_quantified","","","","","1","confirmed","not_assessed","","US Army records; NPS","unverified","",""
"EV0071","Marias massacre","US Indian Wars","core","TRUE","1870","1870","Marias River, Montana","United States","48.5167","-111.7","unverified_ai","approximate","point","victim_site","US Army (Baker)","","","Piegan Blackfeet","indigenous dispossession","170","220","documented_estimate","","","","","2","confirmed","not_assessed","","Army reports; Wylie","unverified","",""
"EV0072","Wounded Knee massacre","US Indian Wars","core","TRUE","1890","1890","Wounded Knee Creek, South Dakota","United States","43.1400","-102.3650","fixture_dev","site","point","victim_site","US 7th Cavalry","","","Lakota","indigenous dispossession","250","300","documented_estimate","","","","","1","confirmed","not_assessed","","Army investigation; NPS","unverified","",""
"EV0073","US Indian boarding schools","Assimilation policy","core","TRUE","1860","1978","Carlisle and 400+ further schools","United States","","","","","multi_point","victim_site","US federal government and churches","","","Native American children","indigenous dispossession","973","3104","documented_estimate","","","","","1","confirmed","partial","Interior Dept named 400+ schools; burial site work incomplete","US Interior Dept Federal Boarding School Initiative 2022-24","unverified","","Federal investigation lists named schools and burial sites"
"EV0074","Canadian Indian residential schools","Assimilation policy","core","TRUE","1831","1996","Kamloops, Marieval and 139 further schools","Canada","","","","","multi_point","victim_site","Canadian government and churches","","","First Nations, Metis and Inuit children","indigenous dispossession","3200","6000","documented_estimate","","","","","1","confirmed","partial","139 schools named by the TRC; grave searches ongoing and mostly unexcavated","Truth and Reconciliation Commission of Canada 2015","source_checked","GPR anomalies, not recovered remains; no excavation as of 2026","TRC is tier 1; unmarked grave searches ongoing"
"EV0075","Australian frontier massacres","Colonisation of Australia","core","TRUE","1788","1930","416 recorded sites nationwide","Australia","","","","","multi_point","victim_site","Settlers, native police, colonial forces","","","Aboriginal peoples","indigenous dispossession","10000","","documented_estimate","","","","","1","confirmed","extensive","Univ. of Newcastle: 416 massacres with corroborating sources","Colonial Frontier Massacres in Australia, Univ. of Newcastle","source_checked","Newcastle 416 massacres confirmed","416 massacres mapped with corroborating sources; import directly"
"EV0076","Myall Creek massacre","Australian frontier massacres","core","TRUE","1838","1838","Myall Creek, New South Wales","Australia","-29.7500","150.7500","fixture_dev","site","point","victim_site","Settler stockmen","","","Wirrayaraay","indigenous dispossession","28","30","documented_estimate","","","","","1","confirmed","not_assessed","","Criminal trial and executions 1838","unverified","","Perpetrators convicted and hanged; tier 1"
"EV0077","Coniston massacre","Australian frontier massacres","core","TRUE","1928","1928","Coniston, Northern Territory","Australia","-22.1167","132.5333","unverified_ai","approximate","point","victim_site","Police party","","","Warlpiri, Anmatyerre, Kaytetye","indigenous dispossession","31","200","documented_estimate","","","","","1","confirmed","not_assessed","","Board of Inquiry 1929","unverified","","Last recorded frontier massacre"
"EV0078","Black War and Wybalenna","Colonisation of Tasmania","core","TRUE","1824","1847","Tasmania; Wybalenna, Flinders Island","Australia","","","","","region","victim_site","Van Diemen's Land government and settlers","","","Tasmanian Aboriginal people","indigenous dispossession","","","not_quantified","","","","","2","confirmed","not_assessed","","Ryan, Tasmanian Aborigines","unverified","",""
"EV0079","Stolen Generations","Australian assimilation policy","core","TRUE","1910","1970","Nationwide","Australia","","","","","region","victim_site","Australian federal and state governments","","","Aboriginal and Torres Strait Islander children","indigenous dispossession","","","not_quantified","","","","","1","confirmed","not_assessed","","Bringing Them Home report 1997","unverified","",""
"EV0080","Figueiredo Report atrocities","Brazilian Indian Protection Service","core","TRUE","1940","1968","Amazonia and Mato Grosso","Brazil","","","","","region","victim_site","SPI officials and land interests","","","Indigenous peoples","indigenous dispossession","","","not_quantified","","","","","1","confirmed","not_assessed","","Figueiredo Report 1967; National Truth Commission 2014","unverified","","Includes deliberate introduction of disease"
"EV0081","Ache persecution","Paraguay under Stroessner","register","FALSE","1954","1989","Eastern Paraguay","Paraguay","","","","","unmapped","victim_site","State-tolerated hunters and settlers","","","Ache","indigenous dispossession","","","not_quantified","","","","","2","contested","not_assessed","","Munzel; IACHR petitions","unverified","",""
"EV0082","Batak massacre","Ottoman suppression of Bulgarian uprising","core","TRUE","1876","1876","Batak","Bulgaria","41.9425","24.2208","unverified_ai","settlement","point","victim_site","Ottoman irregulars","","","Bulgarian villagers","genocide","","","not_quantified","","","","","2","confirmed","not_assessed","","Schuyler and MacGahan reports 1876","unverified","",""
"EV0083","Hamidian massacres","Late Ottoman persecution","core","TRUE","1894","1896","Sasun, Diyarbakir, Urfa and across Anatolia","Turkey","","","","","multi_point","victim_site","Ottoman state and Hamidiye regiments","","","Armenians","genocide","80000","300000","documented_estimate","","","","","2","confirmed","not_assessed","","Consular reports; Bloxham","unverified","",""
"EV0084","Adana massacre","Late Ottoman persecution","core","TRUE","1909","1909","Adana","Turkey","37.0","35.3213","unverified_ai","settlement","point","victim_site","Local forces and mobs","","","Armenians","genocide","15000","25000","documented_estimate","","","","","2","confirmed","not_assessed","","Ottoman courts-martial; contemporary consular reports","unverified","",""
"EV0085","Armenian genocide","Late Ottoman genocides","core","TRUE","1915","1923","Anatolia; Deir ez-Zor; Ras al-Ayn","Turkey / Syria","","","","","network","victim_site","Committee of Union and Progress","","","Armenians","genocide","600000","1500000","documented_estimate","","","","","1","confirmed","not_assessed","","Ottoman courts-martial 1919-20; Ottoman archives; Akcam","unverified","","Deportation routes are the correct geometry, not points"
"EV0086","Assyrian genocide (Seyfo)","Late Ottoman genocides","core","TRUE","1914","1924","Hakkari, Tur Abdin, Urmia","Turkey / Iran / Iraq","","","","","region","victim_site","Ottoman forces and Kurdish irregulars","","","Assyrians, Chaldeans, Syriacs","genocide","250000","300000","documented_estimate","","","","","2","confirmed","not_assessed","","Gaunt, Massacres, Resistance, Protectors","unverified","",""
"EV0087","Greek genocide and Pontic deportations","Late Ottoman genocides","core","TRUE","1914","1922","Pontus; Smyrna","Turkey","","","","","region","victim_site","Ottoman and Kemalist forces","","","Ottoman Greeks","genocide","","","not_quantified","","","","","2","confirmed","not_assessed","","Morgenthau; Shirinian","unverified","",""
"EV0088","Burning of Smyrna","Greco-Turkish War","core","TRUE","1922","1922","Izmir","Turkey","38.4192","27.1287","unverified_ai","settlement","point","victim_site","Turkish forces","","","Greek and Armenian quarters","genocide","","","not_quantified","","","","","2","contested","not_assessed","","Consular and naval eyewitness accounts","unverified","",""
"EV0089","Dersim massacre","Turkish state consolidation","core","TRUE","1937","1938","Tunceli (Dersim)","Turkey","","","","","region","victim_site","Turkish military","","","Alevi Kurds","genocide","13000","40000","documented_estimate","","","","","2","confirmed","not_assessed","","Turkish parliamentary acknowledgement 2011; Bruinessen","unverified","",""
"EV0090","Kurdish village destruction","Turkey-PKK conflict","core","TRUE","1984","1999","Southeast Anatolia","Turkey","","","","","region","victim_site","Turkish security forces","","","Kurdish villagers","genocide","","","not_quantified","","","","","1","confirmed","not_assessed","","ECtHR judgments (Akdivar and others)","unverified","","European Court judgments give tier 1"
"EV0091","Kishinev pogrom","Imperial Russian pogroms","core","TRUE","1903","1903","Chisinau","Moldova","47.0105","28.8638","unverified_ai","settlement","point","victim_site","Local mobs with official acquiescence","","","Jews","state terror","49","49","documented_estimate","","","","","2","confirmed","not_assessed","","Contemporary press and inquiry; Zipperstein","unverified","",""
"EV0092","Odessa pogrom","Imperial Russian pogroms","core","TRUE","1905","1905","Odesa","Ukraine","46.4825","30.7233","unverified_ai","settlement","point","victim_site","Mobs and Black Hundreds","","","Jews","state terror","400","2500","documented_estimate","","","","","2","confirmed","not_assessed","","Weinberg","unverified","",""
"EV0093","Ukrainian pogroms of the civil war","Russian Civil War","core","TRUE","1918","1921","Podolia, Volhynia, Kyiv region","Ukraine","","","","","region","victim_site","Various armies and bands","","","Jews","state terror","50000","200000","documented_estimate","","","","","2","confirmed","not_assessed","","Nakhmanovich; Veidlinger, In the Midst of Civilized Europe","unverified","",""
"EV0094","Red Terror","Bolshevik consolidation","core","TRUE","1918","1922","Petrograd, Moscow, Crimea","Russia / Ukraine","","","","","region","victim_site","Cheka","","","Class and political enemies","state terror","","","not_quantified","","","","","2","confirmed","not_assessed","","Memorial; Melgunov","unverified","",""
"EV0095","Decossackization","Bolshevik consolidation","core","TRUE","1919","1920","Don and Kuban","Russia","","","","","region","victim_site","Bolshevik authorities","","","Don and Kuban Cossacks","state terror","","","not_quantified","","","","","2","confirmed","not_assessed","","Holquist","unverified","",""
"EV0096","Solovki special camp","Soviet Gulag","core","TRUE","1923","1939","Solovetsky Islands","Russia","65.0244","35.71","unverified_ai","site","point","victim_site","OGPU/NKVD","","","Prisoners","state terror","","","not_quantified","","","","","1","confirmed","not_assessed","","Memorial archive; Applebaum","unverified","","Prototype of the camp system"
"EV0097","Dekulakization and special settlements","Soviet collectivisation","core","TRUE","1930","1933","Siberia, Urals, Kazakhstan","Russia / Kazakhstan","","","","","region","victim_site","OGPU","","","Peasants labelled kulaks","state terror","","","not_quantified","","","","","1","confirmed","not_assessed","","Viola, The Unknown Gulag; Soviet archives","unverified","","Nazino Island is a documented extreme case"
"EV0098","Holodomor","Soviet collectivisation famines","core","TRUE","1932","1933","Ukrainian SSR; Kuban","Ukraine / Russia","","","","","region","victim_site","Soviet state","","","Ukrainian peasantry","state terror","3500000","5000000","documented_estimate","","","","Ukrainian demographic reconstruction. All-union excess deaths for the 1932-33 famines, including Kazakhstan and the Volga, run to 5.7 to 8.7 million","1","confirmed","extensive","National Book of Memory: 805,743 named victims by settlement, 19 volumes","National Book of Memory (805,743 named victims, 19 vols); Ukrainian MVS archival map","source_checked","National Book of Memory 805,743 names confirmed","Village-level pins are available; genocide designation recognised by many states"
"EV0099","Kazakh famine (Asharshylyk)","Soviet collectivisation famines","core","TRUE","1930","1933","Kazakh SSR","Kazakhstan","","","","","region","victim_site","Soviet state","","","Kazakh nomads","state terror","1500000","2300000","documented_estimate","","","","","2","confirmed","not_assessed","","Cameron, The Hungry Steppe; Kindler","unverified","","Proportionally the deadliest of the Soviet famines"
"EV0100","Great Terror (Yezhovshchina)","Soviet mass operations","core","TRUE","1937","1938","Union-wide","Former USSR","","","","","network","victim_site","NKVD","","","Alleged enemies of the people","state terror","681692","","counted","1575000","","people arrested in the mass operations","The NKVD's own execution tally for 1937 and 1938. A floor, not an estimate","1","confirmed","extensive","Memorial lists.memo.ru; NKVD's own execution statistics","NKVD Order 00447; Memorial lists.memo.ru","unverified","","Execution figure is from NKVD's own statistics"
"EV0101","Butovo firing range","Great Terror","core","TRUE","1937","1938","Butovo, Moscow","Russia","55.5350","37.5900","fixture_dev","site","point","victim_site","NKVD","","","Executed prisoners","state terror","20762","","documented_estimate","","","","","1","confirmed","not_assessed","","NKVD execution lists; Memorial","unverified","",""
"EV0102","Sandarmokh","Great Terror","core","TRUE","1937","1938","Medvezhyegorsk, Karelia","Russia","62.9400","34.6000","fixture_dev","site","point","victim_site","NKVD","","","Executed prisoners, incl. Solovki transport","state terror","6241","","documented_estimate","","","","","1","confirmed","not_assessed","","Memorial; Dmitriev excavations","unverified","",""
"EV0103","Kurapaty","Great Terror","core","TRUE","1937","1941","Minsk","Belarus","53.9006","27.559","unverified_ai","settlement","point","victim_site","NKVD","","","Executed prisoners","state terror","","","not_quantified","","","","","2","contested","not_assessed","","Bykau; 1988 excavations","unverified","","Toll disputed; Belarusian state contests the site's history"
"EV0104","Bykivnia","Great Terror","core","TRUE","1937","1941","Kyiv","Ukraine","50.4501","30.5234","unverified_ai","settlement","point","victim_site","NKVD","","","Executed prisoners","state terror","","","not_quantified","","","","","2","confirmed","not_assessed","","Ukrainian state memorial; excavations","unverified","",""
"EV0105","NKVD Polish Operation","Soviet national operations","core","TRUE","1937","1938","Union-wide, concentrated in Ukraine and Belarus","Former USSR","","","","","region","victim_site","NKVD","","","Soviet Poles","state terror","111091","","documented_estimate","","","","","1","confirmed","not_assessed","","NKVD Order 00485; Memorial","unverified","",""
"EV0106","Katyn massacre","Soviet executions of Polish elites","core","TRUE","1940","1940","Katyn, Mednoye, Kharkiv, Bykivnia","Russia / Ukraine","54.7736","31.7889","fixture_dev","site","multi_point","victim_site","NKVD","","","Polish officers and officials","state terror","21857","","documented_estimate","","","","","1","confirmed","not_assessed","","Politburo decision 5 March 1940; Russian acknowledgement 1990","unverified","","Four separate burial sites"
"EV0107","Gulag camp system","Soviet forced labour","core","TRUE","1930","1960","Kolyma, Vorkuta, Norilsk, Karlag and 400+ complexes","Former USSR","","","","","network","victim_site","GULAG administration","","","Prisoners","state terror","1600000","","counted","18000000","","people who passed through the camp system","The recorded figure comes from the Gulag administration's own mortality registers and is a floor. It excludes special settlements, deaths in transit, and prisoners released to die","1","confirmed","extensive","Memorial and gulag.online: 400+ complexes, thousands of subcamps","Memorial; gulag.online; Soviet archival statistics","unverified","","Site-level data already mapped; import rather than rebuild"
"EV0108","Volga German deportation","Soviet nationality deportations","core","TRUE","1941","1941","Volga German ASSR to Siberia and Kazakhstan","Russia / Kazakhstan","","","","","route","victim_site","NKVD","","","Volga Germans","state terror","","","not_quantified","","","","","1","confirmed","not_assessed","","Decree 28 Aug 1941; Soviet archives","unverified","",""
"EV0109","Chechen and Ingush deportation (Operation Lentil)","Soviet nationality deportations","core","TRUE","1944","1944","Chechnya and Ingushetia to Central Asia; Khaibakh","Russia / Kazakhstan","","","","","route","victim_site","NKVD","","","Chechens and Ingush","state terror","","","not_quantified","","","","","1","confirmed","not_assessed","","NKVD operational records; Pohl","unverified","","Khaibakh burning is a specific pinnable atrocity"
"EV0110","Crimean Tatar deportation (Surgun)","Soviet nationality deportations","core","TRUE","1944","1944","Crimea to Uzbekistan","Ukraine / Uzbekistan","","","","","route","victim_site","NKVD","","","Crimean Tatars","state terror","","","not_quantified","","","","","1","confirmed","not_assessed","","GKO decree 11 May 1944; Ukrainian Rada genocide recognition 2015","unverified","",""
"EV0111","Baltic deportations","Soviet nationality deportations","core","TRUE","1941","1949","Estonia, Latvia, Lithuania to Siberia","Baltic states / Russia","","","","","route","victim_site","NKVD/MGB","","","Baltic populations","state terror","","","not_quantified","","","","","1","confirmed","not_assessed","","Operation Priboi records; national archives","unverified","",""
"EV0112","Punitive psychiatry","Soviet political repression","core","TRUE","1960","1988","Serbsky Institute; special psychiatric hospitals","Former USSR","","","","","multi_point","victim_site","KGB and Ministry of Health","","","Dissidents","state terror","","","not_quantified","","","","","2","confirmed","not_assessed","","Bloch & Reddaway; WPA 1983 withdrawal","unverified","",""
"EV0113","Samashki massacre","First Chechen War","core","TRUE","1995","1995","Samashki","Russia","43.25","45.3","unverified_ai","settlement","point","victim_site","Russian Interior Ministry forces","","","Civilians","state terror","100","300","documented_estimate","","","","","2","confirmed","not_assessed","","Memorial Human Rights Centre","unverified","",""
"EV0114","Second Chechen War filtration and disappearances","Chechen wars","core","TRUE","1999","2009","Chechnya","Russia","","","","","region","victim_site","Russian federal forces","","","Chechen civilians","state terror","","","not_quantified","","","","","1","confirmed","not_assessed","","ECtHR judgments; Memorial","unverified","",""
"EV0115","Kristallnacht","Nazi persecution of Jews","core","TRUE","1938","1938","Germany and Austria, 1,400+ synagogues","Germany / Austria","","","","","multi_point","victim_site","SA, SS and party members","","","Jews","genocide","","","not_quantified","","","","","1","confirmed","not_assessed","","Heydrich telex; Nazi party records","unverified","","Synagogue locations give a dense pin layer"
"EV0116","Aktion T4","Nazi murder of disabled people","core","TRUE","1939","1941","Grafeneck, Brandenburg, Hartheim, Sonnenstein, Bernburg, Hadamar","Germany / Austria","48.2350","14.0500","fixture_dev","site","multi_point","victim_site","Nazi regime (Kanzlei des Fuhrers)","","","Disabled people and psychiatric patients","genocide","70273","","documented_estimate","","","","","1","confirmed","not_assessed","","Hartheim statistics document; Nuremberg Doctors Trial","unverified","","Six named killing centres plus feeder institutions"
"EV0117","Children's euthanasia and wild euthanasia","Nazi murder of disabled people","core","TRUE","1939","1945","Am Spiegelgrund and 30+ paediatric wards","Germany / Austria","","","","","multi_point","victim_site","Nazi regime and medical staff","","","Disabled children","genocide","","","not_quantified","","","","","1","confirmed","not_assessed","","Nuremberg Doctors Trial; Austrian inquiries","unverified","",""
"EV0118","Warsaw Ghetto","Nazi ghettos","core","TRUE","1940","1943","Warsaw","Poland","52.2450","20.9930","fixture_dev","site","point","victim_site","Nazi occupation","","","Jews","genocide","92000","","documented_estimate","","","","","1","confirmed","not_assessed","","Ringelblum Archive; USHMM Encyclopedia","unverified","","Deaths from starvation before deportation"
"EV0119","Lodz Ghetto","Nazi ghettos","core","TRUE","1940","1944","Lodz","Poland","51.7592","19.456","unverified_ai","settlement","point","victim_site","Nazi occupation","","","Jews and Roma","genocide","","","not_quantified","","","","","1","confirmed","not_assessed","","USHMM Encyclopedia of Camps and Ghettos","unverified","",""
"EV0120","Nazi ghetto system","Nazi ghettos","core","TRUE","1939","1945","1,150+ ghettos across occupied Europe","Multiple","","","","","multi_point","victim_site","Nazi occupation","","","Jews","genocide","","","not_quantified","","","","","1","confirmed","near_complete","USHMM Encyclopedia vol. II: 1,150+ ghettos","USHMM Encyclopedia vol. II","unverified","","Vol. II covers the full ghetto list"
"EV0121","Babi Yar massacre","Einsatzgruppen shootings","core","TRUE","1941","1941","Kyiv","Ukraine","50.4718","30.4494","fixture_dev","site","point","victim_site","Einsatzgruppe C and police","","","Jews of Kyiv","genocide","33771","","documented_estimate","","","","","1","confirmed","not_assessed","","Einsatzgruppen report 101; Nuremberg evidence","unverified","","Perpetrator's own report gives the figure"
"EV0122","Rumbula massacre","Einsatzgruppen shootings","core","TRUE","1941","1941","Rumbula, Riga","Latvia","56.9","24.2333","unverified_ai","site","point","victim_site","Einsatzgruppe A and Latvian auxiliaries","","","Jews of Riga","genocide","25000","","documented_estimate","","","","","1","confirmed","not_assessed","","Jeckeln testimony; Riga trial records","unverified","",""
"EV0123","Ponary (Paneriai) killings","Einsatzgruppen shootings","core","TRUE","1941","1944","Paneriai, Vilnius","Lithuania","54.6333","25.1833","unverified_ai","site","point","victim_site","Einsatzkommando and Ypatingasis burys","","","Jews and Poles","genocide","70000","100000","documented_estimate","","","","","1","confirmed","not_assessed","","Sakowicz diary; Soviet and Lithuanian inquiries","unverified","",""
"EV0124","Fort IX killings","Einsatzgruppen shootings","core","TRUE","1941","1944","Kaunas","Lithuania","54.9167","23.8667","unverified_ai","site","point","victim_site","Einsatzkommando 3","","","Jews","genocide","","","not_quantified","","","","","1","confirmed","not_assessed","","Jager Report 1941","unverified","","Jager Report is a perpetrator ledger by date and place"
"EV0125","Kamianets-Podilskyi massacre","Einsatzgruppen shootings","core","TRUE","1941","1941","Kamianets-Podilskyi","Ukraine","48.6845","26.5858","unverified_ai","settlement","point","victim_site","Einsatzgruppen and Order Police","","","Hungarian and local Jews","genocide","23600","","documented_estimate","","","","","1","confirmed","not_assessed","","Jeckeln report","unverified","",""
"EV0126","Holocaust by bullets","Einsatzgruppen shootings","core","TRUE","1941","1944","2,000+ execution sites in the occupied east","Multiple","","","","","multi_point","victim_site","Einsatzgruppen, Order Police, auxiliaries","","","Jews and Roma","genocide","1500000","2000000","documented_estimate","","","","","1","confirmed","partial","Yahad-In Unum has geolocated 2,000+ of an unknown larger total","Yahad-In Unum site database; Desbois","unverified","","Yahad-In Unum has geolocated sites with witness testimony"
"EV0127","Chelmno extermination camp","Operation Reinhard and extermination camps","core","TRUE","1941","1945","Chelmno nad Nerem","Poland","52.1533","18.7228","fixture_dev","site","point","victim_site","SS","","","Jews and Roma","genocide","152000","","documented_estimate","","","","","1","confirmed","not_assessed","","Bonn and Lodz trial records; USHMM","unverified","","First camp to use gas vans systematically"
"EV0128","Belzec extermination camp","Operation Reinhard and extermination camps","core","TRUE","1942","1943","Belzec","Poland","50.3800","23.4500","fixture_dev","site","point","victim_site","SS","","","Jews","genocide","434508","","documented_estimate","","","","","1","confirmed","not_assessed","","Hofle Telegram 1943; USHMM","unverified","","Hofle Telegram gives contemporaneous perpetrator figures"
"EV0129","Sobibor extermination camp","Operation Reinhard and extermination camps","core","TRUE","1942","1943","Sobibor","Poland","51.4472","23.5947","fixture_dev","site","point","victim_site","SS","","","Jews","genocide","170000","250000","documented_estimate","","","","","1","confirmed","not_assessed","","Hofle Telegram; Hagen trial records","unverified","",""
"EV0130","Treblinka extermination camp","Operation Reinhard and extermination camps","core","TRUE","1942","1943","Treblinka","Poland","52.6317","22.0517","fixture_dev","site","point","victim_site","SS","","","Jews","genocide","780863","925000","documented_estimate","","","","","1","confirmed","not_assessed","","Hofle Telegram; Dusseldorf trial records","unverified","",""
"EV0131","Auschwitz-Birkenau","Nazi concentration and extermination camps","core","TRUE","1940","1945","Oswiecim","Poland","50.0343","19.1780","fixture_dev","site","point","victim_site","SS","","","Jews, Roma, Poles, Soviet POWs","genocide","1100000","","documented_estimate","","","","","1","confirmed","not_assessed","","Piper, Auschwitz-Birkenau State Museum; Frankfurt trial","unverified","",""
"EV0132","Majdanek","Nazi concentration and extermination camps","core","TRUE","1941","1944","Lublin","Poland","51.2200","22.6000","fixture_dev","site","point","victim_site","SS","","","Jews, Poles, Soviet POWs","genocide","78000","","documented_estimate","","","","","1","confirmed","not_assessed","","Majdanek State Museum; Dusseldorf trial","unverified","",""
"EV0133","Nazi camp system","Nazi concentration and extermination camps","core","TRUE","1933","1945","44,000+ incarceration sites","Multiple","","","","","network","victim_site","Nazi regime","","","Jews, Roma, political prisoners, POWs, disabled, gay men and others","genocide","11000000","17000000","documented_estimate","","","","Around six million Jews, plus Roma, Soviet prisoners of war, Poles, disabled people, political prisoners and others. The upper figure follows USHMM's count of civilians and prisoners of war killed by the regime and its collaborators","1","confirmed","near_complete","USHMM Encyclopedia of Camps and Ghettos: 44,000+ sites across 7 volumes","USHMM Encyclopedia of Camps and Ghettos (7 vols, 44,000+ sites)","source_checked","USHMM Encyclopedia 44,000+ sites confirmed","Parent record; will dominate pin density, see completeness field"
"EV0134","Mauthausen and the Wiener Graben quarry","Nazi concentration camps","core","TRUE","1938","1945","Mauthausen","Austria","48.2589","14.5019","unverified_ai","site","point","victim_site","SS","","","Prisoners classified irredeemable","genocide","90000","","documented_estimate","","","","","1","confirmed","not_assessed","","USHMM; Mauthausen Memorial","unverified","",""
"EV0135","Ravensbruck","Nazi concentration camps","core","TRUE","1939","1945","Ravensbruck","Germany","53.19","13.17","unverified_ai","site","point","victim_site","SS","","","Women prisoners","genocide","","","not_quantified","","","","","1","confirmed","not_assessed","","Hamburg Ravensbruck trials; USHMM","unverified","","Site of sulfonamide experiments"
"EV0136","Mittelbau-Dora underground factory","Nazi forced labour","core","TRUE","1943","1945","Nordhausen","Germany","51.5333","10.75","unverified_ai","site","point","victim_site","SS and Mittelwerk GmbH","","","Prisoner labourers","genocide","20000","","documented_estimate","","","","","1","confirmed","not_assessed","","Dora trial 1947; USHMM","unverified","","Corporate involvement documented"
"EV0137","IG Farben Monowitz (Auschwitz III)","Nazi forced labour","core","TRUE","1942","1945","Monowice","Poland","50.0333","19.2833","unverified_ai","site","point","victim_site","IG Farben and SS","dissolved","Broken up into BASF, Bayer, Hoechst and Agfa","Prisoner labourers","genocide","","","not_quantified","","","","","1","confirmed","not_assessed","","IG Farben Trial, Nuremberg Military Tribunal VI","unverified","","Corporate convictions; tier 1"
"EV0138","Nazi medical experiments","Nazi human experimentation","core","TRUE","1939","1945","Auschwitz Block 10, Dachau, Ravensbruck, Natzweiler","Multiple","","","","","multi_point","victim_site","SS physicians","","","Prisoners","genocide","","","not_quantified","","","","","1","confirmed","not_assessed","","Nuremberg Doctors Trial 1946-47","unverified","","Trial record names sites, doctors and procedures"
"EV0139","Porajmos (Roma genocide)","Nazi genocide of Roma and Sinti","core","TRUE","1939","1945","Auschwitz Zigeunerlager; Lety; Jasenovac","Multiple","","","","","multi_point","victim_site","Nazi regime and allies","","","Roma and Sinti","genocide","250000","500000","documented_estimate","","","","","1","confirmed","not_assessed","","USHMM; Council of Europe","unverified","",""
"EV0140","Hunger Plan and Soviet POW deaths","Nazi occupation of the East","core","TRUE","1941","1945","Ostarbeiter and POW camps; besieged cities","Multiple","","","","","region","victim_site","Wehrmacht and Nazi administration","","","Soviet POWs and civilians","genocide","3300000","","documented_estimate","","","","","1","confirmed","not_assessed","","Backe memorandum; Streit, Keine Kameraden","unverified","","Deliberate starvation policy, documented in advance"
"EV0141","Siege of Leningrad","German-Soviet war","core","TRUE","1941","1944","Leningrad (St Petersburg)","Russia","59.9311","30.3609","unverified_ai","settlement","point","victim_site","Wehrmacht","","","City population","genocide","800000","1000000","documented_estimate","","","","","2","confirmed","not_assessed","","Bidlack & Lomagin","unverified","","Starvation of a city as explicit policy"
"EV0142","Generalplan Ost and Zamosc expulsions","Nazi occupation of the East","core","TRUE","1942","1943","Zamosc region","Poland","","","","","region","victim_site","SS and RKFDV","","","Polish villagers","genocide","","","not_quantified","","","","","1","confirmed","not_assessed","","Generalplan Ost documents; Nuremberg RuSHA Trial","unverified","",""
"EV0143","Lidice","Nazi reprisal massacres","core","TRUE","1942","1942","Lidice","Czech Republic","50.1436","14.1889","fixture_dev","site","point","victim_site","SS and Gestapo","","","Village population","genocide","340","","documented_estimate","","","","","1","confirmed","not_assessed","","Nuremberg evidence; Czech records","unverified","",""
"EV0144","Oradour-sur-Glane","Nazi reprisal massacres","core","TRUE","1944","1944","Oradour-sur-Glane","France","45.9333","1.0333","fixture_dev","site","point","victim_site","2nd SS Panzer Division","","","Village population","genocide","642","","documented_estimate","","","","","1","confirmed","not_assessed","","Bordeaux trial 1953; preserved site","unverified","",""
"EV0145","Marzabotto (Monte Sole)","Nazi reprisal massacres","core","TRUE","1944","1944","Marzabotto","Italy","44.3444","11.205","unverified_ai","settlement","point","victim_site","16th SS Panzergrenadier Division","","","Village populations","genocide","770","","documented_estimate","","","","","1","confirmed","not_assessed","","Italian military tribunal convictions","unverified","",""
"EV0146","Distomo","Nazi reprisal massacres","core","TRUE","1944","1944","Distomo","Greece","38.4283","22.67","unverified_ai","settlement","point","victim_site","SS Police Regiment 4","","","Village population","genocide","218","","documented_estimate","","","","","1","confirmed","not_assessed","","Greek court judgments; ICJ Germany v Italy context","unverified","",""
"EV0147","Kalavryta","Nazi reprisal massacres","core","TRUE","1943","1943","Kalavryta","Greece","38.0322","22.1103","unverified_ai","settlement","point","victim_site","117th Jager Division","","","Male population","genocide","499","","documented_estimate","","","","","1","confirmed","not_assessed","","German and Greek records","unverified","",""
"EV0148","Wola massacre","Warsaw Uprising reprisals","core","TRUE","1944","1944","Wola, Warsaw","Poland","52.2350","20.9700","fixture_dev","site","point","victim_site","SS and Dirlewanger Brigade","","","Civilians","genocide","40000","50000","documented_estimate","","","","","2","confirmed","not_assessed","","Polish IPN investigations","unverified","",""
"EV0149","Jasenovac camp complex","Ustase genocide","core","TRUE","1941","1945","Jasenovac","Croatia","45.2761","16.9128","unverified_ai","site","point","victim_site","Ustase regime","","","Serbs, Jews, Roma, political opponents","genocide","77000","100000","documented_estimate","","","","","1","confirmed","not_assessed","","Jasenovac Memorial Site victim list; USHMM","unverified","","Toll politically contested; use the named-victim list as the floor"
"EV0150","Iasi pogrom","Romanian Holocaust","core","TRUE","1941","1941","Iasi and the death trains","Romania","","","","","multi_point","victim_site","Romanian army, police and mobs","","","Jews","genocide","13266","","documented_estimate","","","","","1","confirmed","not_assessed","","Wiesel Commission report 2004","unverified","",""
"EV0151","Transnistria deportations and Bogdanovka","Romanian Holocaust","core","TRUE","1941","1944","Bogdanovka, Domanivka, Odesa region","Ukraine","","","","","multi_point","victim_site","Romanian administration","","","Jews and Roma","genocide","280000","380000","documented_estimate","","","","","1","confirmed","not_assessed","","Wiesel Commission report 2004","unverified","",""
"EV0152","Hungarian deportations of 1944","Holocaust in Hungary","core","TRUE","1944","1944","Hungary to Auschwitz","Hungary","","","","","route","victim_site","Hungarian gendarmerie and Eichmann Sonderkommando","","","Hungarian Jews","genocide","430000","","documented_estimate","","","","","1","confirmed","not_assessed","","Auschwitz Protocols; Braham","unverified","",""
"EV0153","Danube bank shootings","Holocaust in Hungary","core","TRUE","1944","1945","Budapest","Hungary","47.4979","19.0402","unverified_ai","settlement","point","victim_site","Arrow Cross","","","Jews","genocide","","","not_quantified","","","","","2","confirmed","not_assessed","","Budapest memorial; Braham","unverified","",""
"EV0154","Dutch Hunger Winter","Nazi occupation of the Netherlands","core","TRUE","1944","1945","Western Netherlands","Netherlands","","","","","region","victim_site","German occupation authorities","","","Dutch civilians","genocide","18000","22000","documented_estimate","","","","","1","confirmed","not_assessed","","Dutch state archives; Banning","unverified","","Food embargo imposed as reprisal"
"EV0155","Expulsion of Germans from Eastern Europe","Post-war population transfers","core","TRUE","1945","1950","Silesia, Sudetenland, East Prussia","Multiple","","","","","region","victim_site","Postwar governments and militias","","","Ethnic Germans","genocide","","","not_quantified","","","","","2","contested","not_assessed","","Potsdam Agreement; Douglas, Orderly and Humane","unverified","",""
"EV0156","Bleiburg repatriations","Yugoslav post-war reprisals","core","TRUE","1945","1945","Bleiburg and death marches into Yugoslavia","Austria / Slovenia / Croatia","","","","","route","victim_site","Yugoslav Partisans","","","Croatian and other retreating forces and civilians","genocide","","","not_quantified","","","","","2","contested","not_assessed","","Slovenian Commission on Concealed Mass Graves","unverified","","Toll politically contested"
"EV0157","Francoist repression and mass graves","Spanish Civil War and dictatorship","core","TRUE","1936","1975","2,500+ mass graves nationwide","Spain","","","","","multi_point","victim_site","Francoist state","","","Republicans","genocide","114000","","documented_estimate","","","","","1","confirmed","extensive","Spanish Ministry of Justice grave map: 2,500+ sites","Spanish Ministry of Justice mass grave map; ARMH","unverified","","Official grave map exists and is downloadable"
"EV0158","Nanjing massacre","Second Sino-Japanese War","core","TRUE","1937","1938","Nanjing","China","32.0603","118.7969","fixture_dev","site","point","victim_site","Imperial Japanese Army","","","Chinese civilians and POWs","war crimes","40000","300000","documented_estimate","","","","","1","confirmed","not_assessed","","IMTFE judgment 1948; Nanjing War Crimes Tribunal","unverified","","Range is wide and politically contested; show both endpoints"
"EV0159","Unit 731 biological warfare programme","Japanese human experimentation","core","TRUE","1935","1945","Pingfang, Harbin","China","45.6","126.6333","unverified_ai","site","point","victim_site","Imperial Japanese Army","","","Chinese, Soviet and Korean prisoners","war crimes","","","not_quantified","","","","","1","confirmed","not_assessed","","Khabarovsk Trial 1949; Japanese and US archives","unverified","","Also field-tested on cities: Ningbo, Changde"
"EV0160","Comfort women system","Japanese military sexual slavery","core","TRUE","1932","1945","Comfort stations across occupied Asia","Multiple","","","","","multi_point","victim_site","Imperial Japanese Army","","","Korean, Chinese, Filipina, Dutch, Indonesian women","war crimes","","","not_quantified","","","","","1","confirmed","sparse","Station locations partly catalogued by Korean researchers; most unrecorded","Coomaraswamy Report 1996; Batavia trials 1948","unverified","","Station locations have been partly catalogued by Korean researchers"
"EV0161","Sook Ching massacre","Japanese occupation of Singapore and Malaya","core","TRUE","1942","1942","Singapore and Malaya","Singapore / Malaysia","","","","","multi_point","victim_site","Imperial Japanese Army (Kempeitai)","","","Chinese men","war crimes","25000","50000","documented_estimate","","","","","1","confirmed","not_assessed","","Singapore war crimes trial 1947","unverified","",""
"EV0162","Bataan Death March","Japanese treatment of POWs","core","TRUE","1942","1942","Bataan to Camp O'Donnell","Philippines","","","","","route","victim_site","Imperial Japanese Army","","","US and Filipino POWs","war crimes","5000","18000","documented_estimate","","","","","1","confirmed","not_assessed","","IMTFE; Homma trial","unverified","",""
"EV0163","Manila massacre","Japanese occupation of the Philippines","core","TRUE","1945","1945","Manila","Philippines","14.5995","120.9842","unverified_ai","settlement","point","victim_site","Imperial Japanese naval forces","","","Filipino civilians","war crimes","100000","","documented_estimate","","","","","1","confirmed","not_assessed","","Yamashita trial 1945","unverified","",""
"EV0164","Three Alls policy (Sanko Sakusen)","Second Sino-Japanese War","register","FALSE","1940","1945","North China","China","","","","","unmapped","victim_site","Imperial Japanese Army","","","Rural population","war crimes","2700000","","documented_estimate","","","","Himeta's estimate for the campaign. Total Chinese deaths in the war with Japan are usually put at 15 to 20 million, of which this is one component","2","confirmed","not_assessed","","Himeta; Japanese military records","unverified","","Kill all, burn all, loot all"
"EV0165","Sandakan death marches","Japanese treatment of POWs","core","TRUE","1945","1945","Sandakan to Ranau, Borneo","Malaysia","","","","","route","victim_site","Imperial Japanese Army","","","Australian and British POWs","war crimes","2345","","documented_estimate","","","","","1","confirmed","not_assessed","","Australian war crimes trials","unverified","","Six survivors of about 2,400"
"EV0166","Partition violence","Partition of India","register","FALSE","1947","1948","Punjab, Bengal, Delhi","India / Pakistan","","","","","unmapped","victim_site","Communal militias on all sides","","","Hindus, Muslims, Sikhs","state mass killing","200000","2000000","documented_estimate","","","","","2","confirmed","not_assessed","","Butalia; Khan, The Great Partition","unverified","","No single perpetrator; structure accordingly"
"EV0167","Jeju 4.3 uprising suppression","South Korean state violence","core","TRUE","1948","1949","Jeju Island","South Korea","","","","","region","victim_site","South Korean forces and militias","","","Jeju residents","state mass killing","14000","30000","documented_estimate","","","","","1","confirmed","not_assessed","","Jeju 4.3 Truth Commission report 2003","unverified","","Presidential apology 2003"
"EV0168","Bodo League massacre","Korean War","core","TRUE","1950","1950","Nationwide, 100+ sites","South Korea","","","","","multi_point","victim_site","South Korean government forces","","","Suspected leftists","state mass killing","60000","200000","documented_estimate","","","","","1","confirmed","partial","Korean TRC identified 100+ sites; excavation incomplete","Truth and Reconciliation Commission of Korea 2005-10","unverified","",""
"EV0169","No Gun Ri killings","Korean War","core","TRUE","1950","1950","No Gun Ri","South Korea","36.2167","127.8667","unverified_ai","site","point","victim_site","US Army","","","Refugees","state mass killing","163","400","documented_estimate","","","","","1","confirmed","not_assessed","","US Army Inspector General review 2001; Korean TRC","unverified","",""
"EV0170","February 28 incident and White Terror","Kuomintang rule in Taiwan","core","TRUE","1947","1987","Taipei and nationwide; Green Island","Taiwan","","","","","multi_point","victim_site","Kuomintang government","","","Taiwanese civilians and dissidents","state mass killing","18000","28000","documented_estimate","","","","","1","confirmed","not_assessed","","Executive Yuan 228 report 1992; Transitional Justice Commission","unverified","",""
"EV0171","Chinese land reform campaign","Chinese Communist consolidation","register","FALSE","1947","1952","Rural China","China","","","","","unmapped","victim_site","Chinese Communist Party","","","Landlords and rich peasants","state mass killing","1000000","2000000","documented_estimate","","","","","2","confirmed","not_assessed","","Yang Kuisong; party archives","unverified","",""
"EV0172","Anti-Rightist Campaign","Maoist political campaigns","core","TRUE","1957","1959","Nationwide; Jiabiangou","China","","","","","multi_point","victim_site","Chinese Communist Party","","","Intellectuals and cadres","state mass killing","","","not_quantified","","","","","2","confirmed","not_assessed","","Yang Jisheng; Jiabiangou survivor accounts","unverified","","Jiabiangou camp is a specific pinnable site"
"EV0173","Great Leap Forward famine","Maoist political campaigns","core","TRUE","1959","1961","Nationwide; Xinyang, Tongwei, Anhui, Sichuan","China","","","","","region","victim_site","Chinese Communist Party","","","Rural population","state mass killing","15000000","45000000","documented_estimate","","","","","2","confirmed","sparse","County gazetteer coverage concentrated where archives opened: Henan, Anhui, Sichuan, Gansu","Yang Jisheng, Tombstone; Dikotter; county gazetteers","unverified","","Site-level evidence concentrated where archives opened; flag coverage bias"
"EV0174","Xinyang incident","Great Leap Forward famine","core","TRUE","1959","1961","Xinyang, Henan","China","","","","","region","victim_site","Provincial party leadership","","","Rural population","state mass killing","1000000","","documented_estimate","","","","","2","confirmed","not_assessed","","Yang Jisheng; internal party investigation 1960","unverified","","Grain was in the granaries; exit from villages was blocked"
"EV0175","Cultural Revolution killings","Maoist political campaigns","core","TRUE","1966","1976","Nationwide; Guangxi, Daoxian, Inner Mongolia","China","","","","","region","victim_site","Red Guards, militias, party organs","","","Class enemies and ethnic minorities","state mass killing","1000000","3000000","documented_estimate","","","people persecuted, struggled against or purged: tens of millions","Walder and Su model 1.1 to 1.6 million deaths in rural areas alone. Song Yongyi's upper estimates reach three million","2","contested","sparse","Guangxi and Daoxian annals only; most provinces unstudied","Song Yongyi; Guangxi county annals","unverified","","Guangxi annals record cannibalism cases"
"EV0176","Laogai camp system","Chinese penal labour","core","TRUE","1949","2013","Nationwide","China","","","","","network","victim_site","Chinese state","","","Prisoners","state mass killing","","","not_quantified","","","","","2","confirmed","sparse","Laogai Research Foundation list is partial and dated","Laogai Research Foundation; Wu Hongda","unverified","","Site data weaker than for the Gulag"
"EV0177","Tibetan uprising suppression and monastery destruction","Chinese rule in Tibet","core","TRUE","1959","1976","Lhasa and across Tibet","China","","","","","region","victim_site","People's Liberation Army","","","Tibetans","state mass killing","","","not_quantified","","","","","2","contested","not_assessed","","ICJ 1960 report; Shakya","unverified","",""
"EV0178","Indonesian mass killings","Indonesian anti-communist purge","core","TRUE","1965","1966","Java, Bali, North Sumatra","Indonesia","","","","","region","victim_site","Army and allied militias","","","PKI members and alleged sympathisers","state mass killing","500000","3000000","documented_estimate","","","people imprisoned without trial: around 1 million","The lower figure is the common scholarly estimate; army-sourced and later revisionist counts reach three million","1","contested","sparse","No site inventory; grave locations largely unexhumed","International People's Tribunal 2016; Komnas HAM 2012 report","unverified","","Declassified US embassy cables add documentation"
"EV0179","East Timor occupation","Indonesian occupation of East Timor","core","TRUE","1975","1999","Timor-Leste; Santa Cruz cemetery","Timor-Leste","","","","","region","victim_site","Indonesian armed forces","","","East Timorese","state mass killing","102800","183000","documented_estimate","","","","","1","confirmed","not_assessed","","CAVR Chega! report 2005","unverified","","Truth commission gives a rigorous demographic estimate"
"EV0180","Santa Cruz massacre","Indonesian occupation of East Timor","core","TRUE","1991","1991","Santa Cruz cemetery, Dili","Timor-Leste","-8.5622","125.5889","unverified_ai","site","point","victim_site","Indonesian armed forces","","","Mourners and protesters","state mass killing","250","","documented_estimate","","","","","1","confirmed","not_assessed","","CAVR; filmed evidence","unverified","",""
"EV0181","Operation Searchlight and the 1971 genocide","Bangladesh Liberation War","core","TRUE","1971","1971","Dhaka, Chuknagar, Jessore and nationwide","Bangladesh","","","","","region","victim_site","Pakistan Army and allied militias","","","Bengalis, especially Hindus and intellectuals","state mass killing","300000","3000000","documented_estimate","","","","","2","confirmed","not_assessed","","ICT-BD judgments; Bass, The Blood Telegram","unverified","","Toll heavily contested between Bangladeshi and Pakistani accounts"
"EV0182","Hue massacre","Vietnam War","core","TRUE","1968","1968","Hue","Vietnam","16.4637","107.5909","unverified_ai","settlement","point","victim_site","PAVN and Viet Cong forces","","","Civilians and officials","state mass killing","2800","6000","documented_estimate","","","","","2","contested","not_assessed","","Mass grave excavations; contested scholarship","unverified","",""
"EV0183","My Lai massacre","Vietnam War","core","TRUE","1968","1968","Son My, Quang Ngai","Vietnam","15.1794","108.8672","unverified_ai","site","point","victim_site","US Army (Charlie Company)","","","Villagers","state mass killing","347","504","documented_estimate","","","","","1","confirmed","not_assessed","","Peers Inquiry 1970; Calley court-martial","unverified","",""
"EV0184","Agent Orange spraying","Vietnam War","core","TRUE","1961","1971","South Vietnam and Laos","Vietnam / Laos","","","","","region","victim_site","US military","","","Rural population","state mass killing","","","not_quantified","3000000","4800000","Vietnamese exposed, by Vietnamese government estimate","Causation is legally recognised for US veterans through the VA presumptive list and contested for Vietnamese claimants","2","contested","not_assessed","","Institute of Medicine reviews; VA presumptive list","unverified","","Health effects legally recognised for US veterans, contested for Vietnamese"
"EV0185","Khmer Rouge genocide","Democratic Kampuchea","core","TRUE","1975","1979","Nationwide; 390+ genocide sites","Cambodia","","","","","network","victim_site","Communist Party of Kampuchea","","","Urban population, minorities, perceived enemies","state mass killing","1700000","2200000","documented_estimate","","","","Around a fifth to a quarter of the entire population, the highest proportional toll of any twentieth century event in this file","1","confirmed","near_complete","DC-Cam: 390+ genocide sites, 19,733 grave pits, 197 prisons","ECCC judgments; DC-Cam (19,733 mass graves, 197 prisons)","source_checked","DC-Cam 19,733 pits / 390 sites / 197 prisons confirmed","Best site-level dataset of any 20th century genocide"
"EV0186","Tuol Sleng (S-21)","Khmer Rouge genocide","core","TRUE","1975","1979","Phnom Penh","Cambodia","11.5494","104.9177","fixture_dev","site","point","victim_site","Santebal security police","","","Detainees","state mass killing","12000","20000","documented_estimate","","","","","1","confirmed","not_assessed","","ECCC Case 001 judgment (Duch); S-21 archive","unverified","","Prisoner records survive nearly intact"
"EV0187","Choeung Ek killing field","Khmer Rouge genocide","core","TRUE","1977","1979","Choeung Ek","Cambodia","11.4842","104.9020","fixture_dev","site","point","victim_site","Santebal","","","Detainees from S-21","state mass killing","8895","","documented_estimate","","","","","1","confirmed","not_assessed","","Exhumation records; ECCC","unverified","","Figure is exhumed remains, not total"
"EV0188","Thammasat University massacre","Thai state violence","core","TRUE","1976","1976","Bangkok","Thailand","13.757","100.4917","unverified_ai","site","point","victim_site","Police, paramilitaries and royalist mobs","","","Student protesters","state mass killing","46","100","documented_estimate","","","","","2","confirmed","not_assessed","","Thai inquiries; photographic record","unverified","",""
"EV0189","Gwangju uprising suppression","South Korean military rule","core","TRUE","1980","1980","Gwangju","South Korea","35.1595","126.8526","unverified_ai","settlement","point","victim_site","ROK special forces","","","Protesters and civilians","state mass killing","165","600","documented_estimate","","","","","1","confirmed","not_assessed","","Korean government investigations; 1996 trials of Chun and Roh","unverified","",""
"EV0190","Tiananmen Square crackdown","Chinese state violence","core","TRUE","1989","1989","Beijing, Muxidi and Chang'an Avenue","China","39.9055","116.3976","fixture_dev","site","multi_point","victim_site","People's Liberation Army","","","Protesters and civilians","state mass killing","200","2600","documented_estimate","","","","","2","contested","not_assessed","","UK and US diplomatic cables; Chinese Red Cross initial figure","unverified","",""
"EV0191","Black July pogrom","Sri Lankan civil conflict","core","TRUE","1983","1983","Colombo and nationwide","Sri Lanka","","","","","multi_point","victim_site","Mobs with state acquiescence","","","Tamils","state mass killing","400","3000","documented_estimate","","","","","2","confirmed","not_assessed","","Presidential Commission; Hoole","unverified","",""
"EV0192","Mullivaikkal final offensive","Sri Lankan civil war","core","TRUE","2009","2009","Mullivaikkal, Mullaitivu","Sri Lanka","9.2667","80.8167","unverified_ai","approximate","point","victim_site","Sri Lankan armed forces and LTTE","","","Trapped civilians","state mass killing","40000","70000","documented_estimate","","","","","1","confirmed","not_assessed","","UN Panel of Experts report 2011","unverified","","Both sides implicated; UN panel gives tier 1"
"EV0193","Mazar-i-Sharif massacre","Afghan civil war","core","TRUE","1998","1998","Mazar-i-Sharif","Afghanistan","36.709","67.1109","unverified_ai","settlement","point","victim_site","Taliban","","","Hazara civilians","state mass killing","2000","8000","documented_estimate","","","","","2","confirmed","not_assessed","","UN reports; HRW 1998","unverified","",""
"EV0194","Dasht-i-Leili container deaths","Afghanistan 2001 invasion","core","TRUE","2001","2001","Dasht-i-Leili, Jowzjan","Afghanistan","36.7","65.75","unverified_ai","approximate","point","victim_site","Northern Alliance forces","","","Taliban prisoners","state mass killing","250","2000","documented_estimate","","","","","2","contested","not_assessed","","Physicians for Human Rights forensic survey","unverified","",""
"EV0195","Indian Emergency mass sterilisation","Indian family planning programme","core","TRUE","1975","1977","Nationwide; Uttar Pradesh and Delhi","India","","","","","region","victim_site","Indian government (Sanjay Gandhi's campaign)","","","Poor and rural men","state mass killing","","","not_quantified","","","","","1","confirmed","not_assessed","","Shah Commission report 1978","unverified","","6.2m sterilisations in 1976 alone; deaths from botched procedures"
"EV0196","Anti-Sikh pogrom","Indian communal violence","core","TRUE","1984","1984","Delhi, Kanpur, Bokaro","India","","","","","multi_point","victim_site","Mobs with political direction","","","Sikhs","state mass killing","2800","8000","documented_estimate","","","","","1","confirmed","not_assessed","","Nanavati Commission 2005; subsequent convictions","unverified","",""
"EV0197","Gujarat riots","Indian communal violence","core","TRUE","2002","2002","Ahmedabad, Gulbarg Society, Naroda Patiya","India","","","","","multi_point","victim_site","Mobs; state response contested","","","Muslims","state mass killing","790","2000","documented_estimate","","","","","1","contested","not_assessed","","SIT and court convictions (Naroda Patiya)","unverified","","State complicity remains legally contested"
"EV0198","8888 uprising suppression","Burmese military rule","core","TRUE","1988","1988","Yangon and nationwide","Myanmar","","","","","multi_point","victim_site","Tatmadaw","","","Protesters","state mass killing","350","10000","documented_estimate","","","","","2","contested","not_assessed","","Contemporary diplomatic reporting; Lintner","unverified","",""
"EV0199","Rohingya clearance operations","Persecution of the Rohingya","core","TRUE","2016","2017","Northern Rakhine State; Tula Toli, Chut Pyin","Myanmar","","","","","multi_point","victim_site","Tatmadaw and local militias","","","Rohingya","state mass killing","6700","24000","documented_estimate","","","","","1","ongoing_adjudication","not_assessed","","UN Fact-Finding Mission 2018; ICJ Gambia v Myanmar pending","unverified","","Satellite imagery of burned villages gives strong site data"
"EV0200","Post-coup violence in Myanmar","Myanmar military rule","core","TRUE","2021","2026","Nationwide; Sagaing region","Myanmar","","","","","region","victim_site","Tatmadaw","","","Civilians and opposition","state mass killing","","","not_quantified","","","","","2","ongoing_adjudication","not_assessed","","AAPP; UN Special Rapporteur reports","unverified","",""
"EV0201","Xinjiang internment and coercive birth prevention","Persecution of Uyghurs","core","TRUE","2017","2026","380+ detention facilities across Xinjiang","China","","","","","multi_point","victim_site","Chinese state","","","Uyghurs and other Turkic Muslims","state mass killing","","","not_quantified","","","","","2","ongoing_adjudication","partial","ASPI mapped 380+ facilities; birth-prevention data is county-level only","ASPI Xinjiang Data Project; OHCHR assessment 2022; Xinjiang Statistical Yearbooks","source_checked","ASPI 380+ facilities confirmed","Detention sites are pinnable; sterilisation data is county-level statistics only"
"EV0202","Iran 1988 prison executions","Iranian state repression","core","TRUE","1988","1988","Evin, Gohardasht and provincial prisons","Iran","","","","","multi_point","victim_site","Iranian judiciary and IRGC","","","Political prisoners","state mass killing","2800","5000","documented_estimate","","","","","2","confirmed","not_assessed","","Amnesty International 2018; Montazeri tapes","unverified","","Khavaran mass grave is a specific site"
"EV0203","Anfal campaign","Iraqi Ba'athist repression","core","TRUE","1988","1988","Iraqi Kurdistan; Topzawa, Nugra Salman","Iraq","","","","","region","victim_site","Iraqi armed forces (Ali Hassan al-Majid)","","","Kurds","state mass killing","50000","182000","documented_estimate","","","","","1","confirmed","not_assessed","","Iraqi High Tribunal Anfal judgment 2007; captured Ba'ath documents","unverified","","Captured state documents make this unusually well evidenced"
"EV0204","Halabja chemical attack","Anfal campaign","core","TRUE","1988","1988","Halabja","Iraq","35.1778","45.9861","fixture_dev","site","point","victim_site","Iraqi armed forces","","","Kurdish civilians","state mass killing","3200","5000","documented_estimate","","","","","1","confirmed","not_assessed","","Iraqi High Tribunal; forensic studies","unverified","",""
"EV0205","Draining of the Mesopotamian marshes","Iraqi Ba'athist repression","core","TRUE","1991","2003","Southern Iraq marshes","Iraq","","","","","region","victim_site","Iraqi government","","","Marsh Arabs","state mass killing","","","not_quantified","","","","","1","confirmed","not_assessed","","UNEP 2001; Iraqi High Tribunal charges","unverified","","Environmental destruction as a weapon"
"EV0206","Dujail reprisals","Iraqi Ba'athist repression","core","TRUE","1982","1982","Dujail","Iraq","33.85","44.2333","unverified_ai","settlement","point","victim_site","Iraqi security services","","","Village residents","state mass killing","148","","documented_estimate","","","","","1","confirmed","not_assessed","","Iraqi High Tribunal judgment 2006","unverified","",""
"EV0207","Hama massacre","Syrian Ba'athist repression","core","TRUE","1982","1982","Hama","Syria","35.1318","36.7578","unverified_ai","settlement","point","victim_site","Syrian army (Rifaat al-Assad)","","","City population","state mass killing","10000","40000","documented_estimate","","","","","2","confirmed","not_assessed","","Amnesty 1983; Syrian Human Rights Committee","unverified","",""
"EV0208","Sednaya prison and the Caesar files","Syrian civil war","core","TRUE","2011","2024","Sednaya; Damascus detention facilities","Syria","","","","","multi_point","victim_site","Syrian government","","","Detainees","state mass killing","30000","","documented_estimate","","","","","1","confirmed","not_assessed","","Caesar photographs; Koblenz trial judgment 2022","unverified","","German universal jurisdiction conviction gives tier 1"
"EV0209","Ghouta chemical attack","Syrian civil war","core","TRUE","2013","2013","Eastern Ghouta","Syria","33.5333","36.4","unverified_ai","approximate","point","victim_site","Syrian government forces","","","Civilians","state mass killing","281","1729","documented_estimate","","","","","1","confirmed","not_assessed","","UN Mission report 2013; OPCW-UN JIM","unverified","",""
"EV0210","Syrian siege warfare","Syrian civil war","core","TRUE","2012","2018","Madaya, Yarmouk, Eastern Ghouta, Deir ez-Zor","Syria","","","","","multi_point","victim_site","Syrian government and armed groups","","","Besieged civilians","state mass killing","","","not_quantified","","","","","1","confirmed","not_assessed","","UN Commission of Inquiry reports","unverified","",""
"EV0211","Yazidi genocide","Islamic State atrocities","core","TRUE","2014","2017","Sinjar; Kocho; Solagh","Iraq","","","","","multi_point","victim_site","Islamic State","","","Yazidis","state mass killing","5000","","documented_estimate","","","","","1","confirmed","not_assessed","","UNITAD findings; German court convictions 2021","unverified","","Mass graves catalogued by UNITAD"
"EV0212","Camp Speicher massacre","Islamic State atrocities","core","TRUE","2014","2014","Tikrit","Iraq","34.61","43.6786","unverified_ai","settlement","point","victim_site","Islamic State","","","Shia air force cadets","state mass killing","1095","1700","documented_estimate","","","","","1","confirmed","not_assessed","","Iraqi court convictions; forensic exhumations","unverified","",""
"EV0213","Abu Salim prison massacre","Libyan state repression","core","TRUE","1996","1996","Abu Salim prison, Tripoli","Libya","32.8578","13.18","unverified_ai","site","point","victim_site","Libyan security forces","","","Prisoners","state mass killing","1270","","documented_estimate","","","","","2","confirmed","not_assessed","","HRW 2006; post-2011 investigations","unverified","",""
"EV0214","Andijan massacre","Uzbek state violence","core","TRUE","2005","2005","Andijan","Uzbekistan","40.7833","72.35","unverified_ai","settlement","point","victim_site","Uzbek security forces","","","Protesters","state mass killing","187","1500","documented_estimate","","","","","2","contested","not_assessed","","HRW 2005; OSCE report","unverified","",""
"EV0215","Sumgait pogrom","Nagorno-Karabakh conflict","core","TRUE","1988","1988","Sumgait","Azerbaijan","40.5892","49.6686","unverified_ai","settlement","point","victim_site","Mobs","","","Armenians","state mass killing","32","","documented_estimate","","","","","2","confirmed","not_assessed","","Soviet prosecutions; De Waal","unverified","",""
"EV0216","Khojaly massacre","Nagorno-Karabakh conflict","core","TRUE","1992","1992","Khojaly","Azerbaijan","39.9133","46.7933","unverified_ai","settlement","point","victim_site","Armenian forces","","","Azerbaijani civilians","state mass killing","161","613","documented_estimate","","","","","2","confirmed","not_assessed","","HRW 1992; Memorial","unverified","",""
"EV0217","Nagorno-Karabakh blockade and exodus","Nagorno-Karabakh conflict","core","TRUE","2022","2023","Lachin corridor; Stepanakert","Azerbaijan","","","","","region","victim_site","Azerbaijani state","","","Karabakh Armenians","state mass killing","","","not_quantified","","","","","2","ongoing_adjudication","not_assessed","","ICJ provisional measures 2023; UN mission","unverified","","Near-total displacement of 100,000+ people"
"EV0218","Biafra blockade and famine","Nigerian Civil War","core","TRUE","1967","1970","Biafra (southeastern Nigeria)","Nigeria","","","","","region","victim_site","Nigerian federal government","","","Igbo population","state mass killing","500000","2000000","documented_estimate","","","","Almost entirely starvation of children. The dispute is over whether blockade policy was the decisive cause","2","contested","not_assessed","","ICRC records; Heerten & Moses","unverified","","Blockade as deliberate instrument is the disputed point"
"EV0219","Ikiza (Burundi genocide of 1972)","Burundian ethnic violence","register","FALSE","1972","1972","Nationwide","Burundi","","","","","unmapped","victim_site","Tutsi-dominated government and army","","","Hutu, especially the educated","state mass killing","100000","300000","documented_estimate","","","","","2","confirmed","not_assessed","","Lemarchand; UN reports","unverified","",""
"EV0220","Burundi 1993 violence","Burundian ethnic violence","register","FALSE","1993","1993","Nationwide","Burundi","","","","","unmapped","victim_site","Multiple actors","","","Tutsi and Hutu","state mass killing","50000","100000","documented_estimate","","","","","1","confirmed","not_assessed","","UN International Commission of Inquiry 1996","unverified","",""
"EV0221","Rwandan genocide","Rwandan genocide","core","TRUE","1994","1994","Nationwide; Nyarubuye, Murambi, Ntarama, Nyamata","Rwanda","","","","","multi_point","victim_site","Interahamwe, army, government","","","Tutsi and moderate Hutu","state mass killing","500000","800000","documented_estimate","","","","","1","confirmed","partial","Major memorial sites documented; thousands of local killing sites are not","ICTR judgments; Rwandan national census of victims","unverified","","Church massacre sites are preserved and mapped"
"EV0222","Isaaq genocide","Somali state repression","core","TRUE","1987","1989","Hargeisa, Burao","Somalia / Somaliland","","","","","multi_point","victim_site","Siad Barre government forces","","","Isaaq clan","state mass killing","50000","200000","documented_estimate","","","","","2","confirmed","not_assessed","","UN 2001 investigation; Mburu","unverified","",""
"EV0223","Ethiopian Red Terror","Derg rule in Ethiopia","core","TRUE","1976","1978","Addis Ababa and nationwide","Ethiopia","","","","","region","victim_site","Derg","","","Political opponents","state mass killing","30000","750000","documented_estimate","","","","","1","confirmed","not_assessed","","Ethiopian Red Terror trials 1994-2008","unverified","",""
"EV0224","Ethiopian famine and resettlement","Derg rule in Ethiopia","core","TRUE","1983","1985","Wollo, Tigray","Ethiopia","","","","","region","victim_site","Derg","","","Rural population","state mass killing","400000","1000000","documented_estimate","","","","","2","contested","not_assessed","","de Waal, Evil Days","unverified","","Counter-insurgency use of famine is the deliberate element"
"EV0225","Gukurahundi massacres","Zimbabwean state violence","core","TRUE","1983","1987","Matabeleland and Midlands","Zimbabwe","","","","","region","victim_site","Fifth Brigade","","","Ndebele civilians","state mass killing","10000","20000","documented_estimate","","","","","1","confirmed","not_assessed","","Catholic Commission for Justice and Peace report 1997","unverified","",""
"EV0226","Idi Amin's repression","Ugandan state violence","core","TRUE","1971","1979","Nationwide; Nakasero and Naguru","Uganda","","","","","region","victim_site","State Research Bureau and army","","","Political and ethnic targets","state mass killing","100000","500000","documented_estimate","","","","","2","confirmed","not_assessed","","ICJ 1977; Kyemba","unverified","",""
"EV0227","Lord's Resistance Army abductions","Ugandan insurgency","core","TRUE","1987","2006","Northern Uganda; Barlonyo, Atiak","Uganda","","","","","multi_point","victim_site","Lord's Resistance Army","","","Civilians and abducted children","state mass killing","","","not_quantified","","","","","1","confirmed","not_assessed","","ICC Ongwen judgment 2021","unverified","",""
"EV0228","Macias Nguema repression","Equatorial Guinea","core","TRUE","1968","1979","Black Beach prison; nationwide","Equatorial Guinea","","","","","region","victim_site","Macias government","","","Population and political opponents","state mass killing","","","not_quantified","","","","","2","confirmed","not_assessed","","UN reports; 1979 trial","unverified","",""
"EV0229","Sierra Leone civil war atrocities","Sierra Leone civil war","core","TRUE","1991","2002","Freetown; Kono district","Sierra Leone","","","","","region","victim_site","RUF, AFRC and others","","","Civilians","state mass killing","50000","70000","documented_estimate","","","","","1","confirmed","not_assessed","","Special Court for Sierra Leone judgments; TRC 2004","unverified","","Systematic amputation as a documented policy"
"EV0230","Liberian civil wars","Liberian civil wars","core","TRUE","1989","2003","Monrovia; Lutheran Church massacre","Liberia","","","","","multi_point","victim_site","Multiple armed factions","","","Civilians","state mass killing","150000","250000","documented_estimate","","","","","1","confirmed","not_assessed","","Liberian TRC 2009; Taylor conviction at SCSL","unverified","",""
"EV0231","Second Congo War atrocities","Congo wars","core","TRUE","1998","2003","Ituri, Kivus, Kisangani","DR Congo","","","","","region","victim_site","Multiple state and non-state forces","","","Civilians","state mass killing","2800000","5400000","excess_mortality","","","","The IRC's mortality surveys gave 5.4 million excess deaths. The Human Security Report Project disputed the baseline mortality assumption and argued for a figure closer to 2.8 million. Both are modelled, not counted","1","contested","partial","UN Mapping Report catalogues 617 incidents against a far larger total","UN Mapping Report 2010 (617 incidents); ICC Lubanga and Ntaganda","unverified","","UN Mapping Report catalogues 617 documented incidents with locations"
"EV0232","Darfur genocide","Sudanese state violence","core","TRUE","2003","2010","North, South and West Darfur","Sudan","","","","","region","victim_site","Sudanese government and Janjaweed","","","Fur, Masalit, Zaghawa","state mass killing","200000","300000","documented_estimate","","","","","1","ongoing_adjudication","not_assessed","","ICC warrants (al-Bashir, Harun); UN Commission of Inquiry 2005","unverified","",""
"EV0233","Nuba Mountains and Blue Nile campaign","Sudanese state violence","core","TRUE","2011","2020","South Kordofan, Blue Nile","Sudan","","","","","region","victim_site","Sudanese armed forces","","","Nuba and local populations","state mass killing","","","not_quantified","","","","","2","confirmed","not_assessed","","Satellite Sentinel Project; HRW","unverified","",""
"EV0234","West Darfur killings and the Sudan civil war","Sudanese civil war","core","TRUE","2023","2026","El Geneina; El Fasher","Sudan","","","","","multi_point","victim_site","Rapid Support Forces and allied militias","","","Masalit and others","state mass killing","10000","15000","documented_estimate","","","","","2","ongoing_adjudication","not_assessed","","UN Panel of Experts; OHCHR","unverified","",""
"EV0235","South Sudan civil war atrocities","South Sudanese civil war","core","TRUE","2013","2020","Juba, Bentiu, Malakal","South Sudan","","","","","multi_point","victim_site","SPLA and opposition forces","","","Civilians by ethnicity","state mass killing","190000","400000","documented_estimate","","","","","1","confirmed","not_assessed","","UN Commission on Human Rights in South Sudan; LSHTM mortality study","unverified","",""
"EV0236","Algerian civil war massacres","Algerian civil war","core","TRUE","1992","2002","Bentalha, Rais, Relizane","Algeria","","","","","multi_point","victim_site","GIA and state-linked militias","","","Villagers","state mass killing","60000","200000","documented_estimate","","","","","2","contested","not_assessed","","Amnesty; Algeria-Watch","unverified","","Attribution between Islamist groups and state forces disputed"
"EV0237","Tigray war atrocities","Ethiopian internal conflict","core","TRUE","2020","2022","Tigray; Axum, Mai Kadra","Ethiopia","","","","","multi_point","victim_site","Ethiopian and Eritrean forces, Amhara militia, TPLF","","","Civilians","state mass killing","162000","600000","documented_estimate","","","","","2","ongoing_adjudication","not_assessed","","ICHREE reports 2022-23; Ghent University mortality survey","unverified","",""
"EV0238","Boko Haram insurgency","Nigerian insurgency","core","TRUE","2009","2026","Borno, Yobe; Chibok, Baga","Nigeria","","","","","multi_point","victim_site","Boko Haram / ISWAP","","","Civilians, students","state mass killing","35000","350000","documented_estimate","","","","","2","confirmed","not_assessed","","ACLED; UNDP 2021 mortality estimate","unverified","",""
"EV0239","Nigerian Middle Belt violence","Nigerian communal conflict","core","TRUE","2001","2026","Plateau, Benue, Kaduna states","Nigeria","","","","","multi_point","victim_site","Herder and farmer militias","","","Rural communities, both Christian and Muslim","state mass killing","","","not_quantified","","","","","2","contested","not_assessed","","ACLED; Amnesty Nigeria","unverified","","Frequently framed as religious persecution; underlying drivers are contested"
"EV0240","Sharpeville massacre","Apartheid South Africa","core","TRUE","1960","1960","Sharpeville","South Africa","-26.6833","27.8667","fixture_dev","site","point","victim_site","South African Police","","","Protesters","state mass killing","69","","documented_estimate","","","","","1","confirmed","not_assessed","","Wessels Commission; TRC","unverified","",""
"EV0241","Soweto uprising","Apartheid South Africa","core","TRUE","1976","1976","Soweto","South Africa","-26.2678","27.8586","unverified_ai","settlement","point","victim_site","South African Police","","","Student protesters","state mass killing","176","700","documented_estimate","","","","","1","confirmed","not_assessed","","Cillie Commission; TRC","unverified","",""
"EV0242","Forced removals and Bantustans","Apartheid South Africa","core","TRUE","1960","1983","District Six; Sophiatown; homeland resettlement","South Africa","","","","","multi_point","victim_site","South African government","","","Black, Coloured and Indian communities","state mass killing","","","not_quantified","","","","","1","confirmed","not_assessed","","Surplus People Project; TRC report","unverified","","3.5 million people forcibly relocated"
"EV0243","Parsley massacre","Dominican state violence","core","TRUE","1937","1937","Dajabon and the Massacre River border","Dominican Republic","","","","","region","victim_site","Dominican army under Trujillo","","","Haitians and Haitian-Dominicans","state mass killing","9000","35000","documented_estimate","","","","","2","confirmed","not_assessed","","Turits; contemporary diplomatic records","unverified","",""
"EV0244","Guatemalan genocide and scorched earth","Guatemalan civil war","core","TRUE","1960","1996","Ixil region; Rio Negro; Dos Erres","Guatemala","","","","","multi_point","victim_site","Guatemalan army and civil patrols","","","Maya communities","state mass killing","160000","200000","documented_estimate","","","","","1","confirmed","extensive","CEH documented 626 massacres with locations","CEH Memoria del Silencio 1999 (626 massacres documented); Rios Montt conviction 2013","unverified","","CEH documented 626 massacres with locations"
"EV0245","Dos Erres massacre","Guatemalan civil war","core","TRUE","1982","1982","Dos Erres, Peten","Guatemala","16.9167","-90.2667","unverified_ai","approximate","point","victim_site","Kaibiles special forces","","","Village population","state mass killing","162","250","documented_estimate","","","","","1","confirmed","not_assessed","","Guatemalan court convictions 2011-18; FAFG exhumations","unverified","",""
"EV0246","El Mozote massacre","Salvadoran civil war","core","TRUE","1981","1981","El Mozote, Morazan","El Salvador","13.7667","-88.1167","fixture_dev","site","point","victim_site","Atlacatl Battalion","","","Village population","state mass killing","800","1000","documented_estimate","","","","","1","confirmed","not_assessed","","UN Truth Commission 1993; forensic exhumations","unverified","",""
"EV0247","Argentine Dirty War disappearances","Argentine military dictatorship","core","TRUE","1976","1983","ESMA; 340 clandestine detention centres","Argentina","-34.5386","-58.4644","fixture_dev","site","multi_point","victim_site","Military junta","","","Perceived subversives","state mass killing","9000","30000","documented_estimate","","","","","1","confirmed","extensive","340+ clandestine detention centres inventoried","CONADEP Nunca Mas 1984; post-2003 trials","unverified","","Clandestine centre list is published and mappable"
"EV0248","Death flights","Argentine military dictatorship","core","TRUE","1976","1983","Rio de la Plata; Atlantic coast","Argentina","","","","","region","victim_site","Argentine navy","","","Detainees","state mass killing","","","not_quantified","","","","","1","confirmed","not_assessed","","ESMA trial judgments; Scilingo confession","unverified","",""
"EV0249","Chilean dictatorship repression","Chilean military dictatorship","core","TRUE","1973","1990","Villa Grimaldi; Estadio Nacional; Colonia Dignidad","Chile","","","","","multi_point","victim_site","DINA/CNI and armed forces","","","Political opponents","state mass killing","3065","","documented_estimate","","","","","1","confirmed","not_assessed","","Rettig Report 1991; Valech Report 2004","unverified","",""
"EV0250","Caravan of Death","Chilean military dictatorship","core","TRUE","1973","1973","Calama, La Serena, Antofagasta and other garrisons","Chile","","","","","route","victim_site","Army detachment under Arellano Stark","","","Detainees","state mass killing","97","","documented_estimate","","","","","1","confirmed","not_assessed","","Chilean court judgments","unverified","",""
"EV0251","Operation Condor","Southern Cone coordination","core","TRUE","1975","1983","Argentina, Chile, Uruguay, Paraguay, Bolivia, Brazil","Multiple","","","","","network","victim_site","Southern Cone intelligence services","","","Exiles and opponents","state mass killing","","","not_quantified","","","","","1","confirmed","not_assessed","","Paraguayan Archives of Terror 1992; Rome and Buenos Aires convictions","unverified","","Archives of Terror is an unusually complete perpetrator archive"
"EV0252","Brazilian dictatorship repression","Brazilian military dictatorship","core","TRUE","1964","1985","DOI-CODI centres; Araguaia","Brazil","","","","","multi_point","victim_site","Military government","","","Political opponents and indigenous peoples","state mass killing","434","","documented_estimate","","","","","1","confirmed","not_assessed","","National Truth Commission 2014","unverified","","Commission also documented indigenous deaths in the thousands"
"EV0253","Peruvian internal conflict","Peruvian internal conflict","core","TRUE","1980","2000","Ayacucho; Accomarca; Barrios Altos; La Cantuta","Peru","","","","","multi_point","victim_site","Shining Path, MRTA and state forces","","","Rural Quechua communities","state mass killing","69280","","documented_estimate","","","","","1","confirmed","not_assessed","","CVR final report 2003; IACtHR judgments","unverified","","Both insurgent and state responsibility documented"
"EV0254","Fujimori forced sterilisations","Peruvian family planning programme","core","TRUE","1996","2000","Andean provinces","Peru","","","","","region","victim_site","Peruvian government","","","Indigenous and poor rural women","state mass killing","","","not_quantified","","","","","1","ongoing_adjudication","not_assessed","","Peruvian Congress inquiry; Defensoria del Pueblo reports","unverified","","Around 270,000 sterilisations, a substantial share coerced"
"EV0255","Colombian paramilitary massacres","Colombian armed conflict","core","TRUE","1988","2006","Mapiripan; El Salado; Bojaya","Colombia","","","","","multi_point","victim_site","AUC paramilitaries, guerrillas and state actors","","","Rural civilians","state mass killing","220000","","documented_estimate","","","","","1","confirmed","extensive","CNMH massacre-level geodata","Centro Nacional de Memoria Historica; Justicia y Paz rulings","unverified","","CNMH database has massacre-level geodata"
"EV0256","False positives scandal","Colombian armed conflict","core","TRUE","2002","2008","Soacha; Catatumbo","Colombia","","","","","multi_point","victim_site","Colombian army units","","","Civilians presented as combat kills","state mass killing","6402","","documented_estimate","","","","","1","confirmed","not_assessed","","JEP finding 2021","unverified","",""
"EV0257","Tlatelolco massacre","Mexican state violence","core","TRUE","1968","1968","Plaza de las Tres Culturas, Mexico City","Mexico","19.4514","-99.1367","unverified_ai","site","point","victim_site","Mexican army and Batallon Olimpia","","","Student protesters","state mass killing","30","400","documented_estimate","","","","","1","confirmed","not_assessed","","FEMOSPP report 2006; declassified archives","unverified","",""
"EV0258","Acteal massacre","Chiapas conflict","core","TRUE","1997","1997","Acteal, Chiapas","Mexico","16.9333","-92.6167","unverified_ai","settlement","point","victim_site","Paramilitary group","","","Tzotzil civilians","state mass killing","45","","documented_estimate","","","","","1","confirmed","not_assessed","","Mexican court cases; CNDH","unverified","",""
"EV0259","Ayotzinapa disappearance","Mexican state and cartel violence","core","TRUE","2014","2014","Iguala, Guerrero","Mexico","18.3447","-99.5403","unverified_ai","settlement","point","victim_site","Municipal police and cartel, with federal involvement","","","Student teachers","state mass killing","43","","documented_estimate","","","","","1","ongoing_adjudication","not_assessed","","GIEI reports; Truth Commission 2022","unverified","",""
"EV0260","Mexican drug war disappearances","Mexican state and cartel violence","core","TRUE","2006","2026","Nationwide; San Fernando; Allende","Mexico","","","","","region","victim_site","Cartels, police and military","","","Civilians and migrants","state mass killing","110000","","documented_estimate","","","","","2","ongoing_adjudication","not_assessed","","Registro Nacional de Personas Desaparecidas","unverified","","Official registry gives municipality-level data"
"EV0261","Duvalier repression","Haitian dictatorship","core","TRUE","1957","1986","Fort Dimanche; nationwide","Haiti","","","","","multi_point","victim_site","Tonton Macoute and government","","","Political opponents","state mass killing","30000","60000","documented_estimate","","","","","2","confirmed","not_assessed","","IACHR; Haitian court proceedings 2014","unverified","",""
"EV0262","Vukovar and the Ovcara massacre","Croatian War of Independence","core","TRUE","1991","1991","Vukovar; Ovcara farm","Croatia","45.3167","19.0","unverified_ai","site","point","victim_site","JNA and Serb paramilitaries","","","Croat prisoners and civilians","genocide","260","","documented_estimate","","","","","1","confirmed","not_assessed","","ICTY Mrksic judgment","unverified","",""
"EV0263","Prijedor camps","Bosnian War","core","TRUE","1992","1992","Omarska, Keraterm, Trnopolje","Bosnia and Herzegovina","","","","","multi_point","victim_site","Bosnian Serb forces","","","Bosniaks and Croats","genocide","3000","","documented_estimate","","","","","1","confirmed","not_assessed","","ICTY Tadic, Stakic, Kvocka judgments","unverified","",""
"EV0264","Siege of Sarajevo","Bosnian War","core","TRUE","1992","1996","Sarajevo; Markale marketplace","Bosnia and Herzegovina","43.8586","18.4256","unverified_ai","site","point","victim_site","Army of Republika Srpska","","","City population","genocide","11541","","documented_estimate","","","","","1","confirmed","not_assessed","","ICTY Galic and Milosevic (D.) judgments","unverified","",""
"EV0265","Srebrenica genocide","Bosnian War","core","TRUE","1995","1995","Srebrenica; Kravica; Pilica","Bosnia and Herzegovina","44.1058","19.2969","fixture_dev","site","multi_point","victim_site","Army of Republika Srpska","","","Bosniak men and boys","genocide","8372","","documented_estimate","","","","","1","confirmed","near_complete","ICMP has identified individual secondary grave sites through DNA matching","ICTY Krstic and Mladic judgments; ICJ 2007","unverified","","Secondary mass grave sites are individually mapped by ICMP"
"EV0266","Kosovo expulsions and massacres","Kosovo War","core","TRUE","1998","1999","Racak; Izbica; Djakovica","Serbia / Kosovo","","","","","multi_point","victim_site","Serbian forces","","","Kosovo Albanians","genocide","10800","","documented_estimate","","","","","1","confirmed","not_assessed","","ICTY Milutinovic judgment; HRW","unverified","",""
"EV0267","Bloody Sunday","Northern Ireland conflict","core","TRUE","1972","1972","Derry/Londonderry","United Kingdom","54.9958","-7.3074","unverified_ai","settlement","point","victim_site","British Parachute Regiment","","","Civil rights marchers","genocide","14","","documented_estimate","","","","","1","confirmed","not_assessed","","Saville Inquiry 2010","unverified","",""
"EV0268","Pitesti prison experiment","Romanian communist repression","core","TRUE","1949","1952","Pitesti","Romania","44.8565","24.8692","unverified_ai","settlement","point","victim_site","Securitate","","","Student prisoners","genocide","","","not_quantified","","","","","2","confirmed","not_assessed","","Romanian Institute for the Investigation of Communist Crimes","unverified","","Prisoner-on-prisoner torture programme"
"EV0269","Decree 770 and Romanian orphanages","Ceausescu-era Romania","core","TRUE","1966","1989","Nationwide; 600+ institutions","Romania","","","","","multi_point","victim_site","Romanian state","","","Women and institutionalised children","genocide","9000","10000","documented_estimate","","","","","2","confirmed","not_assessed","","Kligman, The Politics of Duplicity; post-1989 investigations","unverified","","Abortion ban with deaths from unsafe procedures; orphanage neglect"
"EV0270","Albanian labour camps and religious ban","Albanian communist rule","core","TRUE","1967","1990","Spac; Burrel","Albania","","","","","multi_point","victim_site","Albanian state","","","Political and religious prisoners","genocide","","","not_quantified","","","","","2","confirmed","not_assessed","","Albanian Institute for Studies of Communist Crimes","unverified","","Only state to formally abolish religion"
"EV0271","Berlin Wall and inner-German border deaths","East German state","core","TRUE","1961","1989","Berlin Wall; inner-German border","Germany","","","","","route","victim_site","GDR border troops","","","Escapees","genocide","140","327","documented_estimate","","","","","1","confirmed","not_assessed","","Stasi records; Berlin Wall Memorial","unverified","",""
"EV0272","US compulsory sterilisation programmes","Eugenics movement","core","TRUE","1907","1979","Virginia, California and 30 further states","United States","","","","","multi_point","victim_site","State eugenics boards","","","Disabled, poor and minority people","institutional abuse","","","not_quantified","","","","","1","confirmed","not_assessed","","Buck v. Bell 1927; state records; NC Eugenics Board files","unverified","","Over 60,000 sterilisations; state-level records survive"
"EV0273","La Operacion","US-backed sterilisation in Puerto Rico","core","TRUE","1937","1970","Puerto Rico","Puerto Rico","","","","","region","victim_site","Territorial government and US programmes","","","Puerto Rican women","institutional abuse","","","not_quantified","","","","","2","confirmed","not_assessed","","Presser; congressional hearings","unverified","","About a third of women of childbearing age sterilised"
"EV0274","Indian Health Service sterilisations","US sterilisation programmes","core","TRUE","1970","1976","IHS service areas","United States","","","","","region","victim_site","Indian Health Service","","","Native American women","institutional abuse","3406","","documented_estimate","","","","","1","confirmed","not_assessed","","GAO report 1976","unverified","",""
"EV0275","Swedish sterilisation programme","Eugenics movement","core","TRUE","1935","1976","Nationwide","Sweden","","","","","region","victim_site","Swedish state","","","Disabled, Roma and 'asocial' people","institutional abuse","","","not_quantified","","","","","1","confirmed","not_assessed","","Swedish government commission 2000","unverified","","About 63,000 sterilisations"
"EV0276","Japanese Eugenic Protection Law","Eugenics movement","core","TRUE","1948","1996","Nationwide","Japan","","","","","region","victim_site","Japanese state","","","Disabled people","institutional abuse","","","not_quantified","","","","","1","confirmed","not_assessed","","Japanese Supreme Court ruling 2024; government compensation law","unverified","","About 25,000 sterilisations, 16,500 without consent"
"EV0277","Alberta Sexual Sterilization Act","Eugenics movement","core","TRUE","1928","1972","Alberta","Canada","","","","","region","victim_site","Alberta Eugenics Board","","","Institutionalised people, disproportionately Indigenous","institutional abuse","2832","","documented_estimate","","","","","1","confirmed","not_assessed","","Muir v Alberta 1996; board records","unverified","",""
"EV0278","Roma sterilisation in Czechoslovakia and successors","Coercive sterilisation","core","TRUE","1966","2012","Czechoslovakia, Czech Republic, Slovakia","Czech Republic / Slovakia","","","","","region","victim_site","State health systems","","","Romani women","institutional abuse","","","not_quantified","","","","","1","confirmed","not_assessed","","Czech Public Defender of Rights 2005; Czech compensation law 2021","unverified","",""
"EV0279","Chinese one-child policy enforcement","Chinese population control","register","FALSE","1979","2015","Nationwide, with regional campaigns","China","","","","","unmapped","victim_site","Chinese state and local officials","","","Women and families","institutional abuse","","","not_quantified","","","","","2","contested","not_assessed","","Greenhalgh; Chinese health statistics; Scharping","unverified","","Coercion varied greatly by province and period; avoid a single national claim"
"EV0280","Magdalene laundries","Irish institutional confinement","core","TRUE","1922","1996","10 named laundries","Ireland","","","","","multi_point","victim_site","Religious orders with state referral","","","Women and girls","institutional abuse","","","not_quantified","","","","","1","confirmed","not_assessed","","McAleese Report 2013","unverified","",""
"EV0281","Mother and baby homes and Tuam","Irish institutional confinement","core","TRUE","1922","1998","Tuam; Bessborough; Sean Ross Abbey","Ireland","","","","","multi_point","victim_site","Religious orders and state","","","Unmarried mothers and infants","institutional abuse","9000","","documented_estimate","","","","","1","confirmed","not_assessed","","Commission of Investigation final report 2021","unverified","","Infant mortality rates far above national average"
"EV0282","Duplessis orphans","Quebec institutional abuse","core","TRUE","1940","1960","Quebec psychiatric institutions","Canada","","","","","multi_point","victim_site","Quebec government and religious orders","","","Orphaned children","institutional abuse","","","not_quantified","","","","","2","confirmed","not_assessed","","Quebec inquiries; 2001 settlement","unverified","","Children falsely certified as mentally ill for funding"
"EV0283","Catholic Church child sexual abuse","Institutional child abuse","core","TRUE","1950","2020","Boston; Pennsylvania; Australia; France","Multiple","","","","","network","victim_site","Clergy and dioceses","","","Children","institutional abuse","","","not_quantified","","","","","1","confirmed","not_assessed","","Pennsylvania Grand Jury 2018; Australian Royal Commission 2017; CIASE France 2021","unverified","","CIASE estimated 216,000 victims in France alone"
"EV0284","Tuskegee syphilis study","US medical experimentation","core","TRUE","1932","1972","Macon County, Alabama","United States","32.43","-85.6917","unverified_ai","approximate","point","victim_site","US Public Health Service","","","Black men with syphilis","institutional abuse","128","","documented_estimate","","","","","1","confirmed","not_assessed","","Ad Hoc Advisory Panel 1973; presidential apology 1997","unverified","",""
"EV0285","Guatemala STD experiments","US medical experimentation","core","TRUE","1946","1948","Guatemala City","Guatemala","14.6349","-90.5069","unverified_ai","settlement","point","victim_site","US Public Health Service","","","Prisoners, soldiers, psychiatric patients","institutional abuse","83","","documented_estimate","","","","","1","confirmed","not_assessed","","Presidential Commission for the Study of Bioethical Issues 2011","unverified","",""
"EV0286","Willowbrook hepatitis studies","US medical experimentation","core","TRUE","1955","1970","Willowbrook State School, Staten Island","United States","40.6","-74.15","unverified_ai","site","point","victim_site","Researchers with state cooperation","","","Disabled children","institutional abuse","","","not_quantified","","","","","1","confirmed","not_assessed","","Congressional hearings; NY class action 1975","unverified","",""
"EV0287","US human radiation experiments","US medical experimentation","core","TRUE","1944","1974","Multiple hospitals and sites","United States","","","","","multi_point","victim_site","Atomic Energy Commission and contractors","","","Patients, prisoners, soldiers","institutional abuse","","","not_quantified","","","","","1","confirmed","not_assessed","","Advisory Committee on Human Radiation Experiments 1995","unverified","",""
"EV0288","MKUltra","US covert experimentation","core","TRUE","1953","1973","Multiple universities and safe houses","United States","","","","","multi_point","victim_site","CIA","","","Unwitting subjects","institutional abuse","","","not_quantified","","","","","1","confirmed","not_assessed","","Church Committee 1975; Rockefeller Commission","unverified","",""
"EV0289","Vipeholm dental experiments","Swedish medical experimentation","core","TRUE","1945","1955","Vipeholm Hospital, Lund","Sweden","55.7","13.2","unverified_ai","site","point","victim_site","Swedish medical board and industry","","","Institutionalised disabled patients","institutional abuse","","","not_quantified","","","","","2","confirmed","not_assessed","","Swedish inquiries; Bommenel","unverified","",""
"EV0290","Infected blood scandal","Contaminated blood products","core","TRUE","1970","1991","UK, France, Japan, Canada","Multiple","","","","","network","victim_site","Health services and pharmaceutical suppliers","","","Haemophiliacs and transfusion patients","institutional abuse","","","not_quantified","","","","","1","confirmed","not_assessed","","UK Infected Blood Inquiry 2024; French affaire du sang contamine convictions","unverified","","UK inquiry found deliberate concealment"
"EV0291","Henan plasma economy HIV epidemic","Chinese blood collection","core","TRUE","1991","1996","Henan province","China","","","","","region","victim_site","Provincial health authorities and collection stations","","","Rural plasma donors","institutional abuse","","","not_quantified","","","","","2","contested","not_assessed","","Gao Yaojie; Wan Yanhai; academic studies","unverified","","State suppression of the story is documented"
"EV0292","Thalidomide","Pharmaceutical harm","register","FALSE","1957","1961","Germany, UK, Japan, Australia","Multiple","","","","","unmapped","victim_site","Chemie Grunenthal and licensees","","","Pregnant women and infants","institutional abuse","","","counted","10000","","children born with thalidomide embryopathy worldwide","Around 40 percent died in infancy. Survivor cohorts are tracked in Germany, the UK, Japan and Australia","1","confirmed","not_assessed","","Aachen trial 1968-70; UK Distillers settlement","unverified","","About 10,000 affected births"
"EV0293","Bhopal gas disaster","Industrial chemical release","core","TRUE","1984","1984","Bhopal","India","23.2833","77.4100","fixture_dev","site","point","victim_site","Union Carbide India Ltd","acquisition","Dow Chemical, now Dow Inc.","City residents","corporate and industrial harm","3787","25000","documented_estimate","574000","","people recognised as injured by the Indian government","The lower figure is the immediate official count; the higher includes deaths over subsequent years","1","confirmed","not_assessed","","Indian government figures; Bhopal court convictions 2010","unverified","","Site still contaminated; ongoing harm"
"EV0294","Minamata disease","Industrial mercury poisoning","core","TRUE","1932","1968","Minamata, Kumamoto","Japan","32.2100","130.4000","fixture_dev","site","point","victim_site","Chisso Corporation","liability_spinoff","JNC Corporation","Fishing communities","corporate and industrial harm","1784","","counted","2265","","officially certified patients","Certification was restrictive; tens of thousands more applied and were refused","1","confirmed","not_assessed","","Kumamoto District Court 1973; Japanese government recognition","unverified","","Company knew and continued discharging"
"EV0295","Niigata Minamata disease","Industrial mercury poisoning","core","TRUE","1964","1965","Agano River, Niigata","Japan","","","","","region","victim_site","Showa Denko","","","River communities","corporate and industrial harm","","","not_quantified","","","","","1","confirmed","not_assessed","","Niigata District Court 1971","unverified","",""
"EV0296","Itai-itai disease","Industrial cadmium poisoning","core","TRUE","1912","1970","Jinzu River basin, Toyama","Japan","","","","","region","victim_site","Mitsui Mining and Smelting","","","Farming communities","corporate and industrial harm","","","not_quantified","","","","","1","confirmed","not_assessed","","Toyama District Court 1971","unverified","",""
"EV0297","Yusho and Yucheng PCB poisoning","Industrial chemical contamination","core","TRUE","1968","1979","Fukuoka; Taichung","Japan / Taiwan","","","","","multi_point","victim_site","Kanemi Soko; Chang Hua","","","Consumers","corporate and industrial harm","","","not_quantified","","","","","1","confirmed","not_assessed","","Japanese and Taiwanese court rulings","unverified","",""
"EV0298","DuPont C8 contamination","Industrial chemical contamination","core","TRUE","1951","2015","Parkersburg, West Virginia; Ohio River valley","United States","","","","","region","victim_site","DuPont","","","Local residents and workers","corporate and industrial harm","","","not_quantified","","","","","1","confirmed","not_assessed","","C8 Science Panel; Leach class action; 2017 settlement","unverified","","Internal documents show decades of knowledge; the Dark Waters case"
"EV0299","Libby vermiculite asbestos","Occupational and environmental asbestos","core","TRUE","1963","1990","Libby, Montana","United States","48.3883","-115.5561","unverified_ai","settlement","point","victim_site","W.R. Grace and Company","","","Workers and townspeople","corporate and industrial harm","400","","documented_estimate","","","","","1","confirmed","not_assessed","","EPA public health emergency 2009; federal litigation","unverified","",""
"EV0300","Wittenoom asbestos mining","Occupational asbestos","core","TRUE","1943","1966","Wittenoom, Western Australia","Australia","-22.24","118.335","unverified_ai","settlement","point","victim_site","Australian Blue Asbestos (CSR)","","","Miners and residents","corporate and industrial harm","2000","","documented_estimate","","","","Projected total for former workers and residents, accruing over decades of mesothelioma latency","1","confirmed","not_assessed","","Australian court judgments; state records","unverified","","Town degazetted and removed from maps"
"EV0301","Eternit asbestos at Casale Monferrato","Occupational and environmental asbestos","core","TRUE","1907","1986","Casale Monferrato","Italy","45.1333","8.45","unverified_ai","settlement","point","victim_site","Eternit","rename","Etex Group (Belgium); Swisspearl (Switzerland)","Workers and townspeople","corporate and industrial harm","2000","","documented_estimate","","","","","1","confirmed","not_assessed","","Turin court proceedings 2012 (later partly annulled)","unverified","",""
"EV0302","Tobacco industry concealment","Corporate public health harm","register","FALSE","1953","2006","United States and globally","Multiple","","","","","unmapped","victim_site","Major tobacco manufacturers","","","Smokers","corporate and industrial harm","","","attributable_annual","","","current smokers worldwide: over 1 billion","WHO attributes more than 8 million deaths a year to tobacco, and around 100 million deaths to tobacco across the twentieth century. The litigation established the concealment; the mortality is epidemiological attribution, not a body count","1","confirmed","not_assessed","","WHO tobacco fact sheets; US v Philip Morris, Kessler judgment 2006","unverified","","Court found a decades-long scheme to deceive"
"EV0303","Purdue Pharma and the opioid crisis","Corporate public health harm","core","TRUE","1996","2020","United States, concentrated in Appalachia","United States","","","","","region","victim_site","Purdue Pharma and distributors","court_ordered","Knoa Pharma LLC","Patients and communities","corporate and industrial harm","500000","900000","excess_mortality","","","Americans with opioid use disorder at peak: roughly 2 million","US overdose deaths across the epidemic, to which Purdue is one contributor among manufacturers, distributors and prescribers. Not all attributable to one company","1","confirmed","not_assessed","","CDC WONDER overdose mortality; Purdue guilty pleas 2007 and 2020","source_checked","Purdue dissolved 1 May 2026; Knoa Pharma successor","Over 500,000 US opioid overdose deaths 1999-2020"
"EV0304","Love Canal","Toxic waste dumping","core","TRUE","1942","1978","Niagara Falls, New York","United States","43.08","-78.95","unverified_ai","site","point","victim_site","Hooker Chemical","rename","Occidental Chemical Corporation (OxyChem)","Residents and schoolchildren","corporate and industrial harm","","","not_quantified","","","","","1","confirmed","not_assessed","","US v Occidental settlement 1995; EPA record","unverified","",""
"EV0305","Seveso dioxin release","Industrial chemical release","core","TRUE","1976","1976","Seveso","Italy","45.64","9.14","unverified_ai","settlement","point","victim_site","ICMESA (Givaudan/Hoffmann-La Roche)","","","Local population","corporate and industrial harm","","","not_quantified","","","","","1","confirmed","not_assessed","","Italian criminal convictions; EU Seveso Directive","unverified","",""
"EV0306","Camp Lejeune water contamination","Military environmental harm","core","TRUE","1953","1987","Camp Lejeune, North Carolina","United States","34.64","-77.34","unverified_ai","site","point","victim_site","US Marine Corps","","","Service members and families","corporate and industrial harm","","","not_quantified","","","","","1","confirmed","not_assessed","","ATSDR studies; Camp Lejeune Justice Act 2022","unverified","",""
"EV0307","Flint water crisis","Municipal negligence","core","TRUE","2014","2019","Flint, Michigan","United States","43.0125","-83.6875","unverified_ai","settlement","point","victim_site","State-appointed emergency management","","","City residents","corporate and industrial harm","12","90","documented_estimate","","","","","1","confirmed","not_assessed","","Michigan Civil Rights Commission 2017; criminal charges","unverified","",""
"EV0308","Lago Agrio oil contamination","Extractive industry harm","core","TRUE","1964","1992","Lago Agrio, Oriente region","Ecuador","","","","","region","victim_site","Texaco (later Chevron)","","","Indigenous and settler communities","corporate and industrial harm","","","not_quantified","","","","","1","contested","not_assessed","","Ecuadorian court judgment 2011; contested enforcement","unverified","","Judgment found fraudulent by a US court; document both sides"
"EV0309","Ogoniland oil pollution and the Ogoni Nine","Extractive industry harm","core","TRUE","1958","1995","Ogoniland, Niger Delta","Nigeria","","","","","region","victim_site","Shell Petroleum Development Company and Nigerian state","","","Ogoni people","corporate and industrial harm","","","not_quantified","","","","","1","confirmed","not_assessed","","UNEP Ogoniland assessment 2011; Wiwa v Shell settlement 2009","unverified","","Ken Saro-Wiwa and eight others executed in 1995"
"EV0310","Trafigura toxic waste dumping","Toxic waste dumping","core","TRUE","2006","2006","Abidjan","Cote d'Ivoire","","","","","multi_point","victim_site","Trafigura and local contractor","","","Abidjan residents","corporate and industrial harm","17","","documented_estimate","","","","","1","confirmed","not_assessed","","Dutch criminal conviction 2010; UK settlement 2009","unverified","","Around 100,000 sought medical treatment"
"EV0311","Ok Tedi mine riverine tailings","Extractive industry harm","core","TRUE","1984","2013","Ok Tedi and Fly River","Papua New Guinea","","","","","region","victim_site","BHP and Ok Tedi Mining","rename","BHP","Downstream communities","corporate and industrial harm","","","not_quantified","","","","","1","confirmed","not_assessed","","1996 settlement; PNG government reports","unverified","",""
"EV0312","Marcopper tailings spill","Extractive industry harm","core","TRUE","1996","1996","Boac River, Marinduque","Philippines","","","","","region","victim_site","Marcopper Mining (Placer Dome)","","","River communities","corporate and industrial harm","","","not_quantified","","","","","2","confirmed","not_assessed","","Philippine government reports; UNEP","unverified","",""
"EV0313","Mariana and Brumadinho dam collapses","Extractive industry harm","core","TRUE","2015","2019","Mariana; Brumadinho, Minas Gerais","Brazil","","","","","multi_point","victim_site","Samarco/Vale/BHP","rename","BHP","Workers and downstream communities","corporate and industrial harm","289","","documented_estimate","","","","","1","confirmed","not_assessed","","Brazilian prosecutions; 2024 settlements","unverified","",""
"EV0314","Baia Mare cyanide spill","Extractive industry harm","core","TRUE","2000","2000","Baia Mare; Tisza and Danube rivers","Romania / Hungary","","","","","route","victim_site","Aurul (Esmeralda Exploration)","","","River communities and ecosystems","corporate and industrial harm","","","not_quantified","","","","","2","confirmed","not_assessed","","EU task force report 2000","unverified","",""
"EV0315","Aral Sea desiccation","State environmental destruction","core","TRUE","1960","2000","Aral Sea basin","Uzbekistan / Kazakhstan","","","","","region","victim_site","Soviet irrigation policy","","","Regional population","corporate and industrial harm","","","not_quantified","","","","","2","confirmed","not_assessed","","UNEP; Micklin","unverified","","Public health collapse in Karakalpakstan"
"EV0316","Chernobyl disaster and the cover-up","Nuclear accident and concealment","core","TRUE","1986","1986","Pripyat and the exclusion zone","Ukraine","","","","","region","victim_site","Soviet authorities","","","Workers, liquidators, regional population","corporate and industrial harm","31","60000","documented_estimate","","","","","1","contested","not_assessed","","IAEA Chernobyl Forum; Soviet records","unverified","","Immediate deaths are certain; long-term toll is disputed"
"EV0317","Kyshtym disaster and Techa River discharges","Nuclear contamination","core","TRUE","1949","1957","Mayak, Ozyorsk; Techa River","Russia","","","","","region","victim_site","Soviet nuclear programme","","","Downstream villages","corporate and industrial harm","","","not_quantified","","","","","2","confirmed","not_assessed","","Russian declassified records; Norwegian Radiation Protection Authority","unverified","","Deliberate river discharges preceded the 1957 explosion"
"EV0318","Semipalatinsk nuclear test site","Nuclear testing","core","TRUE","1949","1989","Semipalatinsk Polygon","Kazakhstan","","","","","region","victim_site","Soviet nuclear programme","","","Local population","corporate and industrial harm","","","not_quantified","","","","","2","confirmed","not_assessed","","Kazakh government studies; UNDP","unverified","","456 tests; populated areas deliberately left in place for study"
"EV0319","Castle Bravo and Marshall Islands testing","Nuclear testing","core","TRUE","1946","1958","Bikini and Enewetak atolls; Rongelap","Marshall Islands","","","","","multi_point","victim_site","United States","","","Marshallese population","corporate and industrial harm","","","not_quantified","","","","","1","confirmed","not_assessed","","US Nuclear Claims Tribunal; Project 4.1 records","unverified","","Project 4.1 studied exposed islanders as subjects"
"EV0320","Maralinga and Emu Field tests","Nuclear testing","core","TRUE","1956","1963","Maralinga; Emu Field","Australia","","","","","multi_point","victim_site","United Kingdom with Australian consent","","","Anangu people and servicemen","corporate and industrial harm","","","not_quantified","","","","","1","confirmed","not_assessed","","McClelland Royal Commission 1985","unverified","",""
"EV0321","Hanford downwinders","Nuclear production","core","TRUE","1944","1972","Hanford Site, Washington","United States","","","","","region","victim_site","US Atomic Energy Commission","","","Downwind residents","corporate and industrial harm","","","not_quantified","","","","","1","confirmed","not_assessed","","Hanford Environmental Dose Reconstruction Project; Green Run records","unverified","","Green Run was a deliberate 1949 release"
"EV0322","Grenfell Tower fire","Building safety negligence","core","TRUE","2017","2017","North Kensington, London","United Kingdom","51.5138","-0.2158","unverified_ai","site","point","victim_site","Cladding manufacturers, contractors, local authority","","","Residents","corporate and industrial harm","72","","documented_estimate","","","","","1","confirmed","not_assessed","","Grenfell Tower Inquiry Phase 2 report 2024","unverified","","Inquiry found systematic dishonesty by manufacturers"
"EV0323","Hillsborough disaster and cover-up","Institutional negligence and concealment","core","TRUE","1989","2016","Hillsborough Stadium, Sheffield","United Kingdom","53.4114","-1.5006","unverified_ai","site","point","victim_site","South Yorkshire Police","","","Football supporters","corporate and industrial harm","97","","documented_estimate","","","","","1","confirmed","not_assessed","","Hillsborough Independent Panel 2012; 2016 inquest verdicts","unverified","","The cover-up is the deliberate element"
"EV0324","Aberfan disaster","Industrial negligence","core","TRUE","1966","1966","Aberfan","United Kingdom","51.695","-3.34","unverified_ai","settlement","point","victim_site","National Coal Board","","","Schoolchildren and residents","corporate and industrial harm","144","","documented_estimate","","","","","1","confirmed","not_assessed","","Davies Tribunal 1967","unverified","","Tribunal found the NCB had ignored known tip instability"
"EV0325","Rana Plaza collapse","Garment industry negligence","core","TRUE","2013","2013","Savar, Dhaka","Bangladesh","23.8458","90.2575","unverified_ai","site","point","victim_site","Building owner and garment manufacturers","","","Garment workers","corporate and industrial harm","1134","","documented_estimate","","","","","1","confirmed","not_assessed","","Bangladeshi criminal charges; Accord on Fire and Building Safety","unverified","","Cracks reported and ignored the day before"
"EV0326","Triangle Shirtwaist factory fire","Industrial negligence","core","TRUE","1911","1911","Greenwich Village, New York","United States","40.73","-73.995","unverified_ai","site","point","victim_site","Triangle Waist Company","","","Garment workers","corporate and industrial harm","146","","documented_estimate","","","","","1","confirmed","not_assessed","","New York Factory Investigating Commission","unverified","","Exit doors locked"
"EV0327","St Bartholomew's Day massacre","French Wars of Religion","core","TRUE","1572","1572","Paris and provincial cities","France","","","","","multi_point","victim_site","Catholic forces and mobs","","","Huguenots","religious persecution","5000","30000","documented_estimate","","","","","2","confirmed","not_assessed","","Diefendorf; contemporary accounts","unverified","",""
"EV0328","Dragonnades and the Revocation of the Edict of Nantes","French Wars of Religion","core","TRUE","1681","1700","Poitou, Languedoc, Cevennes","France","","","","","region","victim_site","French crown","","","Huguenots","religious persecution","","","not_quantified","","","","","1","confirmed","not_assessed","","Edict of Fontainebleau 1685; intendant correspondence","unverified","","Forced quartering, conversion and mass emigration"
"EV0329","Persecution of Japanese Christians and Shimabara","Tokugawa religious suppression","core","TRUE","1614","1640","Nagasaki; Shimabara; Unzen","Japan","","","","","multi_point","victim_site","Tokugawa shogunate","","","Japanese Christians","religious persecution","37000","","documented_estimate","","","","","2","confirmed","not_assessed","","Boxer; Jesuit letters; Shimabara records","unverified","",""
"EV0330","Expulsion of the Moriscos","Spanish religious policy","core","TRUE","1609","1614","Valencia, Aragon, Andalusia","Spain","","","","","region","victim_site","Spanish crown","","","Moriscos","religious persecution","","","not_quantified","","","","","2","confirmed","not_assessed","","Carr; royal decrees","unverified","","About 300,000 expelled"
"EV0331","Vietnamese persecution of Catholics","Nguyen dynasty religious policy","register","FALSE","1833","1862","Tonkin and Annam","Vietnam","","","","","unmapped","victim_site","Nguyen dynasty","","","Vietnamese Catholics","religious persecution","","","not_quantified","","","","","2","confirmed","not_assessed","","Missionary records; Vietnamese court edicts","unverified","",""
"EV0332","Boxer Rebellion killings of Christians","Boxer Rebellion","core","TRUE","1899","1901","Shanxi; Zhili; Taiyuan","China","","","","","multi_point","victim_site","Boxers with Qing court backing","","","Chinese Christians and missionaries","religious persecution","30000","","documented_estimate","","","","","2","confirmed","not_assessed","","Esherick; missionary society records","unverified","","Chinese Christian deaths far exceed foreign deaths"
"EV0333","Soviet campaign against religion","Soviet antireligious policy","core","TRUE","1922","1941","Nationwide; Solovki; demolished churches","Former USSR","","","","","multi_point","victim_site","Soviet state","","","Orthodox clergy, Catholics, Muslims, Jews, Baptists","religious persecution","","","not_quantified","","","","","1","confirmed","not_assessed","","Memorial; church commission records","unverified","","Tens of thousands of clergy executed"
"EV0334","Cristero War repression","Mexican anticlerical policy","core","TRUE","1926","1929","Jalisco, Michoacan, Guanajuato","Mexico","","","","","region","victim_site","Mexican government","","","Catholic clergy and laity","religious persecution","","","not_quantified","","","","","2","confirmed","not_assessed","","Meyer, La Cristiada","unverified","",""
"EV0335","Albanian abolition of religion","Albanian communist rule","core","TRUE","1967","1990","Nationwide","Albania","","","","","region","victim_site","Albanian state","","","All religious communities","religious persecution","","","not_quantified","","","","","2","confirmed","not_assessed","","Albanian Institute for Studies of Communist Crimes","unverified","","2,169 religious buildings closed or destroyed"
"EV0336","Persecution of Baha'is in Iran","Iranian religious persecution","core","TRUE","1979","2026","Nationwide; Shiraz executions","Iran","","","","","multi_point","victim_site","Iranian state","","","Baha'is","religious persecution","200","","documented_estimate","","","","","1","ongoing_adjudication","not_assessed","","UN Special Rapporteur reports; Baha'i International Community","unverified","",""
"EV0337","Persecution of Ahmadis in Pakistan","Pakistani religious policy","core","TRUE","1974","2026","Nationwide; Lahore attacks 2010","Pakistan","","","","","multi_point","victim_site","State legislation and militant groups","","","Ahmadiyya Muslims","religious persecution","","","not_quantified","","","","","2","confirmed","not_assessed","","Ordinance XX 1984; HRCP reports","unverified","",""
"EV0338","Attacks on Egyptian Copts","Egyptian sectarian violence","core","TRUE","1981","2026","Alexandria; Maspero; Minya","Egypt","","","","","multi_point","victim_site","Militant groups and, at Maspero, security forces","","","Coptic Christians","religious persecution","","","not_quantified","","","","","2","confirmed","not_assessed","","EIPR; HRW","unverified","",""
"EV0339","Falun Gong persecution","Chinese religious suppression","core","TRUE","1999","2026","Nationwide; Masanjia labour camp","China","","","","","multi_point","victim_site","610 Office and public security","","","Falun Gong practitioners","religious persecution","","","not_quantified","","","","","2","contested","not_assessed","","UN Special Rapporteur communications; Freedom House","unverified","","Organ harvesting allegations remain contested; keep separate and flagged"
"EV0340","Religious repression in North Korea","North Korean state control","core","TRUE","1948","2026","Nationwide; kwanliso camps","North Korea","","","","","multi_point","victim_site","North Korean state","","","Christians and other believers","religious persecution","","","not_quantified","","","","","1","confirmed","not_assessed","","UN Commission of Inquiry 2014","unverified","",""
"EV0341","North Korean political prison camps","North Korean penal system","core","TRUE","1950","2026","Kwanliso 14, 15, 16, 25","North Korea","","","","","multi_point","victim_site","State Security Department","","","Prisoners and their families","arbitrary detention","400000","","documented_estimate","","","people held across the system at any one time: 80,000 to 120,000","Cumulative deaths across seven decades, estimated from defector testimony and satellite analysis. No archival basis exists","1","confirmed","partial","HRNK satellite monitoring of 4 named kwanliso; internal geography inferred","UN Commission of Inquiry 2014; HRNK satellite analysis","unverified","","Camps located and monitored by satellite"
"EV0342","Extraordinary rendition and black sites","US counterterrorism","core","TRUE","2002","2009","Multiple states; Guantanamo; Bagram","Multiple","","","","","network","victim_site","CIA and partner services","","","Detainees","arbitrary detention","","","not_quantified","","","","","1","confirmed","not_assessed","","Senate Select Committee on Intelligence report 2014; ECtHR judgments","unverified","","ECtHR judgments against Poland, Romania, Lithuania"
"EV0343","Libya migrant detention centres","Migration containment","core","TRUE","2016","2026","Tripoli; Zawiya; Bani Walid","Libya","","","","","multi_point","victim_site","Libyan authorities and militias","","","Migrants and refugees","arbitrary detention","","","not_quantified","","","","","1","ongoing_adjudication","not_assessed","","UN Fact-Finding Mission on Libya 2021-23","unverified","",""
"EV0344","Bologna railway station bombing","Right-wing terrorism in Italy","core","TRUE","1980","1980","Bologna","Italy","44.5058","11.3428","unverified_ai","site","point","victim_site","Neofascist perpetrators","","","Travellers","terrorist attack","85","","documented_estimate","","","","","1","confirmed","not_assessed","","Italian court convictions","unverified","",""
"EV0345","Air India Flight 182 bombing","Sikh militant terrorism","core","TRUE","1985","1985","Atlantic Ocean off Ireland","Canada / Ireland","51.05","-12.8167","unverified_ai","approximate","point","victim_site","Babbar Khalsa","","","Passengers","terrorist attack","329","","documented_estimate","","","","","1","confirmed","not_assessed","","Canadian commission of inquiry 2010","unverified","",""
"EV0346","Lockerbie bombing","Libyan-linked terrorism","core","TRUE","1988","1988","Lockerbie","United Kingdom","55.12","-3.35","unverified_ai","settlement","point","victim_site","Perpetrators linked to Libyan intelligence","","","Passengers and residents","terrorist attack","270","","documented_estimate","","","","","1","confirmed","not_assessed","","Scottish court at Camp Zeist judgment 2001","unverified","",""
"EV0347","Tokyo subway sarin attack","Aum Shinrikyo","core","TRUE","1995","1995","Tokyo subway","Japan","","","","","multi_point","victim_site","Aum Shinrikyo","","","Commuters","terrorist attack","14","","documented_estimate","","","","","1","confirmed","not_assessed","","Japanese court judgments","unverified","",""
"EV0348","Oklahoma City bombing","US domestic terrorism","core","TRUE","1995","1995","Murrah Federal Building, Oklahoma City","United States","35.4728","-97.5169","unverified_ai","site","point","victim_site","McVeigh and Nichols","","","Federal workers and children","terrorist attack","168","","documented_estimate","","","","","1","confirmed","not_assessed","","US federal convictions","unverified","",""
"EV0349","Omagh bombing","Northern Ireland conflict","core","TRUE","1998","1998","Omagh","United Kingdom","54.5975","-7.31","unverified_ai","settlement","point","victim_site","Real IRA","","","Shoppers","terrorist attack","29","","documented_estimate","","","","","1","confirmed","not_assessed","","Civil judgment 2009; public inquiry 2024","unverified","",""
"EV0350","September 11 attacks","Al-Qaeda","core","TRUE","2001","2001","New York; Arlington; Shanksville","United States","40.7115","-74.0134","fixture_dev","site","multi_point","victim_site","Al-Qaeda","","","Civilians and responders","terrorist attack","2977","","documented_estimate","","","","","1","confirmed","not_assessed","","9/11 Commission Report 2004","unverified","",""
"EV0351","Bali bombings","Jemaah Islamiyah","core","TRUE","2002","2002","Kuta, Bali","Indonesia","-8.72","115.17","unverified_ai","settlement","point","victim_site","Jemaah Islamiyah","","","Tourists and locals","terrorist attack","202","","documented_estimate","","","","","1","confirmed","not_assessed","","Indonesian court convictions","unverified","",""
"EV0352","Madrid train bombings","Islamist terrorism in Spain","core","TRUE","2004","2004","Atocha and Madrid commuter lines","Spain","","","","","multi_point","victim_site","Islamist cell","","","Commuters","terrorist attack","193","","documented_estimate","","","","","1","confirmed","not_assessed","","Audiencia Nacional judgment 2007","unverified","",""
"EV0353","Beslan school siege","Chechen-linked terrorism","core","TRUE","2004","2004","Beslan, North Ossetia","Russia","43.1917","44.5439","unverified_ai","settlement","point","victim_site","Riyad-us Saliheen group","","","Schoolchildren and parents","terrorist attack","334","","documented_estimate","","","","","1","confirmed","not_assessed","","Russian investigation; ECtHR Tagayeva judgment 2017","unverified","","ECtHR also found state failings in the rescue"
"EV0354","Mumbai attacks","Lashkar-e-Taiba","core","TRUE","2008","2008","Mumbai; Taj Hotel; CST station","India","","","","","multi_point","victim_site","Lashkar-e-Taiba","","","Civilians","terrorist attack","175","","documented_estimate","","","","","1","confirmed","not_assessed","","Indian court conviction of Kasab","unverified","",""
"EV0355","Norway attacks","Far-right terrorism","core","TRUE","2011","2011","Oslo; Utoya island","Norway","","","","","multi_point","victim_site","Anders Behring Breivik","","","Government workers; Labour youth camp","terrorist attack","77","","documented_estimate","","","","","1","confirmed","not_assessed","","Oslo District Court judgment 2012","unverified","",""
"EV0356","Westgate mall attack","Al-Shabaab","core","TRUE","2013","2013","Nairobi","Kenya","-1.2864","36.8172","unverified_ai","settlement","point","victim_site","Al-Shabaab","","","Shoppers","terrorist attack","67","","documented_estimate","","","","","1","confirmed","not_assessed","","Kenyan investigations and convictions","unverified","",""
"EV0357","Chibok schoolgirls abduction","Boko Haram","core","TRUE","2014","2014","Chibok, Borno State","Nigeria","10.8667","12.85","unverified_ai","settlement","point","victim_site","Boko Haram","","","Schoolgirls","terrorist attack","","","not_quantified","","","","","2","confirmed","not_assessed","","Nigerian government records; Amnesty","unverified","","276 abducted; many still missing"
"EV0358","Garissa University attack","Al-Shabaab","core","TRUE","2015","2015","Garissa","Kenya","-0.4569","39.6583","unverified_ai","settlement","point","victim_site","Al-Shabaab","","","Students, singled out by religion","terrorist attack","148","","documented_estimate","","","","","1","confirmed","not_assessed","","Kenyan court convictions 2019","unverified","",""
"EV0359","Charleston church shooting","US racist terrorism","core","TRUE","2015","2015","Emanuel AME Church, Charleston","United States","32.7876","-79.933","unverified_ai","site","point","victim_site","Dylann Roof","","","Black congregants","terrorist attack","9","","documented_estimate","","","","","1","confirmed","not_assessed","","US federal hate crime conviction","unverified","",""
"EV0360","Paris November attacks","Islamic State","core","TRUE","2015","2015","Bataclan; Stade de France; cafes","France","","","","","multi_point","victim_site","Islamic State cell","","","Concertgoers and diners","terrorist attack","130","","documented_estimate","","","","","1","confirmed","not_assessed","","Paris trial judgment 2022","unverified","",""
"EV0361","Nice truck attack","Islamic State-inspired","core","TRUE","2016","2016","Promenade des Anglais, Nice","France","43.695","7.265","unverified_ai","site","point","victim_site","Lone attacker","","","Bastille Day crowd","terrorist attack","86","","documented_estimate","","","","","1","confirmed","not_assessed","","French court proceedings 2022","unverified","",""
"EV0362","Manchester Arena bombing","Islamic State-inspired","core","TRUE","2017","2017","Manchester Arena","United Kingdom","53.4881","-2.2444","unverified_ai","site","point","victim_site","Salman Abedi","","","Concertgoers, many children","terrorist attack","22","","documented_estimate","","","","","1","confirmed","not_assessed","","Manchester Arena Inquiry 2021-23","unverified","",""
"EV0363","Pittsburgh synagogue shooting","US antisemitic terrorism","core","TRUE","2018","2018","Tree of Life synagogue, Pittsburgh","United States","40.4386","-79.9236","unverified_ai","site","point","victim_site","Robert Bowers","","","Jewish congregants","terrorist attack","11","","documented_estimate","","","","","1","confirmed","not_assessed","","US federal conviction 2023","unverified","",""
"EV0364","Christchurch mosque shootings","Far-right terrorism","core","TRUE","2019","2019","Al Noor and Linwood mosques, Christchurch","New Zealand","","","","","multi_point","victim_site","Brenton Tarrant","","","Muslim worshippers","terrorist attack","51","","documented_estimate","","","","","1","confirmed","not_assessed","","NZ conviction 2020; Royal Commission 2020","unverified","",""
"EV0365","Atomic bombings of Hiroshima and Nagasaki","Second World War strategic bombing","core","TRUE","1945","1945","Hiroshima; Nagasaki","Japan","34.3955","132.4536","fixture_dev","site","multi_point","victim_site","United States","","","City populations","aerial bombardment","110000","210000","documented_estimate","","","hibakusha officially recognised: around 650,000","The lower figures are deaths by the end of 1945; the higher include deaths from radiation illness over subsequent years","1","contested","not_assessed","","Japanese municipal surveys; Manhattan Engineer District report","unverified","","Include only with the legal and moral debate stated on the entry"
"EV0366","Allied area bombing of German cities","Second World War strategic bombing","core","TRUE","1942","1945","Hamburg; Dresden; Pforzheim","Germany","","","","","multi_point","victim_site","RAF Bomber Command and USAAF","","","City populations","aerial bombardment","350000","500000","documented_estimate","","","","","2","contested","not_assessed","","Dresden Historians Commission 2010; Overy","unverified","","Dresden toll long inflated by propaganda; use the 2010 commission figure"
"EV0367","Tokyo firebombing (Operation Meetinghouse)","Second World War strategic bombing","core","TRUE","1945","1945","Tokyo","Japan","35.6762","139.7649","unverified_ai","settlement","point","victim_site","USAAF","","","City population","aerial bombardment","80000","100000","documented_estimate","","","","","2","contested","not_assessed","","USSBS; Japanese records","unverified","",""
"EV0368","Gaza war","Israel-Hamas war","core","TRUE","2023","2026","Gaza Strip","Palestine","","","","","region","victim_site","Parties to the conflict","","","Civilians","war crimes","","","not_quantified","","","","","1","ongoing_adjudication","not_assessed","","ICJ South Africa v Israel provisional measures 2024; ICC warrant applications; UN OCHA","unverified","","Genocide determination is before the ICJ; record the proceedings, not a verdict"
"EV0369","Russian invasion of Ukraine","Russo-Ukrainian war","core","TRUE","2022","2026","Bucha; Mariupol; Izium; filtration centres","Ukraine","","","","","multi_point","victim_site","Russian forces","","","Ukrainian civilians","war crimes","","","not_quantified","","","","","1","ongoing_adjudication","not_assessed","","ICC warrants 2023; UN Commission of Inquiry; ICJ proceedings","unverified","","Child deportation warrants are the clearest legal finding so far"
"EV0370","Mariupol theatre airstrike","Russian invasion of Ukraine","core","TRUE","2022","2022","Mariupol Drama Theatre","Ukraine","47.0958","37.5428","unverified_ai","site","point","victim_site","Russian forces","","","Sheltering civilians","war crimes","300","600","documented_estimate","","","","","2","ongoing_adjudication","not_assessed","","Associated Press investigation; Amnesty","unverified","",""
"EV0371","Bucha killings","Russian invasion of Ukraine","core","TRUE","2022","2022","Bucha","Ukraine","50.5445","30.2119","fixture_dev","site","point","victim_site","Russian forces","","","Civilians","war crimes","458","","documented_estimate","","","","","1","ongoing_adjudication","not_assessed","","Ukrainian prosecutor exhumations; UN Commission of Inquiry","unverified","",""
"EV0372","Foca rape camps","Bosnian War","core","TRUE","1992","1993","Foca; Partizan Sports Hall; Karaman's house","Bosnia and Herzegovina","","","","","multi_point","victim_site","Bosnian Serb forces","","","Bosniak women and girls","mass sexual violence","","","not_quantified","","","","","1","confirmed","not_assessed","","ICTY Kunarac, Kovac and Vukovic judgment 2001","unverified","","First international conviction of rape as a crime against humanity"
"EV0373","Systematic rape in the Bosnian War","Bosnian War","core","TRUE","1992","1995","Prijedor; Visegrad; Doboj; Kalinovik","Bosnia and Herzegovina","","","","","multi_point","victim_site","Bosnian Serb forces and others","","","Bosniak and Croat women","mass sexual violence","","","not_quantified","","","","","1","confirmed","not_assessed","","ICTY judgments; EC Warburton Mission 1993","unverified","","20,000 to 50,000 estimated; use the range, not a point figure"
"EV0374","Sexual violence in the Rwandan genocide","Rwandan genocide","core","TRUE","1994","1994","Taba commune; nationwide","Rwanda","","","","","region","victim_site","Interahamwe and local officials","","","Tutsi women","mass sexual violence","","","not_quantified","","","","","1","confirmed","not_assessed","","ICTR Akayesu judgment 1998","unverified","","First finding that rape can constitute an act of genocide"
"EV0375","Mass rape in the Bangladesh Liberation War","Bangladesh Liberation War","register","FALSE","1971","1971","Dhaka; Khulna; nationwide","Bangladesh","","","","","unmapped","victim_site","Pakistan Army and allied militias","","","Bengali women","mass sexual violence","","","not_quantified","","","","","2","contested","not_assessed","","Bangladeshi Birangona records; Brownmiller; D'Costa","unverified","","Commonly cited figures of 200,000 to 400,000 are disputed"
"EV0376","Rapes during the Nanjing massacre","Second Sino-Japanese War","core","TRUE","1937","1938","Nanjing","China","32.0603","118.7969","unverified_ai","settlement","point","victim_site","Imperial Japanese Army","","","Chinese women","mass sexual violence","","","not_quantified","","","","","1","confirmed","not_assessed","","IMTFE judgment 1948; Nanjing Safety Zone records","unverified","",""
"EV0377","Sexual violence in eastern Congo","Congo wars","core","TRUE","1996","2026","South and North Kivu; Panzi Hospital catchment","DR Congo","","","","","region","victim_site","Multiple armed groups and army units","","","Women and girls","mass sexual violence","","","not_quantified","","","","","1","confirmed","not_assessed","","UN Mapping Report 2010; ICC Ntaganda judgment 2019","unverified","","Panzi Hospital clinical records are a major data source"
"EV0378","Yazidi sexual enslavement and slave markets","Islamic State atrocities","core","TRUE","2014","2017","Mosul; Raqqa; Tal Afar","Iraq / Syria","","","","","multi_point","victim_site","Islamic State","","","Yazidi women and girls","mass sexual violence","","","not_quantified","","","","","1","confirmed","not_assessed","","UNITAD; German Federal Court of Justice conviction 2021","unverified","","IS documented its own slave sales in internal paperwork"
"EV0379","Sexual violence in the Rohingya clearances","Persecution of the Rohingya","core","TRUE","2016","2017","Northern Rakhine State","Myanmar","","","","","region","victim_site","Tatmadaw","","","Rohingya women","mass sexual violence","","","not_quantified","","","","","1","ongoing_adjudication","not_assessed","","UN Fact-Finding Mission 2018","unverified","",""
"EV0380","Sexual violence in Darfur","Sudanese state violence","core","TRUE","2003","2010","West and North Darfur","Sudan","","","","","region","victim_site","Janjaweed and Sudanese forces","","","Fur, Masalit and Zaghawa women","mass sexual violence","","","not_quantified","","","","","1","ongoing_adjudication","not_assessed","","UN Commission of Inquiry 2005; ICC charges","unverified","",""
"EV0381","Sexual violence in the Tigray war","Ethiopian internal conflict","core","TRUE","2020","2022","Tigray; Mekelle and rural districts","Ethiopia","","","","","region","victim_site","Ethiopian and Eritrean forces, Amhara militia","","","Tigrayan women","mass sexual violence","","","not_quantified","","","","","1","ongoing_adjudication","not_assessed","","ICHREE report 2022; Amnesty 2021","unverified","",""
"EV0382","Sepur Zarco sexual slavery","Guatemalan civil war","core","TRUE","1982","1988","Sepur Zarco, Izabal","Guatemala","15.5833","-89.4167","unverified_ai","approximate","point","victim_site","Guatemalan army","","","Q'eqchi' Maya women","mass sexual violence","","","not_quantified","","","","","1","confirmed","not_assessed","","Guatemalan High Risk Tribunal judgment 2016","unverified","","First domestic conviction anywhere for wartime sexual slavery"
"EV0383","Sexual violence in the Peruvian conflict","Peruvian internal conflict","core","TRUE","1980","2000","Manta and Vilca, Huancavelica","Peru","","","","","multi_point","victim_site","Peruvian armed forces and Shining Path","","","Quechua women","mass sexual violence","","","not_quantified","","","","","1","confirmed","not_assessed","","CVR final report 2003; Manta y Vilca prosecutions","unverified","",""
"EV0384","Guinea stadium massacre and mass rape","Guinean military rule","core","TRUE","2009","2009","Conakry stadium","Guinea","9.5092","-13.7122","unverified_ai","site","point","victim_site","Guinean security forces","","","Opposition demonstrators and women","mass sexual violence","157","","documented_estimate","","","","","1","confirmed","not_assessed","","Guinean court convictions 2024; UN Commission of Inquiry 2009","unverified","","Moussa Dadis Camara convicted in 2024"
"EV0385","Mass rape during the Soviet advance","Second World War","register","FALSE","1944","1945","Eastern Germany; Hungary; Austria","Multiple","","","","","unmapped","victim_site","Red Army personnel","","","German, Hungarian and other women","mass sexual violence","","","not_quantified","","","","","2","contested","not_assessed","","Naimark; Beevor; Berlin hospital records","unverified","","Scale estimates are contested and politically charged"
"EV0386","Sexual violence in the Sierra Leone civil war","Sierra Leone civil war","core","TRUE","1991","2002","Freetown; Kono","Sierra Leone","","","","","region","victim_site","RUF and AFRC forces","","","Women and girls","mass sexual violence","","","not_quantified","","","","","1","confirmed","not_assessed","","Special Court for Sierra Leone AFRC and RUF judgments","unverified","","Established forced marriage as a crime against humanity"
"EV0387","East Africa embassy bombings","Al-Qaeda","core","TRUE","1998","1998","Nairobi; Dar es Salaam","Kenya / Tanzania","","","","","multi_point","victim_site","Al-Qaeda","","","Embassy staff and passers-by","terrorist attack","224","","documented_estimate","","","","","1","confirmed","not_assessed","","US federal convictions 2001","unverified","","Almost all victims were Kenyan and Tanzanian civilians"
"EV0388","Al-Askari shrine bombing and the sectarian war","Al-Qaeda in Iraq","core","TRUE","2006","2007","Samarra; Baghdad; Sadr City","Iraq","","","","","multi_point","victim_site","Al-Qaeda in Iraq and Shia militias","","","Iraqi civilians by sect","terrorist attack","","","not_quantified","","","","","2","confirmed","not_assessed","","Iraq Body Count; UNAMI human rights reports","unverified","","Triggered the deadliest phase of the Iraqi civil conflict"
"EV0389","Yazidi community bombings","Al-Qaeda in Iraq","core","TRUE","2007","2007","Qahtaniya and Jazeera, Sinjar district","Iraq","","","","","multi_point","victim_site","Al-Qaeda in Iraq","","","Yazidis","terrorist attack","500","796","documented_estimate","","","","","2","confirmed","not_assessed","","Iraqi government and UN reports","unverified","","Deadliest coordinated bombing of the Iraq war"
"EV0390","Peshawar Army Public School attack","Tehrik-i-Taliban Pakistan","core","TRUE","2014","2014","Peshawar","Pakistan","34.01","71.54","unverified_ai","settlement","point","victim_site","Tehrik-i-Taliban Pakistan","","","Schoolchildren and staff","terrorist attack","149","","documented_estimate","","","","","1","confirmed","not_assessed","","Pakistani judicial proceedings","unverified","","132 of the dead were children"
"EV0391","Baga massacre","Boko Haram","core","TRUE","2015","2015","Baga and Doron Baga, Borno State","Nigeria","13.0833","13.75","unverified_ai","settlement","point","victim_site","Boko Haram","","","Town residents","terrorist attack","150","2000","documented_estimate","","","","","2","contested","not_assessed","","Amnesty satellite imagery analysis 2015","unverified","","Toll disputed between Nigerian government and rights groups"
"EV0392","Beheadings of Coptic Christians in Libya","Islamic State atrocities","core","TRUE","2015","2015","Sirte coast","Libya","31.2089","16.5887","unverified_ai","approximate","point","victim_site","Islamic State in Libya","","","Egyptian Coptic labourers","terrorist attack","21","","documented_estimate","","","","","1","confirmed","not_assessed","","Egyptian government identification; Libyan investigations","unverified","","Remains recovered and repatriated in 2018"
"EV0393","Palmyra executions","Islamic State atrocities","core","TRUE","2015","2016","Palmyra","Syria","34.55","38.2667","unverified_ai","settlement","point","victim_site","Islamic State","","","Syrian soldiers and civilians","terrorist attack","","","not_quantified","","","","","2","confirmed","not_assessed","","Syrian government; UN reports","unverified","","Included the killing of archaeologist Khaled al-Asaad"
"EV0394","Islamic State hostage executions","Islamic State atrocities","core","TRUE","2014","2015","Raqqa and surrounding areas","Syria","35.95","39.0167","unverified_ai","settlement","point","victim_site","Islamic State","","","Foreign journalists and aid workers","terrorist attack","","","not_quantified","","","","","1","confirmed","not_assessed","","US and UK prosecutions of the 'Beatles' cell 2022","unverified","","Executions filmed and distributed as propaganda"
"EV0395","Sinai Rawda mosque attack","Islamic State in Sinai","core","TRUE","2017","2017","Bir al-Abed, North Sinai","Egypt","31.0167","33.0","unverified_ai","settlement","point","victim_site","Islamic State Sinai Province","","","Sufi worshippers","terrorist attack","311","","documented_estimate","","","","","2","confirmed","not_assessed","","Egyptian government reports","unverified","","Deadliest terrorist attack in Egyptian history"
"EV0396","Mogadishu truck bombing","Al-Shabaab","core","TRUE","2017","2017","Zoobe junction, Mogadishu","Somalia","2.0469","45.3182","unverified_ai","site","point","victim_site","Al-Shabaab","","","City residents","terrorist attack","587","","documented_estimate","","","","","2","confirmed","not_assessed","","Somali government; Aamin Ambulance records","unverified","","One of the deadliest single bombings anywhere"
"EV0397","Sri Lanka Easter bombings","Islamic State-linked","core","TRUE","2019","2019","Colombo; Negombo; Batticaloa churches and hotels","Sri Lanka","","","","","multi_point","victim_site","National Thowheeth Jama'ath","","","Christian worshippers and hotel guests","terrorist attack","269","","documented_estimate","","","","","1","confirmed","not_assessed","","Sri Lankan Presidential Commission of Inquiry 2021","unverified","",""
"EV0398","Brussels bombings","Islamic State","core","TRUE","2016","2016","Zaventem airport; Maalbeek metro","Belgium","","","","","multi_point","victim_site","Islamic State cell","","","Travellers and commuters","terrorist attack","32","","documented_estimate","","","","","1","confirmed","not_assessed","","Brussels Assize Court judgment 2023","unverified","",""
"EV0399","Istanbul attacks","Islamic State in Turkey","core","TRUE","2016","2017","Ataturk airport; Reina nightclub","Turkey","","","","","multi_point","victim_site","Islamic State","","","Travellers and nightclub patrons","terrorist attack","84","","documented_estimate","","","","","2","confirmed","not_assessed","","Turkish investigations and prosecutions","unverified","",""
"EV0400","Kabul Hazara-targeted attacks","Anti-Hazara violence in Afghanistan","core","TRUE","2016","2022","Sayed al-Shuhada school; Dasht-e-Barchi maternity ward; Kaaj centre","Afghanistan","","","","","multi_point","victim_site","Islamic State Khorasan and unclaimed perpetrators","","","Hazara students, mothers and newborns","terrorist attack","","","not_quantified","","","","","2","confirmed","not_assessed","","UNAMA reports; HRW","unverified","","Maternity ward attack killed mothers and newborn infants"
"EV0401","Crocus City Hall attack","Islamic State Khorasan","core","TRUE","2024","2024","Krasnogorsk, Moscow Oblast","Russia","55.8258","37.3906","unverified_ai","site","point","victim_site","Islamic State Khorasan","","","Concertgoers","terrorist attack","145","","documented_estimate","","","","","2","confirmed","not_assessed","","Russian investigation; IS claim","unverified","",""
"EV0402","Hotel Inter-Continental and Kabul urban attacks","Taliban and IS-K insurgency","core","TRUE","2011","2021","Kabul","Afghanistan","","","","","multi_point","victim_site","Taliban and Islamic State Khorasan","","","Civilians","terrorist attack","","","not_quantified","","","","","2","confirmed","not_assessed","","UNAMA protection of civilians reports","unverified","","UNAMA series gives year-by-year located casualty data"
"EV0403","Hissene Habre regime repression","Chadian dictatorship","core","TRUE","1982","1990","N'Djamena; Direction de la Documentation et de la Securite prisons","Chad","","","","","multi_point","victim_site","Chadian DDS and army","","","Political and ethnic targets","state mass killing","40000","","documented_estimate","","","","","1","confirmed","not_assessed","","Extraordinary African Chambers conviction 2016; Chadian Truth Commission 1992","unverified","","First universal jurisdiction conviction of a former head of state in Africa"
"EV0404","Angolan civil war atrocities","Angolan civil war","core","TRUE","1975","2002","Huambo; Kuito; Bie","Angola","","","","","region","victim_site","MPLA government and UNITA","","","Civilians","state mass killing","500000","800000","documented_estimate","","","","","2","confirmed","not_assessed","","HRW; UN reports","unverified","","Includes siege warfare and mass landmine casualties"
"EV0405","Mozambican civil war atrocities","Mozambican civil war","core","TRUE","1977","1992","Homoine; Manica; Sofala","Mozambique","","","","","multi_point","victim_site","RENAMO and FRELIMO forces","","","Rural civilians","state mass killing","500000","1000000","documented_estimate","","","","","2","confirmed","not_assessed","","Gersony Report 1988; Africa Watch","unverified","","Gersony Report documented systematic RENAMO violence against civilians"
"EV0406","Zanzibar revolution massacre","Zanzibar revolution","core","TRUE","1964","1964","Unguja island","Tanzania","","","","","region","victim_site","Revolutionary forces","","","Arab and South Asian residents","state mass killing","5000","20000","documented_estimate","","","","","2","contested","not_assessed","","Contemporary diplomatic reporting; Lofchie","unverified","","Filmed in part; toll contested"
"EV0407","Central African Republic sectarian violence","CAR conflict","core","TRUE","2013","2021","Bangui; Bangassou; Alindao","Central African Republic","","","","","multi_point","victim_site","Seleka and anti-balaka militias","","","Muslim and Christian civilians","state mass killing","","","not_quantified","","","","","1","ongoing_adjudication","not_assessed","","ICC Yekatom and Ngaissona proceedings; UN Mapping Report 2017","unverified","",""
"EV0408","Anglophone crisis killings","Cameroon internal conflict","core","TRUE","2016","2026","Ngarbuh; Northwest and Southwest regions","Cameroon","","","","","multi_point","victim_site","Cameroonian security forces and separatist groups","","","Civilians","state mass killing","6000","","documented_estimate","","","","","2","ongoing_adjudication","not_assessed","","HRW; Centre for Human Rights and Democracy in Africa","unverified","","Ngarbuh massacre partly acknowledged by the government"
"EV0409","Moura massacre","Sahel counterinsurgency","core","TRUE","2022","2022","Moura, Mopti region","Mali","14.4667","-4.1667","unverified_ai","settlement","point","victim_site","Malian armed forces and Wagner Group personnel","","","Village residents","state mass killing","500","","documented_estimate","","","","","1","ongoing_adjudication","not_assessed","","UN OHCHR report 2023","unverified","",""
"EV0410","Solhan and Karma massacres","Sahel insurgency and counterinsurgency","core","TRUE","2021","2023","Solhan; Karma","Burkina Faso","","","","","multi_point","victim_site","Jihadist groups and Burkinabe forces respectively","","","Village residents","state mass killing","300","","documented_estimate","","","","","2","confirmed","not_assessed","","HRW; UN reports","unverified","","Two separate events with different perpetrators; keep as distinct rows if you split"
"EV0411","Somali famine and aid blockade","Somali conflict","core","TRUE","2011","2012","Bay and Bakool; Lower Shabelle","Somalia","","","","","region","victim_site","Al-Shabaab blockade plus drought and donor failure","","","Rural Somalis","state mass killing","258000","","documented_estimate","","","","","1","confirmed","not_assessed","","FEWS NET and FAO FSNAU retrospective mortality study 2013","unverified","","Half the dead were children under five; blockade is the deliberate element"
"EV0412","Ogaden counterinsurgency campaign","Ethiopian internal conflict","core","TRUE","2007","2008","Somali Region (Ogaden)","Ethiopia","","","","","region","victim_site","Ethiopian National Defence Force","","","Ogadeni civilians","state mass killing","","","not_quantified","","","","","2","confirmed","not_assessed","","HRW 2008; UN fact-finding","unverified","","Included trade blockade and village burning"
"EV0413","Kibeho massacre","Rwandan post-genocide operations","core","TRUE","1995","1995","Kibeho camp","Rwanda","-2.6167","29.55","unverified_ai","approximate","point","victim_site","Rwandan Patriotic Army","","","Displaced Hutu civilians","state mass killing","338","4000","documented_estimate","","","","","2","contested","not_assessed","","Australian UNAMIR contingent reports; independent inquiry","unverified","","Toll disputed between the Rwandan government and UN observers"
"EV0414","Rwandan operations in eastern Zaire","Congo wars","core","TRUE","1996","1997","Tingi-Tingi; Mbandaka; refugee camp routes","DR Congo","","","","","route","victim_site","Rwandan army and AFDL","","","Hutu refugees","state mass killing","","","not_quantified","","","","","1","contested","not_assessed","","UN Mapping Report 2010","unverified","","The Mapping Report raised the question of genocide; never adjudicated"
"EV0415","Burundi post-2015 repression","Burundian political crisis","core","TRUE","2015","2020","Bujumbura; Muyinga","Burundi","","","","","multi_point","victim_site","Burundian security forces and Imbonerakure","","","Opposition supporters","state mass killing","1200","","documented_estimate","","","","","1","ongoing_adjudication","not_assessed","","UN Commission of Inquiry on Burundi; ICC investigation","unverified","",""
"EV0416","Congo-Brazzaville disappearances at the Beach","Republic of the Congo civil war","core","TRUE","1999","1999","Brazzaville river port","Republic of the Congo","-4.2667","15.2833","unverified_ai","approximate","point","victim_site","Congolese security forces","","","Returning refugees","state mass killing","353","","documented_estimate","","","","","2","contested","not_assessed","","French universal jurisdiction case; FIDH","unverified","",""
"EV0417","Eritrean indefinite national service","Eritrean state control","core","TRUE","2002","2026","Sawa training camp; nationwide","Eritrea","","","","","multi_point","victim_site","Eritrean government","","","Conscripts","state mass killing","","","not_quantified","","","","","1","ongoing_adjudication","not_assessed","","UN Commission of Inquiry on Eritrea 2016","unverified","","Commission found it amounts to enslavement as a crime against humanity"
"EV0418","Western Sahara disappearances","Moroccan administration of Western Sahara","core","TRUE","1975","1991","Kalaat M'gouna; Agdz secret detention centres","Morocco / Western Sahara","","","","","multi_point","victim_site","Moroccan security services","","","Sahrawi civilians","state mass killing","","","not_quantified","","","","","1","confirmed","not_assessed","","Instance Equite et Reconciliation report 2005","unverified","","Moroccan truth commission acknowledged the detention centres"
"EV0419","Nigerian military operations in the northeast","Nigerian counterinsurgency","core","TRUE","2013","2026","Giwa Barracks; Baga; Zaria","Nigeria","","","","","multi_point","victim_site","Nigerian armed forces","","","Detainees and civilians","state mass killing","","","not_quantified","","","","","2","contested","not_assessed","","Amnesty International 2015; Reuters investigation 2022","unverified","","Includes allegations of a forced abortion programme; treat as tier 2 pending adjudication"
"EV0420","Jonestown mass murder-suicide","Peoples Temple","core","TRUE","1978","1978","Jonestown; Port Kaituma airstrip; Georgetown","Guyana","7.7167","-59.9667","fixture_dev","site","multi_point","victim_site","Peoples Temple leadership (Jim Jones)","","","Members and a US congressional delegation","cult and coercive organisation","918","","documented_estimate","","","","","1","confirmed","not_assessed","","US House Foreign Affairs Committee report 1979; Guyanese inquest; FBI RYMUR files","unverified","","Over 300 of the dead were children, who could not consent; armed guards enforced the ring"
"EV0421","Killing of Congressman Leo Ryan","Peoples Temple","core","TRUE","1978","1978","Port Kaituma airstrip","Guyana","7.7333","-59.8833","unverified_ai","approximate","point","victim_site","Peoples Temple security detail","","","Congressional delegation and defectors","cult and coercive organisation","5","","documented_estimate","","","","","1","confirmed","not_assessed","","US congressional investigation; Larry Layton conviction","unverified","","The trigger for the mass deaths hours later"
"EV0422","Order of the Solar Temple deaths","Order of the Solar Temple","core","TRUE","1994","1997","Cheiry and Salvan; Morin Heights; Vercors; Saint-Casimir","Switzerland / Canada / France","","","","","multi_point","victim_site","Solar Temple leadership (Jouret and Di Mambro)","","","Members and their children","cult and coercive organisation","74","","documented_estimate","","","","","1","confirmed","not_assessed","","Swiss and French judicial investigations","unverified","","Deaths across three countries over four years; some victims were shot or drugged"
"EV0423","Heaven's Gate mass suicide","Heaven's Gate","core","TRUE","1997","1997","Rancho Santa Fe, California","United States","33.0203","-117.2020","fixture_dev","site","point","victim_site","Heaven's Gate leadership (Marshall Applewhite)","","","Members","cult and coercive organisation","39","","documented_estimate","","","","","1","confirmed","not_assessed","","San Diego County Sheriff and Medical Examiner reports","unverified","","Closest case in this layer to genuine collective consent; note that on the entry"
"EV0424","Kanungu church fire and mass graves","Movement for the Restoration of the Ten Commandments of God","core","TRUE","2000","2000","Kanungu; Buhunga; Rugazi; Rushojwa","Uganda","","","","","multi_point","victim_site","Movement leadership (Kibwetere, Kataribabo, Mwerinde)","","","Members","cult and coercive organisation","778","","documented_estimate","","","","","2","confirmed","not_assessed","","Ugandan police investigation; Commission of Inquiry","unverified","","Initially reported as suicide; graves elsewhere showed most had been murdered beforehand"
"EV0425","Shakahola forest starvation deaths","Good News International Church","core","TRUE","2021","2024","Shakahola forest, Kilifi County; Kwa Binzaro","Kenya","","","","","multi_point","victim_site","Paul Mackenzie and church leadership","","","Members and their children","cult and coercive organisation","429","448","documented_estimate","","","","","1","ongoing_adjudication","not_assessed","","Mombasa High Court proceedings; 429 post-mortems; 191 murder counts","source_checked","429 post-mortems, 191 murder counts, trial ongoing 2026","Defence stage as of April 2026; further charges filed Feb 2026 over 52 deaths at Kwa Binzaro"
"EV0426","Tokyo subway sarin attack","Aum Shinrikyo","core","TRUE","1995","1995","Tokyo subway","Japan","","","","","multi_point","victim_site","Aum Shinrikyo","","","Commuters","cult and coercive organisation","14","","documented_estimate","","","","","1","confirmed","not_assessed","","Japanese court judgments","unverified","","Duplicate of the terrorism-layer row; merge on import"
"EV0427","Matsumoto sarin attack","Aum Shinrikyo","core","TRUE","1994","1994","Matsumoto, Nagano","Japan","36.2381","137.972","unverified_ai","settlement","point","victim_site","Aum Shinrikyo","","","Residents near a judges' dormitory","cult and coercive organisation","8","","documented_estimate","","","","","1","confirmed","not_assessed","","Japanese court judgments","unverified","","Targeted judges hearing a case against the group; an innocent man was first accused"
"EV0428","Aum Shinrikyo internal killings and abductions","Aum Shinrikyo","core","TRUE","1989","1995","Kamikuishiki compound; Yokohama","Japan","","","","","multi_point","victim_site","Aum Shinrikyo","","","Defectors, critics and the Sakamoto family","cult and coercive organisation","","","not_quantified","","","","","1","confirmed","not_assessed","","Japanese court judgments","unverified","","Includes the murder of lawyer Tsutsumi Sakamoto, his wife and infant son"
"EV0429","Rajneeshpuram salmonella attack","Rajneesh movement","core","TRUE","1984","1984","The Dalles, Oregon","United States","","","","","multi_point","victim_site","Rajneesh movement leadership (Ma Anand Sheela)","","","Restaurant patrons and voters","cult and coercive organisation","0","","documented_estimate","","","","","1","confirmed","not_assessed","","US federal convictions; CDC investigation","unverified","","First and largest bioterror attack on US soil; 751 poisoned, no deaths"
"EV0430","Waco siege and Mount Carmel fire","Branch Davidians","core","TRUE","1993","1993","Mount Carmel Center, Waco, Texas","United States","31.595","-96.9917","unverified_ai","site","point","victim_site","Branch Davidian leadership and federal agencies","","","Members, including children","cult and coercive organisation","82","","documented_estimate","","","","","1","contested","not_assessed","","Danforth Report 2000; congressional hearings","unverified","","Responsibility for the fire and for the initial raid is contested; record both accounts"
"EV0431","Colonia Dignidad abuse and torture site","Colonia Dignidad","core","TRUE","1961","1997","Villa Baviera, Parral","Chile","-36.4167","-71.6167","unverified_ai","approximate","point","victim_site","Paul Schafer and colony leadership, with DINA","","","Colony children and Chilean detainees","cult and coercive organisation","","","not_quantified","","","","","1","confirmed","not_assessed","","Chilean convictions of Schafer 2006; German government acknowledgement 2016","unverified","","Both a closed abusive community and a state torture facility; cross-link to the Chile rows"
"EV0432","Ant Hill Kids killings and mutilations","Ant Hill Kids","core","TRUE","1977","1989","Burnt River, Ontario","Canada","44.6167","-78.8333","unverified_ai","approximate","point","victim_site","Roch Theriault","","","Members and their children","cult and coercive organisation","2","","documented_estimate","","","","","1","confirmed","not_assessed","","Canadian criminal convictions","unverified","",""
"EV0433","Kirtland killings","Church of Jesus Christ of Latter Day Saints (Lundgren splinter group)","core","TRUE","1989","1989","Kirtland, Ohio","United States","41.6281","-81.359","unverified_ai","settlement","point","victim_site","Jeffrey Lundgren and followers","","","A family within the group","cult and coercive organisation","5","","documented_estimate","","","","","1","confirmed","not_assessed","","Ohio criminal convictions","unverified","",""
"EV0434","Tate-LaBianca and associated killings","Manson Family","core","TRUE","1969","1969","Los Angeles","United States","","","","","multi_point","victim_site","Manson Family","","","Selected households","cult and coercive organisation","9","","documented_estimate","","","","","1","confirmed","not_assessed","","California criminal convictions","unverified","",""
"EV0435","Superior Universal Alignment ritual killings","Superior Universal Alignment","core","TRUE","1989","1993","Altamira, Para","Brazil","-3.2033","-52.2064","unverified_ai","settlement","point","victim_site","Sect leadership","","","Boys","cult and coercive organisation","","","not_quantified","","","","","2","confirmed","not_assessed","","Brazilian convictions; Para state investigations","unverified","",""
"EV0436","Children of God systematic child abuse","The Family International","register","FALSE","1968","2005","Communes across dozens of countries","Multiple","","","","","unmapped","victim_site","Movement leadership (David Berg and successors)","","","Children raised in the group","cult and coercive organisation","","","not_quantified","","","","","2","confirmed","not_assessed","","UK High Court judgment 1995 (Ward J); survivor testimony; internal publications","unverified","","The 1995 English judgment is the strongest single legal document"
"EV0437","FLDS forced marriage of minors","Fundamentalist Church of Jesus Christ of Latter-Day Saints","core","TRUE","1998","2011","Short Creek (Hildale and Colorado City); YFZ Ranch, Texas","United States","","","","","multi_point","victim_site","FLDS leadership (Warren Jeffs)","","","Girls and young women","cult and coercive organisation","","","not_quantified","","","","","1","confirmed","not_assessed","","Texas conviction of Warren Jeffs 2011; Utah and Arizona proceedings","unverified","",""
"EV0438","NXIVM coercion and sex trafficking","NXIVM","core","TRUE","1998","2018","Albany, New York","United States","42.6526","-73.7562","unverified_ai","settlement","point","victim_site","NXIVM leadership (Keith Raniere)","","","Members of the DOS inner group","cult and coercive organisation","","","not_quantified","","","","","1","confirmed","not_assessed","","US federal conviction 2020 (EDNY)","unverified","","Branding and coerced labour established at trial"
"EV0439","Jehovah's Witness institutional concealment of abuse","Institutional child abuse","core","TRUE","1950","2015","Congregations across Australia","Australia","","","","","region","victim_site","Watchtower organisation in Australia","","","Children in congregations","cult and coercive organisation","","","not_quantified","","","","","1","confirmed","not_assessed","","Australian Royal Commission into Institutional Responses to Child Sexual Abuse, Case Studies 29 and 54","unverified","","Commission found 1,006 alleged perpetrators recorded internally and none reported to police"
"EV0440","Twelve Tribes child labour and corporal punishment","Twelve Tribes","core","TRUE","1972","2026","Klosterzimmern, Bavaria; communities in several countries","Multiple","","","","","multi_point","victim_site","Twelve Tribes leadership","","","Children in the communities","cult and coercive organisation","","","not_quantified","","","","","2","confirmed","not_assessed","","German 2013 state intervention and custody rulings; UK and US inspections","unverified","",""
"EV0441","Mount Lebanon famine","First World War in the Levant","register","FALSE","1915","1918","Mount Lebanon","Lebanon","","","","","unmapped","victim_site","Ottoman requisition and Allied naval blockade","","","Mountain population","engineered famine","150000","200000","documented_estimate","","","","","2","confirmed","not_assessed","","Ottoman and French consular records; Tanielian","unverified","","Locusts triggered it; requisition and blockade made it lethal"
"EV0442","Persian famine","First World War occupation of Persia","register","FALSE","1917","1919","Northern and western Persia","Iran","","","","","unmapped","victim_site","Occupying Russian, British and Ottoman forces; grain hoarding","","","Persian population","engineered famine","","","not_quantified","","","","","2","contested","not_assessed","","Majd (contested); British and Persian archival sources","source_checked","Majd figure rejected by academic historians; ~2m mainstream","Majd's figure of 8-10 million is rejected by most demographers; store a wide range"
"EV0443","Soviet famine of 1921-22","War Communism","core","TRUE","1921","1922","Volga basin; Ukraine; Kazakhstan","Russia / Ukraine / Kazakhstan","","","","","region","victim_site","Soviet grain requisitioning during drought","","","Peasantry","engineered famine","3000000","5000000","documented_estimate","","","","","2","contested","not_assessed","","ARA records; Soviet archives; Patenaude","unverified","","Drought was real; prodrazvyorstka turned it into mass death"
"EV0444","Northwest China famine","Warlord-era China","register","FALSE","1928","1930","Shaanxi, Gansu, Henan","China","","","","","unmapped","victim_site","Warlord grain seizure, opium cultivation displacement, drought","","","Rural population","engineered famine","3000000","10000000","documented_estimate","","","","","2","contested","not_assessed","","Li Lillian; Republican-era relief commission records","unverified","","Land switched from grain to opium under warlord taxation"
"EV0445","Vietnamese famine of 1945","Japanese and French wartime administration","core","TRUE","1944","1945","Tonkin and northern Annam","Vietnam","","","","","region","victim_site","Japanese occupation and Vichy French administration","","","Northern Vietnamese peasantry","engineered famine","1000000","2000000","documented_estimate","","","","","2","confirmed","not_assessed","","Gunn; Vietnamese government surveys 1945","unverified","","Forced conversion of rice land to jute and industrial crops; requisition continued as people died"
"EV0446","Greek famine under Axis occupation","Axis occupation of Greece","core","TRUE","1941","1944","Athens; Piraeus; the islands","Greece","","","","","region","victim_site","German and Italian requisition plus Allied blockade","","","Urban Greek population","engineered famine","250000","300000","documented_estimate","","","","","2","confirmed","not_assessed","","Hionidou, Famine and Death in Occupied Greece","unverified","","Responsibility split between occupier requisition and blockade; state both"
"EV0447","Soviet famine of 1946-47","Postwar Soviet grain policy","register","FALSE","1946","1947","Ukraine, Moldova, central Russia","Former USSR","","","","","unmapped","victim_site","Soviet state procurement and export policy","","","Rural population","engineered famine","1000000","1500000","documented_estimate","","","","","2","contested","not_assessed","","Ellman; Soviet archives","unverified","","USSR exported grain during the famine"
"EV0448","Cape Verde famines under Portuguese rule","Portuguese colonial administration","core","TRUE","1941","1948","Santiago; Fogo; Santo Antao","Cape Verde","","","","","region","victim_site","Portuguese colonial administration","","","Island population","engineered famine","45000","","documented_estimate","","","","","2","confirmed","not_assessed","","Portuguese colonial records; Carreira","unverified","","Drought recurrent; relief withheld while emigration was blocked"
"EV0449","Bangladesh famine of 1974","Post-independence Bangladesh","core","TRUE","1974","1975","Rangpur; northern districts","Bangladesh","","","","","region","victim_site","Bangladeshi government distribution failure; US food aid suspension","","","Rural landless","engineered famine","450000","1500000","documented_estimate","","","","","2","contested","not_assessed","","Sen, Poverty and Famines; Sobhan","unverified","","US withheld PL-480 aid over Bangladeshi jute exports to Cuba"
"EV0450","North Korean famine (the Arduous March)","North Korean state control","core","TRUE","1994","1998","North and South Hamgyong; Chagang","North Korea","","","","","region","victim_site","North Korean government","","","Population outside the favoured songbun classes","engineered famine","600000","1000000","documented_estimate","","","","","1","confirmed","not_assessed","","UN Commission of Inquiry 2014; Goodkind and West demographic analysis","unverified","","COI found the state knowingly starved populations it deprioritised and criminalised private trading"
"EV0451","Yemen famine conditions","Yemeni civil war","core","TRUE","2016","2022","Hodeidah; Taiz; northern highlands","Yemen","","","","","region","victim_site","Coalition blockade and Houthi obstruction of aid","","","Civilian population","engineered famine","85000","","documented_estimate","","","","","1","ongoing_adjudication","not_assessed","","UN Panel of Experts; IPC analyses; Save the Children child mortality estimate","unverified","","Port restrictions and aid diversion by multiple parties"
"EV0452","Tigray siege starvation","Ethiopian internal conflict","core","TRUE","2020","2022","Tigray region","Ethiopia","","","","","region","victim_site","Ethiopian and Eritrean forces","","","Tigrayan civilians","engineered famine","","","not_quantified","","","","","1","ongoing_adjudication","not_assessed","","ICHREE report 2022; UN OCHA access reporting","unverified","","Deliberate obstruction of humanitarian access documented"
"EV0453","Sudan famine","Sudanese civil war","core","TRUE","2024","2026","El Fasher; Zamzam camp; Kadugli","Sudan","","","","","multi_point","victim_site","Rapid Support Forces and Sudanese Armed Forces","","","Displaced civilians","engineered famine","","","not_quantified","","","","","1","ongoing_adjudication","not_assessed","","IPC Famine Review Committee determinations 2024-25","unverified","","Siege and aid obstruction by both parties"
"EV0454","Gaza famine conditions","Israel-Hamas war","core","TRUE","2024","2026","Gaza City; northern Gaza","Palestine","","","","","region","victim_site","Parties to the conflict","","","Civilian population","engineered famine","","","not_quantified","","","","","1","ongoing_adjudication","not_assessed","","IPC Famine Review Committee determination 2025; UN OCHA","unverified","","Responsibility is before the ICJ; record the determination and the proceedings, not a verdict"
"EV0455","Muhacir expulsions from the Balkans and Caucasus","Ottoman territorial contraction","register","FALSE","1877","1913","Balkans; Crimea; Caucasus to Anatolia","Multiple","","","","","unmapped","victim_site","Successor states and Russian Empire","","","Balkan and Caucasian Muslims","forced displacement","","","not_quantified","","","","","2","contested","not_assessed","","McCarthy, Death and Exile; Ottoman refugee commission records","unverified","","Several million displaced; mortality in transit heavily disputed"
"EV0456","Greek-Turkish population exchange","Treaty of Lausanne","core","TRUE","1923","1924","Anatolia to Greece; Greek Macedonia and Thrace to Turkey","Greece / Turkey","","","","","route","victim_site","Greek and Turkish governments by treaty","","","Orthodox Christians and Muslims","forced displacement","","","not_quantified","","","","","1","confirmed","not_assessed","","Lausanne Convention 1923; Mixed Commission records","unverified","","Compulsory by treaty; about 1.6 million people, religion used as the sorting criterion"
"EV0457","Mexican Repatriation","US Depression-era removals","core","TRUE","1929","1936","California; Texas; Midwest","United States","","","","","multi_point","victim_site","US federal, state and local authorities","","","Mexicans and Mexican Americans","forced displacement","","","not_quantified","","","","","1","confirmed","not_assessed","","California Apology Act 2005; Balderrama and Rodriguez","unverified","","Up to a million removed; a large share were US citizens"
"EV0458","Japanese American and Japanese Canadian internment","Second World War removals","core","TRUE","1942","1946","Manzanar; Tule Lake; Minidoka; Hastings Park","United States / Canada","","","","","multi_point","victim_site","US and Canadian governments","","","People of Japanese ancestry","forced displacement","","","not_quantified","","","","","1","confirmed","not_assessed","","US Commission on Wartime Relocation 1982; Civil Liberties Act 1988; Canadian redress 1988","unverified","","Both governments later formally acknowledged racial motivation"
"EV0459","The Farhud","Persecution of Iraqi Jews","core","TRUE","1941","1941","Baghdad","Iraq","33.3152","44.3661","unverified_ai","settlement","point","victim_site","Mobs and elements of the security forces","","","Iraqi Jews","forced displacement","180","","documented_estimate","","","","","2","confirmed","not_assessed","","Iraqi government inquiry 1941; Bashkin","unverified","",""
"EV0460","Jewish departure from Arab and Muslim countries","Post-1948 displacements","core","TRUE","1948","1972","Baghdad; Cairo; Tripoli; Aden; Sanaa; Casablanca","Multiple","","","","","multi_point","victim_site","Various states through law, expropriation and violence","","","Jewish communities","forced displacement","","","not_quantified","","","","","2","contested","not_assessed","","National archives; JIMENA and academic surveys","unverified","","Around 850,000 people; the balance of expulsion, pressure and voluntary emigration varies by country and is disputed"
"EV0461","Palestinian displacement of 1948","Arab-Israeli conflict","core","TRUE","1947","1949","Lydda and Ramle; Haifa; Safed; 400+ depopulated villages","Israel / Palestine","","","","","multi_point","victim_site","Israeli forces and pre-state militias","","","Palestinian Arabs","forced displacement","","","not_quantified","","","","","2","contested","not_assessed","","Morris, The Birth of the Palestinian Refugee Problem Revisited; UNRWA registration records","unverified","","About 700,000 displaced; historians differ sharply on how much was ordered expulsion versus flight from combat"
"EV0462","Deir Yassin killings","Arab-Israeli conflict","core","TRUE","1948","1948","Deir Yassin","Israel","31.79","35.18","unverified_ai","settlement","point","victim_site","Irgun and Lehi","","","Village residents","forced displacement","107","254","documented_estimate","","","","","2","contested","not_assessed","","Contemporary Haganah and ICRC reports; Milstein","unverified","","The higher early figure was later revised down; cite both"
"EV0463","Istanbul pogrom and the expulsion of Greeks","Turkish minority policy","core","TRUE","1955","1964","Istanbul; Imbros and Tenedos","Turkey","","","","","multi_point","victim_site","Organised mobs and, in 1964, state decree","","","Greek community of Istanbul","forced displacement","15","","documented_estimate","","","","","2","confirmed","not_assessed","","Turkish Yassiada trials; Vryonis","unverified","","The 1964 decree expelled Greek nationals and effectively ended the community"
"EV0464","Removal of the Chagos Islanders","British and US defence policy","core","TRUE","1967","1973","Diego Garcia and the Chagos Archipelago","British Indian Ocean Territory","","","","","multi_point","victim_site","United Kingdom government","","","Chagossians","forced displacement","","","not_quantified","","","","","1","confirmed","not_assessed","","ICJ advisory opinion 2019; UK High Court and House of Lords proceedings","unverified","","About 1,500 to 2,000 people removed; ICJ found the detachment unlawful"
"EV0465","Expulsion of Ugandan Asians","Amin regime","core","TRUE","1972","1972","Kampala and nationwide","Uganda","","","","","region","victim_site","Idi Amin government by decree","","","South Asian Ugandans","forced displacement","","","not_quantified","","","","","1","confirmed","not_assessed","","Ugandan Decree No. 17 of 1972; UK and Canadian resettlement records","unverified","","About 80,000 expelled with 90 days' notice and property confiscated"
"EV0466","Cyprus displacement","Turkish invasion of Cyprus","core","TRUE","1974","1974","Northern Cyprus; Famagusta; Varosha","Cyprus","","","","","region","victim_site","Turkish armed forces; also Greek Cypriot displacement southward","","","Greek and Turkish Cypriots","forced displacement","","","not_quantified","","","","","1","confirmed","not_assessed","","ECtHR Cyprus v Turkey judgments; UN records","unverified","","About 160,000 Greek Cypriots and 50,000 Turkish Cypriots displaced"
"EV0467","Expulsion of the Hoa and the boat people","Post-war Vietnam","register","FALSE","1978","1990","Ho Chi Minh City; Haiphong; South China Sea routes","Vietnam","","","","","unmapped","victim_site","Vietnamese government policy and semi-official exit fees","","","Ethnic Chinese and southern Vietnamese","forced displacement","200000","400000","documented_estimate","","","","","2","contested","not_assessed","","UNHCR records; Kwok; Vietnamese and Chinese accounts","unverified","","Deaths at sea are the largest component and the least precisely counted"
"EV0468","Bulgarian Revival Process and the Great Excursion","Bulgarian communist minority policy","core","TRUE","1984","1989","Southeastern Bulgaria; Turkish border crossings","Bulgaria","","","","","region","victim_site","Bulgarian Communist Party","","","Bulgarian Turks and Pomaks","forced displacement","","","not_quantified","","","","","1","confirmed","not_assessed","","Bulgarian National Assembly declaration 2012; state archives","unverified","","Forced name changes, then about 360,000 pushed across the border in 1989"
"EV0469","Expulsion of black Mauritanians","Mauritanian state policy","core","TRUE","1989","1991","Senegal River valley","Mauritania","","","","","region","victim_site","Mauritanian government and security forces","","","Halpulaar, Soninke and Wolof citizens","forced displacement","","","not_quantified","","","","","2","confirmed","not_assessed","","African Commission on Human and Peoples' Rights ruling 2000; UNHCR","unverified","","About 70,000 expelled and stripped of citizenship"
"EV0470","Expulsion of the Lhotshampa","Bhutanese citizenship policy","core","TRUE","1990","1993","Southern Bhutan to Nepal","Bhutan / Nepal","","","","","route","victim_site","Bhutanese government","","","Nepali-speaking Lhotshampa","forced displacement","","","not_quantified","","","","","2","confirmed","not_assessed","","UNHCR camp registration; Hutt, Unbecoming Citizens","unverified","","About 100,000 people, roughly a sixth of the country's population"
"EV0471","Expulsion of Palestinians from Kuwait","Gulf War aftermath","core","TRUE","1991","1992","Kuwait City","Kuwait","","","","","region","victim_site","Kuwaiti government and militias","","","Palestinian residents","forced displacement","","","not_quantified","","","","","2","confirmed","not_assessed","","HRW 1991-92; UNRWA","unverified","","About 200,000 to 400,000 displaced after the PLO's stance in the war"
"EV0472","Osh ethnic violence and displacement","Kyrgyz-Uzbek conflict","core","TRUE","1990","2010","Osh; Jalal-Abad","Kyrgyzstan","","","","","multi_point","victim_site","Mobs and elements of security forces","","","Uzbek and Kyrgyz communities","forced displacement","1200","","documented_estimate","","","","","2","confirmed","not_assessed","","Kyrgyzstan Inquiry Commission 2011; HRW","unverified","","Two separate episodes twenty years apart; split into two rows if you prefer"
"EV0473","Tajik civil war displacement","Tajik civil war","core","TRUE","1992","1997","Qurghonteppa; Khatlon","Tajikistan","","","","","region","victim_site","Government and opposition forces","","","Regional and clan-based populations","forced displacement","50000","100000","documented_estimate","","","","","2","confirmed","not_assessed","","UNHCR; UN Tajikistan mission reports","unverified","",""
"EV0474","Plaza Hotel strategy meeting","Tobacco industry concealment","source_sites","FALSE","1953","1953","The Plaza Hotel, Fifth Avenue, New York","United States","40.7644","-73.9744","fixture_dev","site","point","decision_site","Heads of Philip Morris, R.J. Reynolds, Brown and Williamson, Lorillard and American Tobacco, with Hill and Knowlton","rename","Altria Group","","corporate and industrial harm","","","not_quantified","","","","","1","confirmed","not_assessed","","US v Philip Morris, Kessler judgment 2006; Hill and Knowlton records","source_checked","14-15 Dec 1953 confirmed via Kessler judgment","14-15 December 1953. The room where the industry agreed to jointly contest the science. Kessler dates the RICO enterprise from here"
"EV0475","Tobacco Industry Research Committee offices","Tobacco industry concealment","source_sites","FALSE","1954","1998","Empire State Building, New York","United States","40.7484","-73.9857","unverified_ai","site","point","perpetrator_site","Tobacco Industry Research Committee, later Council for Tobacco Research","","","","corporate and industrial harm","","","not_quantified","","","","","1","confirmed","not_assessed","","Kessler judgment 2006; Proctor, Golden Holocaust","unverified","","Housed one floor below Hill and Knowlton; dissolved as a term of the 1998 Master Settlement Agreement"
"EV0476","Philip Morris manufacturing and research complex","Tobacco industry concealment","source_sites","FALSE","1929","2006","Richmond, Virginia","United States","37.5407","-77.436","unverified_ai","settlement","point","perpetrator_site","Philip Morris","rename","Altria Group","","corporate and industrial harm","","","not_quantified","","","","","1","confirmed","not_assessed","","Kessler judgment 2006; Truth Tobacco Industry Documents","unverified","","Site of internal nicotine research the company publicly denied"
"EV0477","R.J. Reynolds headquarters","Tobacco industry concealment","source_sites","FALSE","1929","2006","Winston-Salem, North Carolina","United States","36.0999","-80.2442","unverified_ai","settlement","point","perpetrator_site","R.J. Reynolds Tobacco Company","acquisition","British American Tobacco","","corporate and industrial harm","","","not_quantified","","","","","1","confirmed","not_assessed","","Kessler judgment 2006","unverified","",""
"EV0478","Brown and Williamson headquarters","Tobacco industry concealment","source_sites","FALSE","1929","2006","Louisville, Kentucky","United States","38.2527","-85.7585","unverified_ai","settlement","point","perpetrator_site","Brown and Williamson","acquisition","Merged into R.J. Reynolds, now British American Tobacco","","corporate and industrial harm","","","not_quantified","","","","","1","confirmed","not_assessed","","Kessler judgment 2006; the Wigand disclosures","unverified","","Source of the documents leaked by Jeffrey Wigand"
"EV0479","Guildford Depository","Tobacco industry concealment","source_sites","FALSE","1989","2005","Guildford, Surrey","United Kingdom","51.2362","-0.5704","unverified_ai","settlement","point","evidence_site","British American Tobacco","","","","corporate and industrial harm","","","not_quantified","","","","","1","confirmed","not_assessed","","Minnesota litigation; WHO 2000 committee of experts","unverified","","Warehouse where BAT held millions of documents under conditions courts found obstructive"
"EV0480","US District Court for the District of Columbia","Tobacco industry concealment","source_sites","FALSE","1999","2006","Washington DC","United States","38.8951","-77.0364","unverified_ai","settlement","point","evidence_site","US Department of Justice (plaintiff)","","","","corporate and industrial harm","","","not_quantified","","","","","1","confirmed","not_assessed","","US v Philip Morris et al., Kessler judgment 2006","unverified","","Where the fifty-year scheme was found proven under RICO"
"EV0481","Truth Tobacco Industry Documents library","Tobacco industry concealment","source_sites","FALSE","2002","2026","UCSF, San Francisco","United States","37.7627","-122.4580","fixture_dev","site","point","evidence_site","University of California San Francisco (custodian)","","","","corporate and industrial harm","","","not_quantified","","","","","1","confirmed","not_assessed","","UCSF Industry Documents Library","unverified","","Around 90 million pages released through litigation; the underlying source for most tobacco rows"
"EV0482","Chemie Gruenenthal works","Thalidomide","source_sites","FALSE","1954","1961","Stolberg, near Aachen","Germany","50.7700","6.2300","fixture_dev","site","point","perpetrator_site","Chemie Gruenenthal","unchanged","Gruenenthal GmbH","","corporate and industrial harm","","","not_quantified","","","","","1","confirmed","not_assessed","","Aachen Regional Court proceedings 1968-70","unverified","","Where thalidomide was developed, manufactured and marketed as safe in pregnancy"
"EV0483","Distillers Biochemicals plant","Thalidomide","source_sites","FALSE","1958","1961","Speke, Liverpool","United Kingdom","53.3333","-2.8667","unverified_ai","settlement","point","perpetrator_site","Distillers Company (Biochemicals)","acquisition","Diageo","","corporate and industrial harm","","","not_quantified","","","","","1","confirmed","not_assessed","","UK settlement 1973; Sunday Times investigation","unverified","","UK licensee and distributor"
"EV0484","Aachen thalidomide trial","Thalidomide","source_sites","FALSE","1968","1970","Aachen Regional Court","Germany","50.7753","6.0839","unverified_ai","settlement","point","evidence_site","German prosecutors (plaintiff)","","","","corporate and industrial harm","","","not_quantified","","","","","1","confirmed","not_assessed","","Aachen Regional Court record","unverified","","Ended in settlement without verdict; the record itself is the evidence"
"EV0485","FDA review that blocked US approval","Thalidomide","source_sites","FALSE","1960","1962","Food and Drug Administration, Washington DC","United States","38.8951","-77.0364","unverified_ai","settlement","point","decision_site","Frances Oldham Kelsey, FDA","","","","corporate and industrial harm","","","not_quantified","","","","","1","confirmed","not_assessed","","US congressional record; Kefauver-Harris Amendments 1962","unverified","","The counterfactual pin: where the same harm was prevented"
"EV0486","Wannsee Conference villa","Nazi concentration and extermination camps","source_sites","FALSE","1942","1942","Am Grossen Wannsee 56-58, Berlin","Germany","52.4331","13.1644","fixture_dev","site","point","decision_site","Reich Security Main Office (Heydrich)","","","","genocide","","","not_quantified","","","","","1","confirmed","not_assessed","","Wannsee Protocol; surviving copy in the German Federal Archives","unverified","","Coordination of the Final Solution; the protocol survives"
"EV0487","Tiergartenstrasse 4 headquarters","Nazi murder of disabled people","source_sites","FALSE","1940","1945","Tiergartenstrasse 4, Berlin","Germany","52.51","13.37","unverified_ai","site","point","decision_site","Kanzlei des Fuehrers euthanasia administration","","","","genocide","","","not_quantified","","","","","1","confirmed","not_assessed","","Nuremberg Doctors Trial; Berlin memorial","unverified","","The programme is named after this address"
"EV0488","Topf und Soehne works","Nazi concentration and extermination camps","source_sites","FALSE","1939","1945","Erfurt","Germany","50.9787","11.0328","unverified_ai","settlement","point","perpetrator_site","J.A. Topf und Soehne","dissolved","Dissolved; the Erfurt works is now a memorial","","genocide","","","not_quantified","","","","","1","confirmed","not_assessed","","Company correspondence held at the Erfurt memorial; Auschwitz construction files","unverified","","Designed and supplied the crematoria; the correspondence survives in full"
"EV0489","IG Farben headquarters","Nazi forced labour","source_sites","FALSE","1928","1945","Poelzig Building, Frankfurt am Main","Germany","50.125","8.6667","unverified_ai","site","point","decision_site","IG Farben","dissolved","Broken up into BASF, Bayer, Hoechst and Agfa","","genocide","","","not_quantified","","","","","1","confirmed","not_assessed","","IG Farben Trial, Nuremberg Military Tribunal VI","unverified","","Where the Monowitz plant decision was taken"
"EV0490","Lubyanka","Great Terror","source_sites","FALSE","1918","1991","Lubyanka Square, Moscow","Russia","55.76","37.6283","unverified_ai","site","point","decision_site","Cheka, NKVD, KGB","","","","state terror","","","not_quantified","","","","","1","confirmed","not_assessed","","Memorial; NKVD operational orders","unverified","","Where Orders 00447 and 00485 were issued"
"EV0491","Union Carbide corporate headquarters","Bhopal gas disaster","source_sites","FALSE","1975","1986","Danbury, Connecticut","United States","41.3948","-73.454","unverified_ai","settlement","point","decision_site","Union Carbide Corporation","acquisition","Dow Chemical, now Dow Inc.","","corporate and industrial harm","","","not_quantified","","","","","1","confirmed","not_assessed","","Indian government litigation; internal safety audits 1982","unverified","","The 1982 internal audit warning of the Bhopal hazards was written for this office"
"EV0492","Purdue Pharma headquarters","Purdue Pharma and the opioid crisis","source_sites","FALSE","1996","2021","Stamford, Connecticut","United States","41.0534","-73.5387","unverified_ai","settlement","point","decision_site","Purdue Pharma and the Sackler family","court_ordered","Knoa Pharma LLC","","corporate and industrial harm","","","not_quantified","","","","","1","confirmed","not_assessed","","Purdue guilty pleas 2007 and 2020; Massachusetts AG complaint","unverified","",""
"EV0493","Nuremberg Palace of Justice","Nazi concentration and extermination camps","source_sites","FALSE","1945","1949","Nuremberg","Germany","49.4530","11.0500","fixture_dev","site","point","evidence_site","International Military Tribunal and NMT (custodian)","","","","genocide","","","not_quantified","","","","","1","confirmed","not_assessed","","IMT and NMT trial records","unverified","","The documentary foundation for a large share of the Nazi-era rows"
"EV0494","Radium dial painting at US Radium","Radium dial painting","core","TRUE","1917","1926","US Radium Corporation, Orange, New Jersey","United States","40.7712","-74.2326","fixture_dev","site","point","victim_site","US Radium Corporation","rename","Safety Light Corporation","Women dial painters","corporate and industrial harm","50","","documented_estimate","","","dial painters employed at the Orange plant: around 70","Deaths accrued over decades from bone necrosis and osteosarcoma. The count is of identified painters, not a complete cohort","1","confirmed","not_assessed","","Fryer et al. settlement 1928; New Jersey Department of Labor findings; Clark, Radium Girls","unverified","","Company chemists handled radium behind lead shields and with tongs while instructing painters to point brushes with their lips. The knowledge gap was manufactured, not accidental"
"EV0495","Radium dial painting at Ottawa, Illinois","Radium dial painting","core","TRUE","1922","1937","Radium Dial Company, Ottawa, Illinois","United States","41.3456","-88.8426","unverified_ai","settlement","point","victim_site","Radium Dial Company","rename","Luminous Processes Inc., dissolved 1978","Women dial painters","corporate and industrial harm","","","not_quantified","","","","","1","confirmed","not_assessed","","Donohue v Radium Dial, Illinois Industrial Commission 1938, upheld by the Illinois Supreme Court","unverified","","Catherine Donohue testified from a bed in her home; the company had run its own tests on the women and withheld the results"
"EV0496","Radium dial painting at Waterbury","Radium dial painting","core","TRUE","1918","1930","Waterbury Clock Company, Waterbury, Connecticut","United States","41.5582","-73.0515","unverified_ai","settlement","point","victim_site","Waterbury Clock Company","rename","Luminous Processes Inc., dissolved 1978","Women dial painters","corporate and industrial harm","","","not_quantified","","","","","2","confirmed","not_assessed","","Connecticut workers' compensation claims; Clark, Radium Girls","unverified","","The third and least documented of the three dial plants"
"EV0497","Leaded petrol exposure","Tetraethyl lead in petrol","register","FALSE","1923","2021","Global, wherever leaded petrol was sold","Multiple","","","","","unmapped","victim_site","General Motors, Standard Oil of New Jersey, DuPont, later the Ethyl Corporation and licensees","rename","NewMarket Corporation (Afton Chemical)","General population, especially children","corporate and industrial harm","","","attributable_annual","","","IQ points lost in children under five, all lead sources: 765 million in 2019","Lead exposure from all sources is linked to 5.5 million cardiovascular deaths in 2019 (Lancet Planetary Health) or 0.9 to 1.57 million (GBD 2019 and 2021). The two differ roughly sixfold. Petrol's share of the cumulative historical burden has never been separately quantified","1","confirmed","not_assessed","","Larsen and Sanchez-Triana, Lancet Planetary Health 2023; GBD 2019 and 2021; McFarland et al. PNAS 2022","source_checked","Lancet Planetary Health 2023 and GBD figures confirmed","Harm followed a distributed product across a century and most of the world. Source sites are pinned separately; the exposure itself cannot be"
"EV0498","Discovery of tetraethyl lead","Tetraethyl lead in petrol","source_sites","FALSE","1921","1921","General Motors Research Laboratory, Dayton, Ohio","United States","39.7589","-84.1916","fixture_dev","site","point","decision_site","Thomas Midgley Jr and Charles Kettering, General Motors","court_ordered","New GM (General Motors Company); the predecessor became Motors Liquidation Company","","corporate and industrial harm","","","not_quantified","","","","","1","confirmed","not_assessed","","GM research records; Kovarik, Ethyl-leaded Gasoline","unverified","","Ethanol was a known, unpatentable alternative anti-knock agent. Tetraethyl lead could be patented. Midgley later invented CFCs"
"EV0499","Bayway refinery tetraethyl lead poisonings","Tetraethyl lead in petrol","core","TRUE","1924","1924","Standard Oil Bayway refinery, Elizabeth, New Jersey","United States","40.6400","-74.2100","fixture_dev","site","point","victim_site","Standard Oil of New Jersey","rename","ExxonMobil","Refinery workers","corporate and industrial harm","5","","counted","35","","workers hospitalised with acute lead psychosis","","1","confirmed","not_assessed","","New Jersey state investigation 1924; contemporary press and Bureau of Mines records","unverified","","Workers called it the looney gas building. Around 35 more were hospitalised with acute lead psychosis"
"EV0500","Deepwater works tetraethyl lead deaths","Tetraethyl lead in petrol","core","TRUE","1923","1925","DuPont Deepwater works, Carneys Point, New Jersey","United States","39.689","-75.474","unverified_ai","settlement","point","victim_site","DuPont","","","Plant workers","corporate and industrial harm","8","","counted","300","","workers treated for lead poisoning","","2","confirmed","not_assessed","","DuPont plant records; Kovarik; contemporary press","unverified","","Known locally as the House of the Butterflies, after the hallucinations reported by poisoned workers"
"EV0501","Surgeon General's tetraethyl lead conference","Tetraethyl lead in petrol","source_sites","FALSE","1925","1926","US Public Health Service, Washington DC","United States","38.8951","-77.0364","unverified_ai","settlement","point","decision_site","US Public Health Service and industry representatives","","","","corporate and industrial harm","","","not_quantified","","","","","1","confirmed","not_assessed","","US Public Health Service conference proceedings 1925; Rosner and Markowitz","unverified","","Sales resumed after a seven-month pause. The meeting established that a product stays on sale until harm is proven, which became the industry standard for forty years"
"EV0502","Ethyl Corporation headquarters","Tetraethyl lead in petrol","source_sites","FALSE","1924","1998","Richmond, Virginia","United States","37.5407","-77.436","unverified_ai","settlement","point","perpetrator_site","Ethyl Corporation","rename","NewMarket Corporation (Afton Chemical)","","corporate and industrial harm","","","not_quantified","","","","","1","confirmed","not_assessed","","US EPA phase-out rulemaking record; corporate filings","unverified","","Continued marketing leaded petrol abroad for decades after the US phase-out began in 1975"
"EV0503","Caltech measurement of global lead contamination","Tetraethyl lead in petrol","source_sites","FALSE","1953","1965","California Institute of Technology, Pasadena","United States","34.1377","-118.1253","unverified_ai","site","point","evidence_site","Clair Patterson (researcher)","","","","corporate and industrial harm","","","not_quantified","","","","","1","confirmed","not_assessed","","Patterson, Contaminated and Natural Lead Environments of Man, 1965","unverified","","Patterson set out to date the Earth and found modern lead everywhere. Industry funding was withdrawn and he was kept off federal advisory panels"
"EV0504","End of leaded petrol sales","Tetraethyl lead in petrol","source_sites","FALSE","2021","2021","Algeria, the last country to sell it","Algeria","36.7538","3.0588","unverified_ai","approximate","point","evidence_site","UN Environment Programme (campaign)","","","","corporate and industrial harm","","","not_quantified","","","","","1","confirmed","not_assessed","","UNEP announcement, August 2021","unverified","","Closing pin for the campaign: the harm ran from 1923 to 2021"
"EV0505","Hawk's Nest Tunnel silicosis disaster","Industrial silica exposure","core","TRUE","1930","1935","Gauley Bridge, West Virginia","United States","38.1300","-81.2000","fixture_dev","site","point","victim_site","Union Carbide and Carbon Corporation and Rinehart and Dennis","acquisition","Dow Chemical, now Dow Inc.","Tunnel workers, mostly Black migrant labourers","corporate and industrial harm","476","764","documented_estimate","","","workers employed on the tunnel: around 3,000","The lower figure is the 1936 congressional count; the higher is Cherniack's epidemiological reconstruction","1","confirmed","not_assessed","","US House Labor Subcommittee hearings 1936; Cherniack, The Hawk's Nest Incident","unverified","","Dry drilling through almost pure silica without respirators, while engineers wore them on inspection visits. Many of the dead were buried in unmarked graves in a nearby field"
"EV0506","Phosphorus necrosis among match workers","White phosphorus in match manufacture","core","TRUE","1850","1910","Bryant and May works, Bow, London","United Kingdom","51.53","-0.02","unverified_ai","site","point","victim_site","Bryant and May and other match manufacturers","","","Women and girl match workers","corporate and industrial harm","","","not_quantified","","","match workers affected by phossy jaw across the industry","Cases were recorded by factory inspectors rather than counted as deaths. Around a fifth of diagnosed cases were fatal","2","confirmed","not_assessed","","UK Home Office inquiries 1893 and 1898; Lowe, The Matchgirls' Strike","unverified","","Phossy jaw was preventable by switching to red phosphorus, which the firm resisted on cost. Britain banned white phosphorus in matches in 1910"
"EV0507","Diethylstilboestrol prescribing","Pharmaceutical harm","register","FALSE","1938","1971","United States, and widely in Europe","Multiple","","","","","unmapped","victim_site","Eli Lilly and around 200 other manufacturers","","","Pregnant women and their daughters","corporate and industrial harm","","","not_quantified","5000000","10000000","people exposed in utero or as prescribed patients, United States alone","Clear cell adenocarcinoma, infertility and reproductive tract malformations are established. No defensible death figure exists","1","confirmed","not_assessed","","Herbst et al. 1971; Sindell v Abbott 1980; Dutch and French DES registries","unverified","","Around 5 to 10 million exposed in the US alone. Evidence of ineffectiveness existed from 1953; prescribing continued for eighteen more years. Produced the market share liability doctrine"
"EV0508","Dalkon Shield intrauterine device","Pharmaceutical harm","core","TRUE","1971","1974","A.H. Robins Company, Richmond, Virginia","United States","37.5407","-77.436","unverified_ai","settlement","point","victim_site","A.H. Robins Company","acquisition","American Home Products (1989), renamed Wyeth (2002), acquired by Pfizer (2009)","Women fitted with the device","corporate and industrial harm","18","","counted","200000","","women who filed injury claims","Deaths acknowledged in US litigation; septic abortion and pelvic infection were the main injuries","1","confirmed","not_assessed","","In re A.H. Robins bankruptcy and claimants' trust; Mintz, At Any Cost","unverified","","The multifilament tail wicked bacteria into the uterus. Robins knew of the wicking problem before launch. Over 200,000 claims were eventually filed"
"EV0509","Rofecoxib (Vioxx) marketing","Pharmaceutical harm","core","TRUE","1999","2004","Merck, Whitehouse Station, New Jersey","United States","40.6100","-74.7700","fixture_dev","site","point","victim_site","Merck and Company","","","Patients prescribed the drug","corporate and industrial harm","26000","55000","excess_mortality","88000","139000","excess heart attacks and strokes, FDA safety reviewer estimate","Derived from Graham's FDA analysis assuming 30 to 40 percent case fatality. Merck disputed the methodology","1","confirmed","not_assessed","","Graham FDA analysis 2004; Merck guilty plea 2011; 4.85 billion dollar settlement 2007","unverified","","The VIGOR trial showed elevated cardiovascular risk in 2000. The FDA's own safety reviewer estimated 88,000 to 139,000 excess heart attacks before withdrawal"
"EV0510","Fen-phen valvular heart disease","Pharmaceutical harm","core","TRUE","1992","1997","Wyeth, Madison, New Jersey","United States","40.7598","-74.4171","unverified_ai","settlement","point","victim_site","Wyeth (American Home Products)","acquisition","Pfizer","Patients prescribed the combination","corporate and industrial harm","","","not_quantified","","","","","1","confirmed","not_assessed","","Mayo Clinic case series 1997; Wyeth settlement programme, over 21 billion dollars reserved","unverified","",""
"EV0511","Elixir sulfanilamide poisoning","Pharmaceutical harm","core","TRUE","1937","1937","S.E. Massengill Company, Bristol, Tennessee","United States","36.5951","-82.1887","unverified_ai","settlement","point","victim_site","S.E. Massengill Company","acquisition","Haleon, via Beecham and GlaxoSmithKline","Patients, many of them children","corporate and industrial harm","105","","documented_estimate","","","","","1","confirmed","not_assessed","","FDA investigation 1937; US Food, Drug and Cosmetic Act 1938","unverified","","Dissolved in diethylene glycol, an antifreeze solvent, with no safety testing because none was legally required. Thirty-four of the dead were children. The law changed because of it"
"EV0512","Diethylene glycol cough syrup deaths","Pharmaceutical harm","core","TRUE","2022","2023","The Gambia; Indonesia; earlier in Panama and Haiti","Multiple","","","","","multi_point","victim_site","Indian and Indonesian manufacturers and their solvent suppliers","","","Children","corporate and industrial harm","300","","documented_estimate","","","","","1","confirmed","not_assessed","","WHO medical product alerts 2022-23; Indonesian and Gambian government investigations","unverified","","The same solvent as 1937, in the same role, 85 years later. Panama 2006 and Haiti 1996 were earlier repeats"
"EV0513","PIP breast implants","Pharmaceutical harm","core","TRUE","2001","2010","Poly Implant Prothese, La Seyne-sur-Mer","France","43.1","5.8833","unverified_ai","settlement","point","victim_site","Poly Implant Prothese (Jean-Claude Mas)","dissolved","Liquidated","Implant recipients","corporate and industrial harm","","","not_quantified","","","","","1","confirmed","not_assessed","","Marseille criminal court conviction 2013; French health ministry recall","unverified","","Filled with unapproved industrial-grade silicone to cut costs, across around 300,000 implants sold internationally"
"EV0514","Contaminated heparin","Pharmaceutical harm","core","TRUE","2007","2008","Changzhou supply chain; distributed by Baxter, Deerfield, Illinois","China / United States","","","","","multi_point","victim_site","Supply chain contamination, unresolved attribution","","","Dialysis and surgical patients","corporate and industrial harm","81","","documented_estimate","","","","","1","confirmed","not_assessed","","FDA investigation 2008; US congressional hearings","unverified","","Oversulphated chondroitin sulphate substituted upstream; deliberate adulteration was established but no perpetrator was ever prosecuted"
"EV0515","Melamine-adulterated infant formula","Food adulteration","core","TRUE","2008","2008","Sanlu Group, Shijiazhuang, and 21 further producers","China","","","","","multi_point","victim_site","Sanlu Group and milk collection intermediaries","dissolved","Dissolved; dairy assets acquired by Sanyuan","Infants","corporate and industrial harm","6","","counted","300000","","infants treated for kidney stones and renal failure","","1","confirmed","not_assessed","","Chinese court judgments 2009, including two executions; WHO review","unverified","","Around 300,000 infants affected. The company knew for months and local officials suppressed reporting through the Beijing Olympics"
"EV0516","Toxic oil syndrome","Food adulteration","core","TRUE","1981","1981","Madrid and north-western Spain","Spain","","","","","region","victim_site","Rapeseed oil importers and repackagers","","","Consumers","corporate and industrial harm","300","1100","documented_estimate","20000","","people permanently disabled","","1","confirmed","not_assessed","","Spanish Audiencia Nacional judgment 1989; WHO follow-up studies","unverified","","Industrial rapeseed oil denatured with aniline, refined and sold as olive oil. Around 20,000 people permanently affected"
"EV0517","Monsanto PCB production at Anniston","Industrial chemical contamination","core","TRUE","1929","1971","Anniston, Alabama","United States","33.6598","-85.8316","unverified_ai","settlement","point","victim_site","Monsanto (Anniston plant)","liability_spinoff","Split three ways: chemical liabilities to Solutia (1997), acquired by Eastman Chemical (2012); pharmaceutical arm merged into Pharmacia (2000), acquired by Pfizer (2003); agricultural business relisted as 'new Monsanto', acquired by Bayer (2018)","Residents of west Anniston","corporate and industrial harm","","","not_quantified","","","residents of west Anniston covered by the 2003 settlement: around 20,000","PCB body burdens in Anniston residents ran hundreds of times national averages. Mortality attribution was never established in court; the settlement resolved property and health claims without it","1","confirmed","not_assessed","","Abernathy v Monsanto settlement 2003, 700 million dollars; internal Monsanto memoranda in evidence","unverified","","Internal documents from the 1960s record the company's knowledge of contamination alongside a decision not to lose business over it"
"EV0518","Vinyl chloride angiosarcoma concealment","Occupational chemical exposure","core","TRUE","1959","1974","B.F. Goodrich, Louisville, Kentucky; European producers","United States / Europe","","","","","multi_point","victim_site","B.F. Goodrich and the vinyl chloride industry","acquisition","Lubrizol, a Berkshire Hathaway subsidiary","Polymerisation workers","corporate and industrial harm","","","not_quantified","","","","","1","confirmed","not_assessed","","US congressional and OSHA record 1974; Markowitz and Rosner, Deceit and Denial","unverified","","European animal studies showing liver cancer were shared with US producers under secrecy agreements years before workers were told"
"EV0519","Hexavalent chromium at Hinkley","Industrial chemical contamination","core","TRUE","1952","1966","Hinkley, California","United States","34.945","-117.18","unverified_ai","settlement","point","victim_site","Pacific Gas and Electric","","","Town residents","corporate and industrial harm","","","not_quantified","","","","","1","confirmed","not_assessed","","Anderson v PG&E settlement 1996, 333 million dollars","unverified","","Chromium-6 discharged to unlined ponds; the utility knew of the plume before informing residents"
"EV0520","Johns-Manville asbestos concealment","Occupational and environmental asbestos","core","TRUE","1930","1977","Manville, New Jersey; plants across North America","United States","","","","","multi_point","victim_site","Johns-Manville Corporation","court_ordered","Johns Manville, a Berkshire Hathaway subsidiary","Workers and their families","corporate and industrial harm","","","attributable_annual","","","occupational asbestos deaths worldwide: around 255,000 a year","Asbestos mortality is counted globally by disease, not by company. Manville's share is not separable","1","confirmed","not_assessed","","WHO and GBD asbestos estimates; Sumner Simpson papers 1977","unverified","","Correspondence from the 1930s showing suppression of the medical literature surfaced only in discovery forty years later"
"EV0521","Lead paint marketing to households","Lead in consumer products","core","TRUE","1900","1978","United States; Lead Industries Association campaigns","United States","","","","","region","victim_site","Sherwin-Williams, NL Industries, ConAgra and the Lead Industries Association","","","Children in older housing","corporate and industrial harm","","","not_quantified","","","US homes with lead paint hazards at the time of the judgment: around 3.5 million in California alone","The California judgment ordered abatement rather than damages, so no mortality finding was made","1","confirmed","not_assessed","","California public nuisance judgment 2014, affirmed 2017, 305 million dollar abatement fund","unverified","","Marketed for interior use with child-directed advertising while the industry's own literature described childhood poisoning"
"EV0522","Kepone contamination of the James River","Industrial chemical contamination","core","TRUE","1966","1975","Hopewell, Virginia; James River","United States","","","","","region","victim_site","Allied Chemical and Life Science Products","acquisition","Honeywell International","Plant workers and river communities","corporate and industrial harm","","","not_quantified","","","","","1","confirmed","not_assessed","","US federal conviction and fine 1976; Virginia fishing ban","unverified","","Workers showed tremors and neurological damage; the river was closed to fishing for thirteen years"
"EV0523","Times Beach dioxin contamination","Industrial chemical contamination","core","TRUE","1972","1983","Times Beach, Missouri","United States","38.507","-90.6","unverified_ai","settlement","point","victim_site","Independent Petrochemical Corporation and waste haulers","","","Town residents","corporate and industrial harm","","","not_quantified","","","","","1","confirmed","not_assessed","","EPA buyout 1983; federal litigation","unverified","","Dioxin-laced waste oil sprayed on roads for dust control; the town was bought out and dissolved"
"EV0524","Trichloroethylene contamination at Woburn","Industrial chemical contamination","core","TRUE","1964","1986","Woburn, Massachusetts","United States","42.4793","-71.1523","unverified_ai","settlement","point","victim_site","W.R. Grace and Beatrice Foods","","","Families in east Woburn","corporate and industrial harm","","","not_quantified","","","","","1","confirmed","not_assessed","","Anderson v Cryovac 1986; Massachusetts Department of Public Health cluster study","unverified","","A childhood leukaemia cluster traced to two municipal wells; the basis of A Civil Action"
"EV0525","Talc asbestos contamination","Consumer product harm","core","TRUE","1971","2020","Johnson and Johnson, New Brunswick, New Jersey","United States","40.4862","-74.4518","unverified_ai","settlement","point","victim_site","Johnson and Johnson","liability_spinoff","Johnson and Johnson; talc liabilities moved to LTL Management, later Red River Talc","Consumers, predominantly women","corporate and industrial harm","","","not_quantified","","","","","2","contested","not_assessed","","Reuters investigation 2018 citing internal records; US state verdicts, several later reduced or reversed","unverified","","Internal testing showing trace asbestos dates to the early 1970s. Causation and verdict sizes remain heavily litigated"
"EV0526","Ford Pinto fuel tank design","Vehicle safety concealment","core","TRUE","1971","1980","Ford Motor Company, Dearborn, Michigan","United States","42.3223","-83.1763","unverified_ai","settlement","point","victim_site","Ford Motor Company","","","Drivers and passengers","corporate and industrial harm","27","180","documented_estimate","","","","","1","contested","not_assessed","","Grimshaw v Ford Motor Co. 1981; NHTSA investigation 1978","unverified","","The internal cost-benefit memo is real but was written for a different regulatory purpose than the popular account suggests. Cite the judgment, not the legend"
"EV0527","General Motors ignition switch defect","Vehicle safety concealment","core","TRUE","2004","2014","General Motors, Detroit, Michigan","United States","42.3314","-83.0458","unverified_ai","settlement","point","victim_site","General Motors","court_ordered","New GM (General Motors Company); the predecessor became Motors Liquidation Company","Drivers and passengers","corporate and industrial harm","124","","documented_estimate","","","","","1","confirmed","not_assessed","","US deferred prosecution agreement 2015; Valukas internal report 2014; GM compensation fund","unverified","","A switch that could shut off the engine and disable airbags. The defect was identified in 2004 and the recall came ten years later"
"EV0528","Takata airbag inflators","Vehicle safety concealment","core","TRUE","2000","2017","Takata Corporation, Tokyo and Monclova, Mexico","Japan / Mexico / United States","","","","","multi_point","victim_site","Takata Corporation","acquisition","Joyson Safety Systems","Drivers and passengers","corporate and industrial harm","30","","documented_estimate","","","","","1","confirmed","not_assessed","","Takata guilty plea 2017, US Department of Justice; NHTSA consent orders","unverified","","Ammonium nitrate propellant degrades with humidity and sprays metal fragments. Test data was falsified. The largest recall in automotive history"
"EV0529","Boeing 737 MAX crashes","Aviation safety concealment","core","TRUE","2018","2019","Lion Air 610, Java Sea; Ethiopian 302, Bishoftu","Indonesia / Ethiopia","","","","","multi_point","victim_site","Boeing Company","","","Passengers and crew","corporate and industrial harm","346","","documented_estimate","","","","","1","confirmed","not_assessed","","US deferred prosecution agreement 2021; Indonesian KNKT and Ethiopian ECAA final reports; US House committee report 2020","unverified","","MCAS was omitted from flight manuals and its authority understated to regulators. The second crash came five months after the first"
"EV0530","Volkswagen emissions defeat devices","Vehicle emissions fraud","core","TRUE","2009","2015","Volkswagen, Wolfsburg","Germany","52.4227","10.7865","unverified_ai","settlement","point","victim_site","Volkswagen Group","","","General population exposed to nitrogen oxides","corporate and industrial harm","","","excess_mortality","","","excess nitrogen oxide emitted: roughly 40 times the permitted level in affected vehicles","Modelling studies put European premature deaths from the excess emissions in the hundreds to low thousands. The fraud is proven; the mortality figure is contested and model-dependent","1","contested","not_assessed","","US guilty plea 2017; German convictions of executives; ICCT and West Virginia University testing 2014","unverified","","Fraud is settled in law. Attributing a specific number of premature deaths to the excess emissions rests on modelling and is contested"
"EV0531","Courrieres mine disaster","Mining disaster","core","TRUE","1906","1906","Courrieres, Pas-de-Calais","France","50.4583","2.9458","unverified_ai","settlement","point","victim_site","Compagnie des mines de Courrieres","","","Miners","corporate and industrial harm","1099","","documented_estimate","","","","","2","confirmed","not_assessed","","French government inquiry 1906","unverified","","Rescue was called off after three days while men were still alive underground; thirteen walked out on day twenty. Triggered a national strike"
"EV0532","Benxihu colliery explosion","Mining disaster","core","TRUE","1942","1942","Benxi, Liaoning","China","41.2939","123.7661","unverified_ai","settlement","point","victim_site","Japanese-operated Benxihu colliery","","","Chinese forced and contract miners","corporate and industrial harm","1549","","documented_estimate","","","","","2","confirmed","not_assessed","","Post-war Chinese investigations; Japanese company records","unverified","","Ventilation was cut and the pit sealed with men inside to contain the fire. The deadliest mine disaster on record"
"EV0533","Soma mine disaster","Mining disaster","core","TRUE","2014","2014","Soma, Manisa","Turkey","39.1833","27.6167","unverified_ai","settlement","point","victim_site","Soma Komur Isletmeleri","","","Miners","corporate and industrial harm","301","","documented_estimate","","","","","1","confirmed","not_assessed","","Turkish court convictions 2018; Turkish parliamentary inquiry","unverified","","Production targets had been raised while safety inspections recorded no defects days before"
"EV0534","Ali Enterprises factory fire","Garment industry negligence","core","TRUE","2012","2012","Baldia Town, Karachi","Pakistan","24.9333","66.9833","unverified_ai","settlement","point","victim_site","Ali Enterprises, with liability claimed against buyer KiK","","","Garment workers","corporate and industrial harm","260","","documented_estimate","","","","","1","confirmed","not_assessed","","Pakistani judicial proceedings; KiK settlement 2016; SA8000 audit issued weeks before the fire","unverified","","Barred windows and locked exits. The factory had passed a social compliance audit three weeks earlier"
"EV0535","Dzungar genocide","Qing conquest of Dzungaria","core","TRUE","1755","1758","Dzungaria, northern Xinjiang","China","","","","","region","victim_site","Qing dynasty under the Qianlong Emperor","","","Dzungar Oirats","genocide","480000","800000","documented_estimate","","","","Perdue estimates that 80 percent of the Dzungar population was killed or died of disease and famine during the campaign. Qianlong's extermination orders survive in the Qing archives","2","confirmed","not_assessed","","Perdue, China Marches West; Qing veritable records","unverified","","The clearest pre-1800 non-European genocide, and the largest gap in the file's early coverage"
"EV0536","Stanford Research Institute report to the American Petroleum Institute","Fossil fuel climate concealment","source_sites","FALSE","1968","1968","Menlo Park, California","United States","37.453","-122.1817","unverified_ai","settlement","point","evidence_site","Stanford Research Institute, commissioned by the American Petroleum Institute","","","","corporate and industrial harm","","","not_quantified","","","","","1","ongoing_adjudication","not_assessed","","Robinson and Robinson, Sources, Abundance, Fate and Control of Atmospheric Pollutants, SRI 1968; API archive","unverified","","Told the industry's own trade body that rising carbon dioxide could bring significant temperature change and melting ice caps. Commissioned, received, and not acted on"
"EV0537","Exxon internal climate research","Fossil fuel climate concealment","source_sites","FALSE","1977","1982","Exxon Research and Engineering, Linden, New Jersey","United States","40.6220","-74.2350","fixture_dev","site","point","decision_site","Exxon Corporation","","","","corporate and industrial harm","","","not_quantified","","","","","1","ongoing_adjudication","not_assessed","","Black memorandum 1977; Exxon internal projections 1982; Supran, Oreskes and Rahmstorf, Science 2023","source_checked","Supran, Oreskes and Rahmstorf, Science 2023 confirmed","Exxon's own scientists modelled warming accurately. A 2023 analysis in Science found their internal projections matched or beat contemporary academic models. Public messaging then took the opposite line"
"EV0538","Shell internal greenhouse assessment","Fossil fuel climate concealment","source_sites","FALSE","1986","1991","Shell Group Planning, The Hague","Netherlands","52.08","4.3","unverified_ai","settlement","point","decision_site","Royal Dutch Shell","","","","corporate and industrial harm","","","not_quantified","","","","","1","ongoing_adjudication","not_assessed","","The Greenhouse Effect, Shell internal report 1988; Climate of Concern, Shell film 1991","unverified","","The 1988 confidential report warned of effects described as the greatest in recorded history. Shell also produced a public film saying so in 1991, then joined the lobbying against action"
"EV0539","Global Climate Coalition","Fossil fuel climate concealment","source_sites","FALSE","1989","2002","Washington DC","United States","38.8951","-77.0364","unverified_ai","settlement","point","perpetrator_site","Global Climate Coalition, an industry body including Exxon, Shell, BP, Ford and General Motors","","","","corporate and industrial harm","","","not_quantified","","","","","1","ongoing_adjudication","not_assessed","","GCC Science and Technical Advisory Committee primer 1995, entered in US litigation","unverified","","The coalition's own scientific advisers wrote in 1995 that the greenhouse effect was well established and could not be refuted. That section was removed before distribution"
"EV0540","American Petroleum Institute communications plan","Fossil fuel climate concealment","source_sites","FALSE","1998","1998","American Petroleum Institute, Washington DC","United States","38.8951","-77.0364","unverified_ai","settlement","point","decision_site","American Petroleum Institute and member companies","","","","corporate and industrial harm","","","not_quantified","","","","","1","ongoing_adjudication","not_assessed","","Global Climate Science Communications Plan, API 1998, leaked to the New York Times","unverified","","Stated that victory would be achieved when uncertainty about climate science became part of conventional wisdom. Budgeted and staffed accordingly"
"EV0541","Climate liability litigation","Fossil fuel climate concealment","source_sites","FALSE","2017","2026","US state and municipal courts; The Hague","Multiple","","","","","point","evidence_site","State attorneys general, municipalities and NGOs (plaintiffs)","","","","corporate and industrial harm","","","not_quantified","","","","","1","ongoing_adjudication","not_assessed","","US state and municipal deception suits; Milieudefensie v Shell, The Hague 2021 and on appeal","unverified","","Most claims are framed as consumer deception rather than harm from emissions, which is the same theory that succeeded against tobacco. Outcomes are unresolved"
