"id","event_name","parent_campaign","start_year","end_year","place_name","country_today","lat","lon","geometry_type","perpetrator","target_group","category","deaths_low","deaths_high","evidence_tier","key_source","status","notes","register_reason","what_would_unlock_it"
"EV0016","Bengal famine of 1770","British East India Company rule","1769","1771","Bengal","India / Bangladesh","","","unmapped","East India Company revenue policy","Bengali peasantry","colonial conquest","","","2","Datta; Company records","contested","","Company revenue records give district revenue collapse, not located mortality","District-level Company diwani records tied to settlement data"
"EV0022","Maji Maji rebellion suppression","German East Africa","1905","1907","Southern Tanzania","Tanzania","","","unmapped","German colonial forces","Local populations","colonial conquest","","","2","Iliffe; German colonial records","confirmed","Deliberate famine used as a weapon","Famine was created across a broad region; no village-level record","German colonial district officer reports in the Bundesarchiv"
"EV0032","Portuguese forced labour regime","Portuguese African colonies","1899","1961","Angola and Mozambique","Angola / Mozambique","","","unmapped","Portuguese state and concessionaires","African labourers","colonial conquest","","","2","Ross report 1925; ILO 1962","confirmed","","Contract labour recruitment was administratively diffuse across two colonies","Portuguese colonial labour inspectorate files in the Arquivo Histórico Ultramarino"
"EV0052","Trans-Saharan slave trade","Saharan slavery system","1500","1900","Trans-Saharan routes","Multiple","","","unmapped","North African and Sahelian traders","Enslaved Africans","slavery and forced labour","","","2","Lovejoy, Transformations in Slavery","confirmed","","Market towns are documented, but transit mortality across the desert has no located record","Caravan manifests and oasis toll records; largely unstudied"
"EV0056","Peonage in the US South","Post-emancipation US South","1865","1945","Rural South","United States","","","unmapped","Landowners with state acquiescence","Black labourers","slavery and forced labour","","","1","DOJ Circular 3591; federal prosecutions","confirmed","","Federal prosecutions name counties but the practice was farm-by-farm","DOJ peonage case files, digitised but not geocoded"
"EV0059","Romusha forced labour mobilisation","Japanese occupation of the Indies","1942","1945","Java and outer islands","Indonesia","","","unmapped","Imperial Japanese Army","Javanese labourers","slavery and forced labour","","","2","Sato; Kratoska","confirmed","","Labourers dispersed across occupied Asia; no deployment register survives","Japanese Army labour deployment records, mostly destroyed in 1945"
"EV0060","Kafala system deaths","Gulf migrant labour","1970","2025","Gulf states","Multiple","","","unmapped","Employers and states","Migrant workers","slavery and forced labour","","","3","ILO; Amnesty; Guardian investigations","contested","Mortality attribution heavily disputed; keep as tier 3","Deaths recorded by nationality and employer sector, never by workplace","Employer-level mortality reporting; does not currently exist in any Gulf state"
"EV0061","Qatar World Cup construction deaths","Gulf migrant labour","2010","2022","Doha","Qatar","","","unmapped","Contractors and state","South Asian migrant workers","slavery and forced labour","","","3","ILO 2021; Guardian; contested counts","contested","The widely cited figure of more than 6,500 deaths (The Guardian, 2021) counts every death of a migrant worker from India, Pakistan, Nepal, Bangladesh or Sri Lanka in Qatar in the ten years after it won the World Cup bid, from any cause and in any job. It isn't a count of deaths on World Cup sites, and no site-level count has been published. Decision site: EV0741 (Supreme Committee headquarters).","Circulating totals are national migrant-death counts, not site-attributed","Site-level fatality reporting by contractor; never published"
"EV0081","Ache persecution","Paraguay under Stroessner","1954","1989","Eastern Paraguay","Paraguay","","","unmapped","State-tolerated hunters and settlers","Ache","indigenous dispossession","","","2","Munzel; IACHR petitions","contested","","Deaths occurred through dispersed hunting and enslavement over decades","Paraguayan Indigenous affairs records; Comisión de Verdad y Justicia annexes"
"EV0164","Three Alls policy (Sanko Sakusen)","Second Sino-Japanese War","1940","1945","North China","China","","","unmapped","Imperial Japanese Army","Rural population","war crimes","","","2","Himeta; Japanese military records","confirmed","Kill all, burn all, loot all","A handful of massacres are located; the campaign as a whole is not","Japanese North China Area Army operational records"
"EV0166","Partition violence","Partition of India","1947","1948","Punjab, Bengal, Delhi","India / Pakistan","","","unmapped","Communal militias on all sides","Hindus, Muslims, Sikhs","state mass killing","200000","2000000","2","Butalia; Khan, The Great Partition","confirmed","No single perpetrator; structure accordingly","No systematic massacre inventory was ever compiled by either state","Partition-era police and district magistrate records in Indian and Pakistani archives"
"EV0171","Chinese land reform campaign","Chinese Communist consolidation","1947","1952","Rural China","China","","","unmapped","Chinese Communist Party","Landlords and rich peasants","state mass killing","1000000","2000000","2","Yang Kuisong; party archives","confirmed","","Killings were village-level and universal; no compiled site list exists","County gazetteers, as were used for the Great Leap"
"EV0219","Ikiza (Burundi genocide of 1972)","Burundian ethnic violence","1972","1972","Nationwide","Burundi","","","unmapped","Tutsi-dominated government and army","Hutu, especially the educated","state mass killing","100000","300000","2","Lemarchand; UN reports","confirmed","","No commission ever mapped the killings or the graves","Burundian truth commission fieldwork; partially begun then suspended"
"EV0220","Burundi 1993 violence","Burundian ethnic violence","1993","1993","Nationwide","Burundi","","","unmapped","Multiple actors","Tutsi and Hutu","state mass killing","50000","100000","1","UN International Commission of Inquiry 1996","confirmed","","UN inquiry established responsibility but not a site inventory","Exhumation programme; not undertaken"
"EV0279","Chinese one-child policy enforcement","Chinese population control","1979","2015","Nationwide, with regional campaigns","China","","","unmapped","Chinese state and local officials","Women and families","institutional abuse","","","2","Greenhalgh; Chinese health statistics; Scharping","contested","Coercion varied greatly by province and period; avoid a single national claim","Coercion varied by province and campaign; only Linyi 2005 is documented as a located case","Provincial family planning enforcement records; inaccessible"
"EV0292","Thalidomide","Pharmaceutical harm","1957","1961","Germany, UK, Japan, Australia","Multiple","","","unmapped","Chemie Grunenthal and licensees","Pregnant women and infants","institutional abuse","","","1","Aachen trial 1968-70; UK Distillers settlement","confirmed","About 10,000 affected births","Harm followed a distributed product, not a place","Nothing would; national affected-population counts are the correct unit"
"EV0302","Tobacco industry concealment","Corporate public health harm","1953","2006","United States and globally","Multiple","","","unmapped","Major tobacco manufacturers","Smokers","corporate and industrial harm","","","1","US v Philip Morris RICO judgment 2006 (Judge Kessler)","confirmed","Court found a decades-long scheme to deceive","The harm is a corporate course of conduct with no geography","Nothing would; this belongs in a register permanently"
"EV0331","Vietnamese persecution of Catholics","Nguyen dynasty religious policy","1833","1862","Tonkin and Annam","Vietnam","","","unmapped","Nguyen dynasty","Vietnamese Catholics","religious persecution","","","2","Missionary records; Vietnamese court edicts","confirmed","","Execution sites named only in missionary correspondence, never compiled","Nguyen dynasty court edict records; Missions Etrangeres de Paris archive"
"EV0375","Mass rape in the Bangladesh Liberation War","Bangladesh Liberation War","1971","1971","Dhaka; Khulna; nationwide","Bangladesh","","","unmapped","Pakistan Army and allied militias","Bengali women","mass sexual violence","","","2","Bangladeshi Birangona records; Brownmiller; D'Costa","contested","Commonly cited figures of 200,000 to 400,000 are disputed","Birangona testimony is extensive but camp locations were never inventoried","Bangladeshi Ministry of Liberation War Affairs rehabilitation files"
"EV0385","Mass rape during the Soviet advance","Second World War","1944","1945","Eastern Germany; Hungary; Austria","Multiple","","","unmapped","Red Army personnel","German, Hungarian and other women","mass sexual violence","","","2","Naimark; Beevor; Berlin hospital records","contested","Scale estimates are contested and politically charged","Estimates extrapolated from a small number of Berlin hospital records","German municipal health office records for 1945-46 across the eastern zone"
"EV0436","Children of God systematic child abuse","The Family International","1968","2005","Communes across dozens of countries","Multiple","","","unmapped","Movement leadership (David Berg and successors)","Children raised in the group","cult and coercive organisation","","","2","UK High Court judgment 1995 (Ward J); survivor testimony; internal publications","confirmed","The 1995 English judgment is the strongest single legal document","Communes moved constantly and were deliberately unregistered","Internal Family International records cited in the 1995 English judgment"
"EV0441","Mount Lebanon famine","First World War in the Levant","1915","1918","Mount Lebanon","Lebanon","","","unmapped","Ottoman requisition and Allied naval blockade","Mountain population","engineered famine","150000","200000","2","Ottoman and French consular records; Tanielian","confirmed","Locusts triggered it; requisition and blockade made it lethal","Mortality known in aggregate; no village-level register survives","Ottoman mutasarrifiyya tax and population records; church parish registers"
"EV0442","Persian famine","First World War occupation of Persia","1917","1919","Northern and western Persia","Iran","","","unmapped","Occupying Russian, British and Ottoman forces; grain hoarding","Persian population","engineered famine","","","2","Majd (contested); British and Persian archival sources","contested","Majd's figure of 8-10 million is rejected by most demographers; store a wide range","Only city-level data compiled is Afkhami's influenza table; famine, cholera, typhus and flu deaths were never separated by place","Provincial grain requisition records from British, Russian and Ottoman military archives"
"EV0444","Northwest China famine","Warlord-era China","1928","1930","Shaanxi, Gansu, Henan","China","","","unmapped","Warlord grain seizure, opium cultivation displacement, drought","Rural population","engineered famine","3000000","10000000","2","Li Lillian; Republican-era relief commission records","contested","Land switched from grain to opium under warlord taxation","No county-level mortality data comparable to the Great Leap gazetteers","Republican-era provincial relief commission records for Shaanxi and Gansu"
"EV0447","Soviet famine of 1946-47","Postwar Soviet grain policy","1946","1947","Ukraine, Moldova, central Russia","Former USSR","","","unmapped","Soviet state procurement and export policy","Rural population","engineered famine","1000000","1500000","2","Ellman; Soviet archives","contested","USSR exported grain during the famine","Archival work is national and oblast-level; no district mortality series published","Oblast procurement and ZAGS death registration files"
"EV0455","Muhacir expulsions from the Balkans and Caucasus","Ottoman territorial contraction","1877","1913","Balkans; Crimea; Caucasus to Anatolia","Multiple","","","unmapped","Successor states and Russian Empire","Balkan and Caucasian Muslims","forced displacement","","","2","McCarthy, Death and Exile; Ottoman refugee commission records","contested","Several million displaced; mortality in transit heavily disputed","Transit mortality over 36 years with no route-level record","Ottoman refugee commission (Muhacirin Komisyonu) settlement registers"
"EV0467","Expulsion of the Hoa and the boat people","Post-war Vietnam","1978","1990","Ho Chi Minh City; Haiphong; South China Sea routes","Vietnam","","","unmapped","Vietnamese government policy and semi-official exit fees","Ethnic Chinese and southern Vietnamese","forced displacement","200000","400000","2","UNHCR records; Kwok; Vietnamese and Chinese accounts","contested","Deaths at sea are the largest component and the least precisely counted","The largest share of deaths occurred at sea and is inherently unlocatable","Nothing would; departure ports can be pinned, deaths cannot"
"EV0497","Leaded petrol exposure","Tetraethyl lead in petrol","1923","2021","Global, wherever leaded petrol was sold","Multiple","","","unmapped","General Motors, Standard Oil of New Jersey, DuPont, later the Ethyl Corporation and licensees","General population, especially children","corporate and industrial harm","","","1","US Public Health Service 1925 conference record; Patterson 1965; UNEP Partnership for Clean Fuels","confirmed","Harm followed a distributed product across a century and most of the world. Source sites are pinned separately; the exposure itself cannot be","Exposure followed a distributed fuel across most of the world for 98 years","Nothing would; national blood-lead series are the correct unit, and source sites are pinned separately"
"EV0507","Diethylstilboestrol prescribing","Pharmaceutical harm","1938","1971","United States, and widely in Europe","Multiple","","","unmapped","Eli Lilly and around 200 other manufacturers","Pregnant women and their daughters","corporate and industrial harm","","","1","Sindell v Abbott Laboratories 1980; Herbst et al. 1971; FDA withdrawal notice","confirmed","Around 5 to 10 million exposed in the US alone. Evidence of ineffectiveness existed from 1953; prescribing continued for eighteen more years. Produced the market share liability doctrine","Prescribed to millions across two continents over 33 years with no exposure register","National prescribing records; DES daughter registries exist in the Netherlands and France but are partial"
"EV0692","Famine in Xichuan county","Great Leap Forward famine","1959","1961","Xichuan county, Nanyang region (now Xichuan, Nanyang, Henan)","China","","","unmapped","Henan provincial and Nanyang regional authorities under the procurement and anti-concealment campaigns","County population","engineered famine","","","2","Yang Jisheng, 墓碑：中国六十年代大饥荒纪实 (Tombstone), Chinese PDF edition dated August 2007, ch. 1, p. 53, account of Nanyang region","confirmed","REGISTER. Why not mapped: only the county is known. Xichuan: equal-area radius about 29.9 km, population density roughly 222/km2 (Wikipedia, 2019). This passes the thinly-populated rule, but the human decided on review to keep it off the map because the density is borderline. The evidence that authorities knew and continued is regional, not specific to Xichuan. What would place it: a figure or place at commune level from a Xichuan county gazetteer.","only the county is known","a figure or place at commune level from a Xichuan county gazetteer"
"EV0694","Killings and famine deaths across Guangshan county","Great Leap Forward famine","1959","1960","Guangshan county, Xinyang region (now Guangshan, Henan)","China","","","unmapped","Guangshan county Party committee under first secretary Ma Longshan, and commune and brigade cadres","Commune members and cadres","state terror","97154","","2","Yang Jisheng, 墓碑：中国六十年代大饥荒纪实 (Tombstone), Chinese PDF edition dated August 2007, ch. 1, p. 21, 30, summarising: Yang Weiping, report on the Xinyang incident, 1960","confirmed","REGISTER. Why not mapped: the figure covers the whole county. Guangshan: equal-area radius about 24.1 km, population density roughly 333/km2 (Wikipedia, 2019), so it fails the county test. Overlaps with the Guangshan commune records EV0668-EV0675. What would place it: the figure broken down by commune, from the Yang Weiping report or a Guangshan county gazetteer.","the figure covers the whole county","the figure broken down by commune, from the Yang Weiping report or a Guangshan county gazetteer"
"EV0695","Hunt for the author of an anonymous famine letter, Guangshan","Great Leap Forward famine","1959","1960","Guangshan county post office and public security bureau (now Guangshan, Henan)","China","","","unmapped","Guangshan county public security bureau","Pockmarked women of the county","political repression","","","2","Yang Jisheng, 墓碑：中国六十年代大饥荒纪实 (Tombstone), Chinese PDF edition dated August 2007, ch. 1, p. 32, account of the suppression of famine reports","confirmed","REGISTER. Why not mapped: the action was county-wide; Guangshan fails the county test (radius about 24.1 km, density roughly 333/km2, Wikipedia 2019). The book notes one source puts this in Huangchuan county instead. What would place it: the location of the 1959-60 county public security bureau, which would support a site pin.","the action was county-wide; Guangshan fails the county test (radius about 24.1 km, density roughly 333/km2, Wikipedia 2019)","the location of the 1959-60 county public security bureau, which would support a site pin"
"EV0696","Killings and famine deaths across Xi county","Great Leap Forward famine","1959","1960","Xi county, Xinyang region (now Xi county, Henan)","China","","","unmapped","Xi county and commune cadres in the anti-concealment campaign, under county Party secretary Xu Xilan","Commune members and grassroots cadres","state terror","104523","140000","1","Yang Jisheng, 墓碑：中国六十年代大饥荒纪实 (Tombstone), Chinese PDF edition dated August 2007, ch. 1, p. 24, 28-30, quoting: report on Xi county, 9 October 1960","confirmed","REGISTER. Why not mapped: the figure covers the whole county. Xi county: equal-area radius about 24.2 km, population density roughly 408/km2 (Wikipedia, 2019). Overlaps with EV0687 (Zhangtao), EV0688 (Xiazhuang) and the Xiangdian cannibalism case. What would place it: the figures by commune, from the October 1960 report or a Xi county gazetteer.","the figure covers the whole county","the figures by commune, from the October 1960 report or a Xi county gazetteer"
"EV0697","Night struggle sessions under acting commune secretary Qian Qinghuai, Xi county","Great Leap Forward famine","1959","1959","Ten big brigades of an unnamed commune, Xi county (now Xi county, Henan)","China","","","unmapped","Qian Qinghuai, acting first Party secretary of a Xi county commune, and his squad of enforcers","Brigade and team cadres","state terror","8","","2","Yang Jisheng, 墓碑：中国六十年代大饥荒纪实 (Tombstone), Chinese PDF edition dated August 2007, ch. 1, p. 23-24, account of Xi county procurement","confirmed","REGISTER. Why not mapped: the commune is not named. Overlaps with the Xi county total. What would place it: the name of the commune where Qian Qinghuai was acting first secretary (its secretary was Xiong Yongkuan), from a Xi county gazetteer.","the commune is not named","the name of the commune where Qian Qinghuai was acting first secretary (its secretary was Xiong Yongkuan), from a Xi county gazetteer"
"EV0698","Detention stations for famine refugees, Huangchuan county","Great Leap Forward famine","1959","1960","67 detention stations, Huangchuan county (now Huangchuan, Henan)","China","","","unmapped","Huangchuan county authorities","People fleeing the famine","arbitrary detention","","","2","Yang Jisheng, 墓碑：中国六十年代大饥荒纪实 (Tombstone), Chinese PDF edition dated August 2007, ch. 1, p. 30-32, account of the blockade of famine refugees","confirmed","REGISTER. Why not mapped: 67 separate sites across the county. Huangchuan: equal-area radius about 22.8 km, population density roughly 413/km2 (Wikipedia, 2019). See EV0685 (Chengguan detention station). What would place it: a list of the stations, from Huangchuan county archives or gazetteer.","67 separate sites across the county","a list of the stations, from Huangchuan county archives or gazetteer"
"EV0699","Blockade and detention of famine refugees across Xinyang region","Great Leap Forward famine","1959","1960","Xinyang region (now Xinyang and part of Zhumadian, Henan)","China","","","unmapped","Xinyang regional Party committee and county committees, with the public security and railway police","People trying to flee or to report the famine","arbitrary detention","","","2","Yang Jisheng, 墓碑：中国六十年代大饥荒纪实 (Tombstone), Chinese PDF edition dated August 2007, ch. 1, p. 31, account of the blockade","confirmed","REGISTER. Why not mapped: several hundred sites across the region. Within the Xinyang region; see EV0174 Xinyang incident. The book writes 信阳市 (Xinyang city), but hundreds of stations suggests the whole region; flagged. What would place it: lists of detention stations by county, from county archives.","several hundred sites across the region","lists of detention stations by county, from county archives"
"EV0700","Anti-Right Deviation struggle sessions across Xinyang region","Great Leap Forward famine","1959","1959","Xinyang region (now Xinyang and part of Zhumadian, Henan)","China","","","unmapped","Xinyang regional Party committee under Lu Xianwen","Cadres accused of right deviation","political repression","","","2","Yang Jisheng, 墓碑：中国六十年代大饥荒纪实 (Tombstone), Chinese PDF edition dated August 2007, ch. 1, p. 19, citing Zhang Shufan's recollections","confirmed","REGISTER. Why not mapped: region-wide figure. Within the Xinyang region; see EV0174. What would place it: figures by county from the Anti-Right Deviation campaign records.","region-wide figure","figures by county from the Anti-Right Deviation campaign records"
"EV0701","Mass detention of cadres in the 'democratic revolution make-up' campaign, Xinyang region","Great Leap Forward famine","1960","1961","Xinyang region (now Xinyang and part of Zhumadian, Henan)","China","","","unmapped","The CCP Central Committee's work group, the Henan Provincial Party Committee and the new regional leadership, acting on Mao's ruling that the Xinyang incident was a counter-revolutionary restoration","Local cadres, dining-hall staff and their families","arbitrary detention","","","2","Yang Jisheng, 墓碑：中国六十年代大饥荒纪实 (Tombstone), Chinese PDF edition dated August 2007, ch. 1, p. 37-38, 40, account of the rectification campaign","confirmed","REGISTER. Why not mapped: region-wide campaign. Within the Xinyang region; see EV0174. The quotas for executions are planned figures only. In Gushi more than 30,000 were detained in one night (EV0702). What would place it: county-level detention figures and the locations of the special training camps.","region-wide campaign","county-level detention figures and the locations of the special training camps"
"EV0702","Mass arrests in one night, Gushi county","Great Leap Forward famine","1960","1960","Gushi county (now Gushi, Xinyang, Henan)","China","","","unmapped","Rectification campaign authorities in Xinyang region","County, commune and brigade cadres, dining-hall staff and their families","arbitrary detention","","","3","Yang Jisheng, 墓碑：中国六十年代大饥荒纪实 (Tombstone), Chinese PDF edition dated August 2007, ch. 1, p. 41, interview with Zhang Shengzhi, 1999","confirmed","REGISTER. Why not mapped: county-wide action. Gushi: equal-area radius about 30.5 km, population density roughly 378/km2 (Wikipedia, 2019). Testimony only. Part of the regional campaign in EV0701. What would place it: the locations of the Gushi detention and training camps.","county-wide action","the locations of the Gushi detention and training camps"
"EV0703","Deaths on Gushi county water-conservancy sites","Great Leap Forward famine","1958","1960","Three large water-conservancy sites, Gushi county (now Gushi, Henan)","China","","","unmapped","Gushi county and Xinyang regional authorities who ran the conscripted labour sites","Conscripted peasant labourers","slavery and forced labour","17000","","2","Yang Jisheng, 墓碑：中国六十年代大饥荒纪实 (Tombstone), Chinese PDF edition dated August 2007, ch. 1, p. 48, quoting Wang Congwu's speech of 6 December 1960","confirmed","REGISTER. Why not mapped: the three sites are not named. Gushi: equal-area radius about 30.5 km, population density roughly 378/km2 (Wikipedia, 2019). Shangcai, Xincai, Luoshan, Suiping and the Communist Canal are named as sites with many deaths, without figures. What would place it: the names of the three reservoirs or canals, from a Gushi water-conservancy gazetteer.","the three sites are not named","the names of the three reservoirs or canals, from a Gushi water-conservancy gazetteer"
"EV0704","Beating of former cadres in the rectification campaign, Shangcai county","Great Leap Forward famine","1960","1961","Shangcai county, Xinyang region (now Shangcai, Zhumadian, Henan)","China","","","unmapped","Rectification campaign authorities and the mass meetings they organised","Former grassroots cadres","political repression","","","2","Yang Jisheng, 墓碑：中国六十年代大饥荒纪实 (Tombstone), Chinese PDF edition dated August 2007, ch. 1, p. 38, account of the rectification campaign","confirmed","REGISTER. Why not mapped: county-wide. County test NOT RUN in this pilot: Shangcai's area and population were not looked up. What would place it: the county test (area and population), and figures by commune.","county-wide","the county test (area and population), and figures by commune"
"EV0705","Famine deaths in Zhengyang county","Great Leap Forward famine","1959","1960","Zhengyang county, Xinyang region (now Zhengyang, Zhumadian, Henan)","China","","","unmapped","Zhengyang county and Xinyang regional authorities","County population","engineered famine","80000","","2","Yang Jisheng, 墓碑：中国六十年代大饥荒纪实 (Tombstone), Chinese PDF edition dated August 2007, ch. 1, p. 33, quoting an unnamed 1960 investigation document","confirmed","REGISTER. Why not mapped: county-wide figure. County test NOT RUN in this pilot: Zhengyang's area and population were not looked up. What would place it: the county test, and figures by commune.","county-wide figure","the county test, and figures by commune"
"EV0706","Famine deaths in Xincai county","Great Leap Forward famine","1959","1960","Xincai county, Xinyang region (now Xincai, Zhumadian, Henan)","China","","","unmapped","Xincai county and Xinyang regional authorities","County population","engineered famine","100000","","2","Yang Jisheng, 墓碑：中国六十年代大饥荒纪实 (Tombstone), Chinese PDF edition dated August 2007, ch. 1, p. 33, quoting an unnamed 1960 investigation document","confirmed","REGISTER. Why not mapped: county-wide figure. County test NOT RUN in this pilot: Xincai's area and population were not looked up. What would place it: the county test, and figures by commune.","county-wide figure","the county test, and figures by commune"
"EV0707","Suicide of Bi Kedan and three daughters, Tanghe county","Great Leap Forward famine","1960","1960","A well, Tanghe county (location not stated; now Tanghe, Nanyang, Henan)","China","","","unmapped","Nanyang regional committee and the provincial and regional work group that suspended and investigated Bi Kedan","County Party secretary Bi Kedan and his family","political repression","4","","2","Yang Jisheng, 墓碑：中国六十年代大饥荒纪实 (Tombstone), Chinese PDF edition dated August 2007, ch. 1, p. 53-54, account of Tanghe county","confirmed","REGISTER. Why not mapped: the well is not located. County test NOT RUN in this pilot for Tanghe. Tanghe famine deaths are in EV0708. What would place it: the location of the well (probably the county committee compound), from a Tanghe gazetteer.","the well is not located","the location of the well (probably the county committee compound), from a Tanghe gazetteer"
"EV0708","Famine deaths in Tanghe county","Great Leap Forward famine","1959","1960","Tanghe county, Nanyang region (now Tanghe, Nanyang, Henan)","China","","","unmapped","Nanyang regional and Henan provincial authorities, who refused Tanghe's requests for relief grain","County population","engineered famine","","","2","Yang Jisheng, 墓碑：中国六十年代大饥荒纪实 (Tombstone), Chinese PDF edition dated August 2007, ch. 1, p. 54, account of Tanghe county","confirmed","REGISTER. Why not mapped: county-wide. County test NOT RUN in this pilot for Tanghe. What would place it: the county test, and a figure from the Tanghe gazetteer.","county-wide","the county test, and a figure from the Tanghe gazetteer"
"EV0709","Famine cannibalism at Pangwangzhuang, Mazhuang commune, Luyi","Great Leap Forward famine","1960","1960","Pangwangzhuang, Mazhuang big brigade, Mazhuang commune, Luyi county (not found in modern gazetteers)","China","","","unmapped","State grain procurement and the anti-concealment campaign under the Great Leap Forward, which produced the famine; no official is named for this act","Famine-stricken family","engineered famine","1","","2","Yang Jisheng, 墓碑：中国六十年代大饥荒纪实 (Tombstone), Chinese PDF edition dated August 2007, ch. 1, p. 54, citing Wei Zhen's report","confirmed","REGISTER. Why not mapped: place named but not found: modern Luyi county has no Mazhuang township (the nearest name is Mapu town). What would place it: a Luyi county gazetteer giving the 1960 communes.","place named but not found: modern Luyi county has no Mazhuang township (the nearest name is Mapu town)","a Luyi county gazetteer giving the 1960 communes"
"EV0710","Beatings of peasants who complained of hunger, Xiayi and Yucheng","Great Leap Forward famine","1959","1959","Xiayi and Yucheng counties, Shangqiu region (now Shangqiu, Henan)","China","","","unmapped","Local cadres in Xiayi and Yucheng","Peasants who said they did not have enough to eat","political repression","","","3","Yang Jisheng, 墓碑：中国六十年代大饥荒纪实 (Tombstone), Chinese PDF edition dated August 2007, ch. 1, p. 53, summarising a soldiers' letter of 25 February 1959","confirmed","REGISTER. Why not mapped: two counties. What would place it: the villages the letter-writers came from.","two counties","the villages the letter-writers came from"
"EV0711","Coercion drive for cooperativisation, Minquan, Yongcheng and Xiayi","Maoist political campaigns","1957","1957","Minquan, Yongcheng and Xiayi counties, Shangqiu region (now Shangqiu, Henan)","China","","","unmapped","County and cooperative cadres in the propaganda campaign for cooperativisation","Peasants resisting cooperatives","political repression","9","","2","Yang Jisheng, 墓碑：中国六十年代大饥荒纪实 (Tombstone), Chinese PDF edition dated August 2007, ch. 1, p. 43, account of the 1956-57 unrest over cooperatives","confirmed","REGISTER. Why not mapped: one figure over three counties. Before the Great Leap Forward. What would place it: figures by county.","one figure over three counties","figures by county"
"EV0712","Purge of the 'Pan, Yang and Wang anti-Party group'","Maoist political campaigns","1958","1958","Henan province, including Zhengzhou","China","","","unmapped","Wu Zhipu, first Party secretary of Henan, and the Henan Provincial Party Committee","Cadres and others labelled 'little Pan, Yang and Wang'","political repression","100","","2","Yang Jisheng, 墓碑：中国六十年代大饥荒纪实 (Tombstone), Chinese PDF edition dated August 2007, ch. 1, p. 42, 46, account of the Pan, Yang and Wang affair","confirmed","REGISTER. Why not mapped: province-wide campaign. The harassment of the three families took place at their Zhengzhou homes, not located. Wang Tingdong was sent to live in a donkey shed in Sunci commune, Xiangcheng county. What would place it: county-level records of the campaign.","province-wide campaign","county-level records of the campaign"
"EV0713","Famine in Henan province","Great Leap Forward famine","1958","1961","Henan province","China","","","unmapped","Wu Zhipu and the Henan Provincial Party Committee, under central Great Leap Forward policy","Rural population of Henan","engineered famine","1692800","3000000","2","Yang Jisheng, 墓碑：中国六十年代大饥荒纪实 (Tombstone), Chinese PDF edition dated August 2007, ch. 1, p. 53-55, section 'At least three million starved'","confirmed","REGISTER. Why not mapped: province-wide. Sub-unit of EV0173 Great Leap Forward famine; Xinyang is EV0174. What would place it: not applicable: this is a regional total; mapped records cover individual places.","province-wide","not applicable: this is a regional total; mapped records cover individual places"
"EV0718","Planned arrests and executions in Liangshan","Great Leap Forward famine","1958","1959","Liangshan Yi region, Sichuan","China","","","unmapped","Sichuan Public Security Bureau","Yi population and others labelled counterrevolutionaries","state terror","","","1","Zhou Xun (ed.), The Great Famine in China, 1958-1962: A Documentary History (Yale University Press, 2012), doc. 59, p. 105, translating: Party Committee of the Sichuan Province Public Security Bureau, 8 Dec 1958; Sichuan Provincial Party Committee Archive, JC 1-1804, pp. 36-37","confirmed","REGISTER. Why not mapped: Prefecture-level only (about 60,000 km2). The document names no county or site. What would place it: Sites of arrest, detention or execution named in Liangshan security or court records.","Prefecture-level only (about 60,000 km2)","Sites of arrest, detention or execution named in Liangshan security or court records"
"EV0719","Planned arrests and executions in Ganzi","Great Leap Forward famine","1958","1959","Ganzi Tibetan region, Sichuan","China","","","unmapped","Sichuan Public Security Bureau","Tibetans and lama-temple monks","state terror","","","1","Zhou Xun (ed.), The Great Famine in China, 1958-1962: A Documentary History (Yale University Press, 2012), doc. 59, p. 105, translating: Party Committee of the Sichuan Province Public Security Bureau, 8 Dec 1958; Sichuan Provincial Party Committee Archive, JC 1-1804, pp. 36-37","confirmed","REGISTER. Why not mapped: Prefecture-level only (about 153,000 km2). What would place it: Named prisons, temples or execution grounds in Ganzi records.","Prefecture-level only (about 153,000 km2)","Named prisons, temples or execution grounds in Ganzi records"
"EV0720","Planned arrests and executions in Aba","Great Leap Forward famine","1958","1959","Aba Tibetan region, Sichuan","China","","","unmapped","Sichuan Public Security Bureau","Tibetans, Qiang and lama-temple monks","state terror","","","1","Zhou Xun (ed.), The Great Famine in China, 1958-1962: A Documentary History (Yale University Press, 2012), doc. 59, p. 105, translating: Party Committee of the Sichuan Province Public Security Bureau, 8 Dec 1958; Sichuan Provincial Party Committee Archive, JC 1-1804, pp. 36-37","confirmed","REGISTER. Why not mapped: Prefecture-level only (about 84,000 km2). What would place it: Named prisons, temples or execution grounds in Aba records.","Prefecture-level only (about 84,000 km2)","Named prisons, temples or execution grounds in Aba records"
"EV0721","Suppression of the Xichang revolt and planned executions","Great Leap Forward famine","1958","1959","Xichang region, Sichuan","China","","","unmapped","Sichuan Public Security Bureau and armed forces","Yi and other rebels","state terror","","","1","Zhou Xun (ed.), The Great Famine in China, 1958-1962: A Documentary History (Yale University Press, 2012), doc. 59, p. 105, translating: Party Committee of the Sichuan Province Public Security Bureau, 8 Dec 1958; Sichuan Provincial Party Committee Archive, JC 1-1804, pp. 36-37","confirmed","REGISTER. Why not mapped: Region-level only; Xichang was a prefecture in 1958. What would place it: The battle site or detention places named in military or security records.","Region-level only; Xichang was a prefecture in 1958","The battle site or detention places named in military or security records"
"EV0722","Starving out Tibetan monks in Lijiang region","Great Leap Forward famine","1958","1959","Tibetan area of Lijiang region, Yunnan (now Diqing)","China","","","unmapped","Local Communist authorities","Tibetan Buddhist monks","religious persecution","","","1","Zhou Xun (ed.), The Great Famine in China, 1958-1962: A Documentary History (Yale University Press, 2012), doc. 58, p. 104, translating: Zhou Chiping's report on Lijiang region, Jul-Oct 1959; Yunnan Province Bureau of Grain Archive, 120-1-118, pp. 15-17","confirmed","REGISTER. Why not mapped: Prefecture-level only (about 24,000 km2). What would place it: The names of the monasteries affected.","Prefecture-level only (about 24,000 km2)","The names of the monasteries affected"
"EV0723","Private jails and torture across Wanxian region","Great Leap Forward famine","1959","1961","Wanxian region, Sichuan (now northeastern Chongqing)","China","","","unmapped","Commune and brigade cadres","Peasants","state terror","","","1","Zhou Xun (ed.), The Great Famine in China, 1958-1962: A Documentary History (Yale University Press, 2012), doc. 3, p. 21, translating: Wanxian Region Party Committee report, 1961; Sichuan Provincial Party Committee Archive, JC 1-2064, p. 48","confirmed","REGISTER. Why not mapped: Region-wide summary covering several counties. What would place it: Specific communes named in Wanxian county gazetteers.","Region-wide summary covering several counties","Specific communes named in Wanxian county gazetteers"
"EV0724","Torture and killings in Dongyang commune","Great Leap Forward famine","1959","1960","Dongyang commune, Wanxian region, Sichuan","China","","","unmapped","Dongyang commune cadres","Commune members","state terror","113","","1","Zhou Xun (ed.), The Great Famine in China, 1958-1962: A Documentary History (Yale University Press, 2012), doc. 3, p. 22, translating: Wanxian Region Party Committee report, 1961; Sichuan Provincial Party Committee Archive, JC 1-2064, p. 48","confirmed","REGISTER. Why not mapped: The commune's county is not stated and no Dongyang was found in the old Wanxian region. What would place it: A Wanxian-area gazetteer naming a Dongyang commune.","The commune's county is not stated and no Dongyang was found in the old Wanxian region","A Wanxian-area gazetteer naming a Dongyang commune"
"EV0725","Further cannibalism cases in the Linxia register","Great Leap Forward famine","1959","1960","Hanzhai, Yiji, Maiji, Xinzhuang, Sanshilipu, Yanzhi, Youai, Xihe, Caotan and Hanmasigou, Linxia, Gansu","China","","","unmapped","State grain procurement under the Great Leap Forward, which produced the famine; no official is named in the document","Famine dead and murdered victims","engineered famine","","","1","Zhou Xun (ed.), The Great Famine in China, 1958-1962: A Documentary History (Yale University Press, 2012), doc. 26, p. 62-67, translating: Ningxia branch, Government Solicitude Group, 3 Mar 1961; Gansu Provincial Party Committee Archive, 91-4-898, pp. 83-87","confirmed","REGISTER. Why not mapped: None of these communes could be located. What would place it: Linxia prefecture and county gazetteers; 'Maiji' may be Maji and 'Hanmasigou' may be Manisigou.","None of these communes could be located","Linxia prefecture and county gazetteers; 'Maiji' may be Maji and 'Hanmasigou' may be Manisigou"
"EV0726","Forced confession and suicide in Xiapeng commune","Great Leap Forward famine","1959","1959","Xiapeng commune, Shantou, Guangdong","China","","","unmapped","Wang Song, head of security","Peasant and his two children","state terror","1","","1","Zhou Xun (ed.), The Great Famine in China, 1958-1962: A Documentary History (Yale University Press, 2012), doc. 7, p. 30, translating: Guangdong Procuratorial Party Committee report, June 1959; Kaiping County Party Committee Archive, 3-A0.09-80, pp. 5-6","confirmed","REGISTER. Why not mapped: Commune not located, and the Shantou area is densely populated. What would place it: A Shantou-area gazetteer naming Xiapeng commune.","Commune not located, and the Shantou area is densely populated","A Shantou-area gazetteer naming Xiapeng commune"
"EV0727","House burnings in Pingxi district","Great Leap Forward famine","1958","1961","Pingxi administrative district, Fuling region, Sichuan","China","","","unmapped","Local commune cadres","Peasant households","forced displacement","","","1","Zhou Xun (ed.), The Great Famine in China, 1958-1962: A Documentary History (Yale University Press, 2012), doc. 4, p. 22, translating: Yang Wanxuan report on Fuling region, Jan-Aug 1961; Sichuan Provincial Party Committee Archive, JC 1-2606, pp. 18-19","confirmed","REGISTER. Why not mapped: Pingxi could not be located within the Fuling region. What would place it: A county gazetteer (xianzhi) or commune history locating the commune or brigade would place it.","Pingxi could not be located within the Fuling region","A county gazetteer (xianzhi) or commune history locating the commune or brigade would place it"
"EV0728","Abuse of children at Hongqi commune orphanage","Great Leap Forward famine","1961","1961","Hongqi commune orphanage, Dianjiang county, Chongqing","China","","","unmapped","Orphanage staff","Orphans","institutional abuse","14","","1","Zhou Xun (ed.), The Great Famine in China, 1958-1962: A Documentary History (Yale University Press, 2012), doc. 16, p. 48, translating: Famine Relief Department, Sichuan Province Bureau of Civil Affairs, Feb-Dec 1961; Sichuan Province Bureau of Civil Affairs Archive, JC 44-824, p. 199","confirmed","REGISTER. Why not mapped: County-level only, and the county is densely populated (roughly 430/km2, 2020, approximate), so a county-seat pin would not be readable. What would place it: A county gazetteer (xianzhi) or commune history locating the commune or brigade would place it.","County-level only, and the county is densely populated (roughly 430/km2, 2020, approximate), so a county-seat pin would not be readable","A county gazetteer (xianzhi) or commune history locating the commune or brigade would place it"
"EV0729","Forced labour of pregnant women in Hongzhu district","Great Leap Forward famine","1959","1961","Hongzhu administrative district, Fushun county, Sichuan","China","","","unmapped","He Changhua, former deputy commune head","Pregnant women","institutional abuse","","","1","Zhou Xun (ed.), The Great Famine in China, 1958-1962: A Documentary History (Yale University Press, 2012), doc. 13, p. 46, translating: Yibin branch and Fushun sub-branch, Rectification Campaign Working Group, Jan-Nov 1961; Sichuan Provincial Party Committee Archive, JC 1-2611, p. 3","confirmed","REGISTER. Why not mapped: County-level only, and the county is densely populated (roughly 590/km2, 2020, approximate), so a county-seat pin would not be readable. What would place it: A county gazetteer (xianzhi) or commune history locating the commune or brigade would place it.","County-level only, and the county is densely populated (roughly 590/km2, 2020, approximate), so a county-seat pin would not be readable","A county gazetteer (xianzhi) or commune history locating the commune or brigade would place it"
"EV0730","Patients forced out to die, Long'an and central hospitals","Great Leap Forward famine","1960","1961","Long'an district hospital and central hospital, Jiangbei county, Chongqing","China","","","unmapped","Doctors Liu Heren, He Shiwei and Tang Bihai and hospital staff","Edema patients","institutional abuse","11","","1","Zhou Xun (ed.), The Great Famine in China, 1958-1962: A Documentary History (Yale University Press, 2012), doc. 24, p. 57-58, translating: Department for Disease Control, Sichuan Province Bureau of Health and Hygiene, 1961; file JC 133-2793","confirmed","REGISTER. Why not mapped: County-level only, and the county is densely populated (roughly 1190/km2, 2020, approximate), so a county-seat pin would not be readable. What would place it: The locations of the Long'an district and Jiangbei central hospitals.","County-level only, and the county is densely populated (roughly 1190/km2, 2020, approximate), so a county-seat pin would not be readable","The locations of the Long'an district and Jiangbei central hospitals"
"EV0731","Father cuts off his child's thumb after a cadre fine","Great Leap Forward famine","1960","1960","Xingfu administrative district, Jianyang county, Sichuan","China","","","unmapped","Zeng Wenbing, brigade head, after big-brigade cadres fined him","His child","state terror","","","1","Zhou Xun (ed.), The Great Famine in China, 1958-1962: A Documentary History (Yale University Press, 2012), doc. 98, p. 141, translating: Neijiang branch, Agricultural and Grain Production Investigation Team, Mar-Dec 1960; Sichuan Provincial Party Committee Archive, JC 1-2112, p. 4","confirmed","REGISTER. Why not mapped: County-level only, and the county is densely populated (roughly 500/km2, 2020, approximate), so a county-seat pin would not be readable. What would place it: A county gazetteer (xianzhi) or commune history locating the commune or brigade would place it.","County-level only, and the county is densely populated (roughly 500/km2, 2020, approximate), so a county-seat pin would not be readable","A county gazetteer (xianzhi) or commune history locating the commune or brigade would place it"
"EV0732","Head shaving as punishment, Jiangkou commune","Great Leap Forward famine","1959","1959","Jiangkou commune, Puning county, Guangdong","China","","","unmapped","Jiangkou commune cadres","Commune members","state terror","","","1","Zhou Xun (ed.), The Great Famine in China, 1958-1962: A Documentary History (Yale University Press, 2012), doc. 7, p. 31, translating: Guangdong Procuratorial Party Committee report, June 1959; Kaiping County Party Committee Archive, 3-A0.09-80, pp. 5-6","confirmed","REGISTER. Why not mapped: County-level only, and the county is densely populated (roughly 1230/km2, 2020, approximate), so a county-seat pin would not be readable. What would place it: A county gazetteer (xianzhi) or commune history locating the commune or brigade would place it.","County-level only, and the county is densely populated (roughly 1230/km2, 2020, approximate), so a county-seat pin would not be readable","A county gazetteer (xianzhi) or commune history locating the commune or brigade would place it"
"EV0733","Deaths from searches and assaults in five Guangdong counties","Great Leap Forward famine","1959","1959","Wenchang, Hua, Kaiping, Leibei and Zengcheng counties, Guangdong","China","","","unmapped","Commune cadres","Commune members","state terror","34","","1","Zhou Xun (ed.), The Great Famine in China, 1958-1962: A Documentary History (Yale University Press, 2012), doc. 7, p. 29, translating: Guangdong Procuratorial Party Committee report, June 1959; Kaiping County Party Committee Archive, 3-A0.09-80, pp. 5-6","confirmed","REGISTER. Why not mapped: One figure spread across five counties; it cannot be split to a place. What would place it: County-level breakdowns in the Guangdong procuratorate files.","One figure spread across five counties; it cannot be split to a place","County-level breakdowns in the Guangdong procuratorate files"
"EV0734","Beating frenzy in Liling county","Great Leap Forward famine","1959","1960","Liling county (incl. Taohua commune), Hunan","China","","","unmapped","County and commune cadres","Cadres and commune members","state terror","3","","1","Zhou Xun (ed.), The Great Famine in China, 1958-1962: A Documentary History (Yale University Press, 2012), doc. 8, p. 31-32, translating: Lou Qinan, Zhao Chuqi, Zhang Tongzuo and Yang Shuqing to the Hunan Provincial Party Committee, 2 Jun 1960; Hunan Provincial Party Committee Archive, 141-1-1672, pp. 2-3","confirmed","REGISTER. Why not mapped: County-level only, and the county is densely populated (roughly 440/km2, 2020, approximate), so a county-seat pin would not be readable. What would place it: A county gazetteer (xianzhi) or commune history locating the commune or brigade would place it.","County-level only, and the county is densely populated (roughly 440/km2, 2020, approximate), so a county-seat pin would not be readable","A county gazetteer (xianzhi) or commune history locating the commune or brigade would place it"
"EV0735","Women pressured to work topless, Red Flag commune","Great Leap Forward famine","1958","1958","Red Flag commune steel works, Wugang county, Hunan","China","","","unmapped","Li Zhaofeng, commune Youth League secretary, and regiment cadres","Female steelworkers","mass sexual violence","","","1","Zhou Xun (ed.), The Great Famine in China, 1958-1962: A Documentary History (Yale University Press, 2012), doc. 11, p. 39-42, translating: Wugang County Supervision Committee, 18 Dec 1958; Hunan Provincial Party Committee Archive, 141-1-1322, pp. 2-5","confirmed","REGISTER. Why not mapped: County-level only, and the county is densely populated (roughly 450/km2, 2020, approximate), so a county-seat pin would not be readable. What would place it: The Red Flag commune steel works site.","County-level only, and the county is densely populated (roughly 450/km2, 2020, approximate), so a county-seat pin would not be readable","The Red Flag commune steel works site"
"EV0736","Corpses boiled into fertilizer, Guandu big brigade","Great Leap Forward famine","1958","1958","Guandu big brigade, Xinhe commune, Li county, Hunan","China","","","unmapped","Guandu big brigade leadership","The dead and their families","state terror","","","1","Zhou Xun (ed.), The Great Famine in China, 1958-1962: A Documentary History (Yale University Press, 2012), doc. 34, p. 77-78, translating: Hou Shixiang's letter to the Political Department of Shaanxi Military Region, March 1959; Hunan Provincial Party Committee Archive, 141-1-1322, pp. 108-110","confirmed","REGISTER. Why not mapped: County-level only, and the county is densely populated (roughly 330/km2, 2020, approximate), so a county-seat pin would not be readable. What would place it: A county gazetteer (xianzhi) or commune history locating the commune or brigade would place it.","County-level only, and the county is densely populated (roughly 330/km2, 2020, approximate), so a county-seat pin would not be readable","A county gazetteer (xianzhi) or commune history locating the commune or brigade would place it"
"EV0737","Three people hounded to death, Guodamiao","Great Leap Forward famine","1958","1958","Guodamiao township, Taihe county, Anhui","China","","","unmapped","Local cadres","Collective members","state terror","3","","1","Zhou Xun (ed.), The Great Famine in China, 1958-1962: A Documentary History (Yale University Press, 2012), doc. 107, p. 151, translating: Liu Yuqing's letter to the Fuyang Region Party Committee, 1958; Fuyang Region Party Committee Archive, J3-2-173, pp. 2-3","confirmed","REGISTER. Why not mapped: County-level only, and the county is densely populated (roughly 730/km2, 2020, approximate), so a county-seat pin would not be readable. What would place it: A county gazetteer (xianzhi) or commune history locating the commune or brigade would place it.","County-level only, and the county is densely populated (roughly 730/km2, 2020, approximate), so a county-seat pin would not be readable","A county gazetteer (xianzhi) or commune history locating the commune or brigade would place it"
"EV0738","Teenagers paraded and driven to suicide, Diaofeng commune","Great Leap Forward famine","1959","1959","Diaofeng commune, Leibei county, Guangdong","China","","","unmapped","Diaofeng commune cadres","Teenagers","state terror","2","","1","Zhou Xun (ed.), The Great Famine in China, 1958-1962: A Documentary History (Yale University Press, 2012), doc. 7, p. 29, translating: Guangdong Procuratorial Party Committee report, June 1959; Kaiping County Party Committee Archive, 3-A0.09-80, pp. 5-6","confirmed","REGISTER. Why not mapped: Leibei was a short-lived 1958-61 county whose seat could not be confirmed, and the area is densely populated. What would place it: Leibei county's seat and communes in Zhanjiang-area records.","Leibei was a short-lived 1958-61 county whose seat could not be confirmed, and the area is densely populated","Leibei county's seat and communes in Zhanjiang-area records"
"EV0739","Letter-writer Du Shida detained, Najia commune","Great Leap Forward famine","1959","1961","Najia commune, Zhijin county, Guizhou","China","","","unmapped","Najia commune Party secretary and police","Villager who reported corruption to Mao","political repression","","","1","Zhou Xun (ed.), The Great Famine in China, 1958-1962: A Documentary History (Yale University Press, 2012), doc. 103, p. 148, translating: Guizhou Province Bureau of Public Security report, 1961; Chishui County Party Committee Archive, 1-A12-9, pp. 22-23","confirmed","REGISTER. Why not mapped: County-level only; Zhijin (about 272/km2) falls in the 200-300 borderline band and was placed in the register. What would place it: A county gazetteer (xianzhi) or commune history locating the commune or brigade would place it.","County-level only; Zhijin (about 272/km2) falls in the 200-300 borderline band and was placed in the register","A county gazetteer (xianzhi) or commune history locating the commune or brigade would place it"
"EV0740","Suppression of the True Jesus Church","Great Leap Forward famine","1958","1959","Xichong, Yanting and Wusheng counties, Sichuan","China","","","unmapped","Sichuan Department of Religious Affairs and public security","True Jesus Church members","religious persecution","","","1","Zhou Xun (ed.), The Great Famine in China, 1958-1962: A Documentary History (Yale University Press, 2012), doc. 60, p. 105-106, translating: Department of Religious Affairs, Sichuan Province People's Committee, 1959; Religious Affairs archive, JC 50-110, pp. 1-4","confirmed","REGISTER. Why not mapped: A campaign across three counties; the only named site is 'the church in Yanting county', not located. What would place it: The location of the Yanting True Jesus Church.","A campaign across three counties; the only named site is 'the church in Yanting county', not located","The location of the Yanting True Jesus Church"
"EV0752","Forced labor and deaths of earth-movers in Karlag","Soviet Gulag","","","Karlag (КАРАГАНДИНСКИЙ ИТЛ)","Kazakhstan","","","unmapped","Gulag camp administration (no individual named in the book)","Earth-moving workers (sloggers)","slavery and forced labour","","","2","Aleksandr I. Solzhenitsyn, The Gulag Archipelago 1918-1956, vol. 2, trans. Thomas P. Whitney (Harper & Row, 1975), p. 201","confirmed","REGISTER. Why not mapped: the book names only the camp complex (Karlag), which spread over a large area; pinning it at the camp headquarters would misplace it. Camp: КАРАГАНДИНСКИЙ ИТЛ (r3-190, 1931-1959) (Memorial, Sistema ITL v SSSR 1923-1960). Book pages: vol. 2 p. 201. Account: Aleksandr Solzhenitsyn. What would place it: the camp section (lagpunkt) where it happened, from Memorial or regional histories.","the book names only the camp complex (Karlag), which spread over a large area; pinning it at the camp headquarters would misplace it. Camp: КАРАГАНДИНСКИЙ ИТЛ (r3-190, 1931-1959) (Memorial, Sistema ITL v SSSR 1923-1960). Book pages: vol. 2 p. 201. Account: Aleksandr Solzhenitsyn.","the camp section (lagpunkt) where it happened, from Memorial or regional histories."
"EV0753","Brutal labor of women in Karlag Camp 29","Soviet Gulag","","","Karlag ""Camp 29"" (КАРАГАНДИНСКИЙ ИТЛ)","Kazakhstan","","","unmapped","Gulag camp administration (no individual named in the book)","Women prisoners (specifically Yelena O. and others)","slavery and forced labour","","","2","Aleksandr I. Solzhenitsyn, The Gulag Archipelago 1918-1956, vol. 2, trans. Thomas P. Whitney (Harper & Row, 1975), p. 234","confirmed","REGISTER. Why not mapped: the book names only the camp complex (Karlag ""Camp 29""), which spread over a large area; pinning it at the camp headquarters would misplace it. Camp: КАРАГАНДИНСКИЙ ИТЛ (r3-190, 1931-1959) (Memorial, Sistema ITL v SSSR 1923-1960). Book pages: vol. 2 p. 234. Account: Aleksandr Solzhenitsyn. What would place it: the camp section (lagpunkt) where it happened, from Memorial or regional histories.","the book names only the camp complex (Karlag ""Camp 29""), which spread over a large area; pinning it at the camp headquarters would misplace it. Camp: КАРАГАНДИНСКИЙ ИТЛ (r3-190, 1931-1959) (Memorial, Sistema ITL v SSSR 1923-1960). Book pages: vol. 2 p. 234. Account: Aleksandr Solzhenitsyn.","the camp section (lagpunkt) where it happened, from Memorial or regional histories."
"EV0754","Mass deaths from cold and overwork at Belomorstroi","Soviet Gulag","1931","1932","Belomorstroi (White Sea-Baltic Canal Construction Project) (БЕЛОМОРО-БАЛТИЙСКИЙ ИТЛ, БЕЛОМОРСТРОЙ И ИТЛ)","Russia","","","unmapped","Gulag camp administration (no individual named in the book)","Prisoners (zeks), specifically described as peasant lads","slavery and forced labour","","","2","Aleksandr I. Solzhenitsyn, The Gulag Archipelago 1918-1956, vol. 2, trans. Thomas P. Whitney (Harper & Row, 1975), p. 98","confirmed","REGISTER. Why not mapped: the book names only the camp complex (Belomorstroi (White Sea-Baltic Canal Construction Project)), which spread over a large area; pinning it at the camp headquarters would misplace it. Camp: БЕЛОМОРО-БАЛТИЙСКИЙ ИТЛ (r3-31, 1931-1941); БЕЛОМОРСТРОЙ И ИТЛ (r3-32, 1944-1945) (Memorial, Sistema ITL v SSSR 1923-1960). Part of master record EV0057. Book pages: vol. 2 p. 98, vol. 2 p. 99. Account: D. P. Vitkovsky (Solovetsky Islands veteran). What would place it: the camp section (lagpunkt) where it happened, from Memorial or regional histories.","the book names only the camp complex (Belomorstroi (White Sea-Baltic Canal Construction Project)), which spread over a large area; pinning it at the camp headquarters would misplace it. Camp: БЕЛОМОРО-БАЛТИЙСКИЙ ИТЛ (r3-31, 1931-1941); БЕЛОМОРСТРОЙ И ИТЛ (r3-32, 1944-1945) (Memorial, Sistema ITL v SSSR 1923-1960). Part of master record EV0057. Book pages: vol. 2 p. 98, vol. 2 p. 99. Account: D. P. Vitkovsky (Solovetsky Islands veteran).","the camp section (lagpunkt) where it happened, from Memorial or regional histories."
"EV0756","Deaths attributed to Belomorstroi leadership","Soviet Gulag","","","Belomorstroi (White Sea-Baltic Canal) (БЕЛОМОРО-БАЛТИЙСКИЙ ИТЛ, БЕЛОМОРСТРОЙ И ИТЛ)","Russia","","","unmapped","Firin, Berman, Frenkel, Kogan, Rappoport, Zhuk","Prisoners","state terror","180000","","2","Aleksandr I. Solzhenitsyn, The Gulag Archipelago 1918-1956, vol. 2, trans. Thomas P. Whitney (Harper & Row, 1975), p. 99","confirmed","REGISTER. Why not mapped: the book names only the camp complex (Belomorstroi (White Sea-Baltic Canal)), which spread over a large area; pinning it at the camp headquarters would misplace it. Camp: БЕЛОМОРО-БАЛТИЙСКИЙ ИТЛ (r3-31, 1931-1941); БЕЛОМОРСТРОЙ И ИТЛ (r3-32, 1944-1945) (Memorial, Sistema ITL v SSSR 1923-1960). Part of master record EV0057. Book pages: vol. 2 p. 99. Account: The author himself. What would place it: the camp section (lagpunkt) where it happened, from Memorial or regional histories.","the book names only the camp complex (Belomorstroi (White Sea-Baltic Canal)), which spread over a large area; pinning it at the camp headquarters would misplace it. Camp: БЕЛОМОРО-БАЛТИЙСКИЙ ИТЛ (r3-31, 1931-1941); БЕЛОМОРСТРОЙ И ИТЛ (r3-32, 1944-1945) (Memorial, Sistema ITL v SSSR 1923-1960). Part of master record EV0057. Book pages: vol. 2 p. 99. Account: The author himself.","the camp section (lagpunkt) where it happened, from Memorial or regional histories."
"EV0757","Deaths during construction of the White Sea-Baltic Canal (Belomor)","Soviet Gulag","","","Belomor (White Sea-Baltic Canal) (БЕЛОМОРО-БАЛТИЙСКИЙ ИТЛ, БЕЛОМОРСТРОЙ И ИТЛ)","Russia","","","unmapped","Gulag camp administration (no individual named in the book)","prisoners ('nasty material')","slavery and forced labour","","","2","Aleksandr I. Solzhenitsyn, The Gulag Archipelago 1918-1956, vol. 2, trans. Thomas P. Whitney (Harper & Row, 1975), p. 104","confirmed","REGISTER. Why not mapped: the book names only the camp complex (Belomor (White Sea-Baltic Canal)), which spread over a large area; pinning it at the camp headquarters would misplace it. Camp: БЕЛОМОРО-БАЛТИЙСКИЙ ИТЛ (r3-31, 1931-1941); БЕЛОМОРСТРОЙ И ИТЛ (r3-32, 1944-1945) (Memorial, Sistema ITL v SSSR 1923-1960). Part of master record EV0057. Book pages: vol. 2 p. 104. Account: Aleksandr Solzhenitsyn (citing Averbakh). What would place it: the camp section (lagpunkt) where it happened, from Memorial or regional histories.","the book names only the camp complex (Belomor (White Sea-Baltic Canal)), which spread over a large area; pinning it at the camp headquarters would misplace it. Camp: БЕЛОМОРО-БАЛТИЙСКИЙ ИТЛ (r3-31, 1931-1941); БЕЛОМОРСТРОЙ И ИТЛ (r3-32, 1944-1945) (Memorial, Sistema ITL v SSSR 1923-1960). Part of master record EV0057. Book pages: vol. 2 p. 104. Account: Aleksandr Solzhenitsyn (citing Averbakh).","the camp section (lagpunkt) where it happened, from Memorial or regional histories."
"EV0758","Deaths from hunger and overwork at Belomor","Soviet Gulag","","","Belomor (White Sea-Baltic Canal) (БЕЛОМОРО-БАЛТИЙСКИЙ ИТЛ, БЕЛОМОРСТРОЙ И ИТЛ)","Russia","","","unmapped","Gulag camp administration (no individual named in the book)","prisoners","slavery and forced labour","","","2","Aleksandr I. Solzhenitsyn, The Gulag Archipelago 1918-1956, vol. 2, trans. Thomas P. Whitney (Harper & Row, 1975), p. 109","confirmed","REGISTER. Why not mapped: the book names only the camp complex (Belomor (White Sea-Baltic Canal)), which spread over a large area; pinning it at the camp headquarters would misplace it. Camp: БЕЛОМОРО-БАЛТИЙСКИЙ ИТЛ (r3-31, 1931-1941); БЕЛОМОРСТРОЙ И ИТЛ (r3-32, 1944-1945) (Memorial, Sistema ITL v SSSR 1923-1960). Part of master record EV0057. Book pages: vol. 2 p. 109. Account: Aleksandr Solzhenitsyn. What would place it: the camp section (lagpunkt) where it happened, from Memorial or regional histories.","the book names only the camp complex (Belomor (White Sea-Baltic Canal)), which spread over a large area; pinning it at the camp headquarters would misplace it. Camp: БЕЛОМОРО-БАЛТИЙСКИЙ ИТЛ (r3-31, 1931-1941); БЕЛОМОРСТРОЙ И ИТЛ (r3-32, 1944-1945) (Memorial, Sistema ITL v SSSR 1923-1960). Part of master record EV0057. Book pages: vol. 2 p. 109. Account: Aleksandr Solzhenitsyn.","the camp section (lagpunkt) where it happened, from Memorial or regional histories."
"EV0759","Fire and suffocation on the steamer Dzhurma","Soviet Gulag","1938","1938","Steamer Dzhurma (near Japan) (СЕВЕРО-ВОСТОЧНЫЙ ИТЛ, БЕРЕГОВОЙ ЛАГЕРЬ)","Russia","","","unmapped","Captain (refused help), Thieves (started fire)","Prisoners on the Dzhurma","state terror","","","2","Aleksandr I. Solzhenitsyn, The Gulag Archipelago 1918-1956, vol. 1, trans. Thomas P. Whitney (Harper & Row, 1974), p. 582","confirmed","REGISTER. Why not mapped: the book names only the camp complex (Steamer Dzhurma (near Japan)), which spread over a large area; pinning it at the camp headquarters would misplace it. Camp: СЕВЕРО-ВОСТОЧНЫЙ ИТЛ (r3-308, 1932-1949); БЕРЕГОВОЙ ЛАГЕРЬ (r3-34, 1948-1954) (Memorial, Sistema ITL v SSSR 1923-1960). Book pages: vol. 1 p. 582. Account: The author himself. What would place it: the camp section (lagpunkt) where it happened, from Memorial or regional histories.","the book names only the camp complex (Steamer Dzhurma (near Japan)), which spread over a large area; pinning it at the camp headquarters would misplace it. Camp: СЕВЕРО-ВОСТОЧНЫЙ ИТЛ (r3-308, 1932-1949); БЕРЕГОВОЙ ЛАГЕРЬ (r3-34, 1948-1954) (Memorial, Sistema ITL v SSSR 1923-1960). Book pages: vol. 1 p. 582. Account: The author himself.","the camp section (lagpunkt) where it happened, from Memorial or regional histories."
"EV0761","Beatings and dog attacks on 'goners'","Soviet Gulag","","","Kolyma (passes/goldfields) (СЕВЕРО-ВОСТОЧНЫЙ ИТЛ, БЕРЕГОВОЙ ЛАГЕРЬ)","Russia","","","unmapped","Guards/Convoy","'Goners' (weakened prisoners)","state terror","","","2","Aleksandr I. Solzhenitsyn, The Gulag Archipelago 1918-1956, vol. 2, trans. Thomas P. Whitney (Harper & Row, 1975), p. 127","confirmed","REGISTER. Why not mapped: the book names only the camp complex (Kolyma (passes/goldfields)), which spread over a large area; pinning it at the camp headquarters would misplace it. Camp: СЕВЕРО-ВОСТОЧНЫЙ ИТЛ (r3-308, 1932-1949); БЕРЕГОВОЙ ЛАГЕРЬ (r3-34, 1948-1954) (Memorial, Sistema ITL v SSSR 1923-1960). Book pages: vol. 2 p. 127. Account: Ivan Semyonovich Karpunich-Braven. What would place it: the camp section (lagpunkt) where it happened, from Memorial or regional histories.","the book names only the camp complex (Kolyma (passes/goldfields)), which spread over a large area; pinning it at the camp headquarters would misplace it. Camp: СЕВЕРО-ВОСТОЧНЫЙ ИТЛ (r3-308, 1932-1949); БЕРЕГОВОЙ ЛАГЕРЬ (r3-34, 1948-1954) (Memorial, Sistema ITL v SSSR 1923-1960). Book pages: vol. 2 p. 127. Account: Ivan Semyonovich Karpunich-Braven.","the camp section (lagpunkt) where it happened, from Memorial or regional histories."
"EV0762","Punishment by tying naked under mosquitoes","Soviet Gulag","","","Kolyma (СЕВЕРО-ВОСТОЧНЫЙ ИТЛ, БЕРЕГОВОЙ ЛАГЕРЬ)","Russia","","","unmapped","Zeldin (chief of the camp)","Prisoners who did not fulfill the norm","state terror","","","2","Aleksandr I. Solzhenitsyn, The Gulag Archipelago 1918-1956, vol. 2, trans. Thomas P. Whitney (Harper & Row, 1975), p. 127","confirmed","REGISTER. Why not mapped: the book names only the camp complex (Kolyma), which spread over a large area; pinning it at the camp headquarters would misplace it. Camp: СЕВЕРО-ВОСТОЧНЫЙ ИТЛ (r3-308, 1932-1949); БЕРЕГОВОЙ ЛАГЕРЬ (r3-34, 1948-1954) (Memorial, Sistema ITL v SSSR 1923-1960). Book pages: vol. 2 p. 127. Account: Ivan Semyonovich Karpunich-Braven. What would place it: the camp section (lagpunkt) where it happened, from Memorial or regional histories.","the book names only the camp complex (Kolyma), which spread over a large area; pinning it at the camp headquarters would misplace it. Camp: СЕВЕРО-ВОСТОЧНЫЙ ИТЛ (r3-308, 1932-1949); БЕРЕГОВОЙ ЛАГЕРЬ (r3-34, 1948-1954) (Memorial, Sistema ITL v SSSR 1923-1960). Book pages: vol. 2 p. 127. Account: Ivan Semyonovich Karpunich-Braven.","the camp section (lagpunkt) where it happened, from Memorial or regional histories."
"EV0763","Garanin executions","Soviet Gulag","","","Kolyma (СЕВЕРО-ВОСТОЧНЫЙ ИТЛ, БЕРЕГОВОЙ ЛАГЕРЬ)","Russia","","","unmapped","Gulag camp administration (no individual named in the book)","Prisoners listed on execution orders","state terror","","","2","Aleksandr I. Solzhenitsyn, The Gulag Archipelago 1918-1956, vol. 2, trans. Thomas P. Whitney (Harper & Row, 1975), p. 130","confirmed","REGISTER. Why not mapped: the book names only the camp complex (Kolyma), which spread over a large area; pinning it at the camp headquarters would misplace it. Camp: СЕВЕРО-ВОСТОЧНЫЙ ИТЛ (r3-308, 1932-1949); БЕРЕГОВОЙ ЛАГЕРЬ (r3-34, 1948-1954) (Memorial, Sistema ITL v SSSR 1923-1960). Book pages: vol. 2 p. 130. Account: V. Shalamov. What would place it: the camp section (lagpunkt) where it happened, from Memorial or regional histories.","the book names only the camp complex (Kolyma), which spread over a large area; pinning it at the camp headquarters would misplace it. Camp: СЕВЕРО-ВОСТОЧНЫЙ ИТЛ (r3-308, 1932-1949); БЕРЕГОВОЙ ЛАГЕРЬ (r3-34, 1948-1954) (Memorial, Sistema ITL v SSSR 1923-1960). Book pages: vol. 2 p. 130. Account: V. Shalamov.","the camp section (lagpunkt) where it happened, from Memorial or regional histories."
"EV0771","Conditions in Vorkuta Number Thirty interrogation prison","Soviet Gulag","","","Vorkuta Number Thirty (ВОРКУТИНСКИЙ ИТЛ)","Russia","","","unmapped","Gulag camp administration (no individual named in the book)","Prisoners under interrogation and caught escapees","slavery and forced labour","","","2","Aleksandr I. Solzhenitsyn, The Gulag Archipelago 1918-1956, vol. 2, trans. Thomas P. Whitney (Harper & Row, 1975), p. 383","confirmed","REGISTER. Why not mapped: the book names only the camp complex (Vorkuta Number Thirty), which spread over a large area; pinning it at the camp headquarters would misplace it. Camp: ВОРКУТИНСКИЙ ИТЛ (r3-64, 1938-) (Memorial, Sistema ITL v SSSR 1923-1960). Book pages: vol. 2 p. 383. Account: the author himself. What would place it: the camp section (lagpunkt) where it happened, from Memorial or regional histories.","the book names only the camp complex (Vorkuta Number Thirty), which spread over a large area; pinning it at the camp headquarters would misplace it. Camp: ВОРКУТИНСКИЙ ИТЛ (r3-64, 1938-) (Memorial, Sistema ITL v SSSR 1923-1960). Book pages: vol. 2 p. 383. Account: the author himself.","the camp section (lagpunkt) where it happened, from Memorial or regional histories."
"EV0772","Shooting of prisoners at the Old Brickyard","Soviet Gulag","","","Old Brickyard (ВОРКУТИНСКИЙ ИТЛ)","Russia","","","unmapped","Gulag camp administration (no individual named in the book)","760 persons","state terror","760","","2","Aleksandr I. Solzhenitsyn, The Gulag Archipelago 1918-1956, vol. 2, trans. Thomas P. Whitney (Harper & Row, 1975), p. 389","confirmed","REGISTER. Why not mapped: the book names only the camp complex (Old Brickyard), which spread over a large area; pinning it at the camp headquarters would misplace it. Camp: ВОРКУТИНСКИЙ ИТЛ (r3-64, 1938-) (Memorial, Sistema ITL v SSSR 1923-1960). Book pages: vol. 2 p. 389. Account: the author himself. What would place it: the camp section (lagpunkt) where it happened, from Memorial or regional histories.","the book names only the camp complex (Old Brickyard), which spread over a large area; pinning it at the camp headquarters would misplace it. Camp: ВОРКУТИНСКИЙ ИТЛ (r3-64, 1938-) (Memorial, Sistema ITL v SSSR 1923-1960). Book pages: vol. 2 p. 389. Account: the author himself.","the camp section (lagpunkt) where it happened, from Memorial or regional histories."
"EV0776","Deaths from disease and neglect at Unzha and Nuksha camps","Soviet Gulag","","","camp at Unzha and Nuksha (УНЖЕНСКИЙ ИТЛ)","Russia","","","unmapped","Gulag camp administration (no individual named in the book)","sick prisoners (zeks)","slavery and forced labour","","","2","Aleksandr I. Solzhenitsyn, The Gulag Archipelago 1918-1956, vol. 2, trans. Thomas P. Whitney (Harper & Row, 1975), p. 210","confirmed","REGISTER. Why not mapped: the book names only the camp complex (camp at Unzha and Nuksha), which spread over a large area; pinning it at the camp headquarters would misplace it. Camp: УНЖЕНСКИЙ ИТЛ (r3-431, 1938-) (Memorial, Sistema ITL v SSSR 1923-1960). Book pages: vol. 2 p. 210. Account: the author himself. What would place it: the camp section (lagpunkt) where it happened, from Memorial or regional histories.","the book names only the camp complex (camp at Unzha and Nuksha), which spread over a large area; pinning it at the camp headquarters would misplace it. Camp: УНЖЕНСКИЙ ИТЛ (r3-431, 1938-) (Memorial, Sistema ITL v SSSR 1923-1960). Book pages: vol. 2 p. 210. Account: the author himself.","the camp section (lagpunkt) where it happened, from Memorial or regional histories."
"EV0777","Abuse of Moiseyevaite by prisoners and guards","Soviet Gulag","1950","1950","Unzhlag (УНЖЕНСКИЙ ИТЛ)","Russia","","","unmapped","convoy, other prisoners","Moiseyevaite","state terror","","","2","Aleksandr I. Solzhenitsyn, The Gulag Archipelago 1918-1956, vol. 2, trans. Thomas P. Whitney (Harper & Row, 1975), p. 622","confirmed","REGISTER. Why not mapped: the book names only the camp complex (Unzhlag), which spread over a large area; pinning it at the camp headquarters would misplace it. Camp: УНЖЕНСКИЙ ИТЛ (r3-431, 1938-) (Memorial, Sistema ITL v SSSR 1923-1960). Book pages: vol. 2 p. 622. Account: the author himself. What would place it: the camp section (lagpunkt) where it happened, from Memorial or regional histories.","the book names only the camp complex (Unzhlag), which spread over a large area; pinning it at the camp headquarters would misplace it. Camp: УНЖЕНСКИЙ ИТЛ (r3-431, 1938-) (Memorial, Sistema ITL v SSSR 1923-1960). Book pages: vol. 2 p. 622. Account: the author himself.","the camp section (lagpunkt) where it happened, from Memorial or regional histories."
"EV0778","Sexual violence against a collective-farm girl by a thief's moll in Norillag","Soviet Gulag","","","Norillag (НОРИЛЬСКИЙ ИТЛ)","Russia","","","unmapped","a thief husband and his moll","a sixteen-year-old collective-farm girl sent to the North for ten years because of one kilo of grain","mass sexual violence","","","2","Aleksandr I. Solzhenitsyn, The Gulag Archipelago 1918-1956, vol. 2, trans. Thomas P. Whitney (Harper & Row, 1975), p. 435","confirmed","REGISTER. Why not mapped: the book names only the camp complex (Norillag), which spread over a large area; pinning it at the camp headquarters would misplace it. Camp: НОРИЛЬСКИЙ ИТЛ (r3-257, 1935-1956) (Memorial, Sistema ITL v SSSR 1923-1960). Book pages: vol. 2 p. 435. Account: Chlivdarov. What would place it: the camp section (lagpunkt) where it happened, from Memorial or regional histories.","the book names only the camp complex (Norillag), which spread over a large area; pinning it at the camp headquarters would misplace it. Camp: НОРИЛЬСКИЙ ИТЛ (r3-257, 1935-1956) (Memorial, Sistema ITL v SSSR 1923-1960). Book pages: vol. 2 p. 435. Account: Chlivdarov.","the camp section (lagpunkt) where it happened, from Memorial or regional histories."
"EV0779","Dog attacks and beatings of malingerers at Revuchi (Kraslag penalty camp)","Soviet Gulag","","","Revuchi, the penalty camp of Kraslag (КРАСНОЯРСКИЙ ИТЛ)","Russia","","","unmapped","police dogs, Chinese driver, brigadier Lyosha Sloboda","malingerers (work shirkers)","state terror","","","2","Aleksandr I. Solzhenitsyn, The Gulag Archipelago 1918-1956, vol. 2, trans. Thomas P. Whitney (Harper & Row, 1975), p. 423","confirmed","REGISTER. Why not mapped: the book names only the camp complex (Revuchi, the penalty camp of Kraslag), which spread over a large area; pinning it at the camp headquarters would misplace it. Camp: КРАСНОЯРСКИЙ ИТЛ (r3-211, 1938-) (Memorial, Sistema ITL v SSSR 1923-1960). Book pages: vol. 2 p. 423. Account: the author himself. What would place it: the camp section (lagpunkt) where it happened, from Memorial or regional histories.","the book names only the camp complex (Revuchi, the penalty camp of Kraslag), which spread over a large area; pinning it at the camp headquarters would misplace it. Camp: КРАСНОЯРСКИЙ ИТЛ (r3-211, 1938-) (Memorial, Sistema ITL v SSSR 1923-1960). Book pages: vol. 2 p. 423. Account: the author himself.","the camp section (lagpunkt) where it happened, from Memorial or regional histories."
"EV0780","Forced logging labor at Volgolag","Soviet Gulag","1937","1937","Volgolag (ГИДРОТЕХНИЧЕСКИХ УЗЛОВ, ВОЛЖСКИЙ ИТЛ МВД, РЫБИНСКИЙ ИТЛ)","Russia","","","unmapped","Gulag camp administration (no individual named in the book)","prisoners","slavery and forced labour","","","2","Aleksandr I. Solzhenitsyn, The Gulag Archipelago 1918-1956, vol. 2, trans. Thomas P. Whitney (Harper & Row, 1975), p. 579","confirmed","REGISTER. Why not mapped: the book names only the camp complex (Volgolag), which spread over a large area; pinning it at the camp headquarters would misplace it. Camp: ГИДРОТЕХНИЧЕСКИХ УЗЛОВ (r3-62, 1935-1942); ВОЛЖСКИЙ ИТЛ МВД (r3-63, 1946-1953); РЫБИНСКИЙ ИТЛ (r3-293, 1942-1944) (Memorial, Sistema ITL v SSSR 1923-1960). Book pages: vol. 2 p. 579. Account: the author himself. What would place it: the camp section (lagpunkt) where it happened, from Memorial or regional histories.","the book names only the camp complex (Volgolag), which spread over a large area; pinning it at the camp headquarters would misplace it. Camp: ГИДРОТЕХНИЧЕСКИХ УЗЛОВ (r3-62, 1935-1942); ВОЛЖСКИЙ ИТЛ МВД (r3-63, 1946-1953); РЫБИНСКИЙ ИТЛ (r3-293, 1942-1944) (Memorial, Sistema ITL v SSSR 1923-1960). Book pages: vol. 2 p. 579. Account: the author himself.","the camp section (lagpunkt) where it happened, from Memorial or regional histories."
"EV0782","Forced labor of sick and disabled prisoners at Spassk","Soviet Gulag","","","Spassk Camp Division (Steplag) (СТЕПНОЙ ЛАГЕРЬ)","Kazakhstan","","","unmapped","Colonel Chechev","Sick, terminal, and disabled prisoners","slavery and forced labour","","","2","Aleksandr I. Solzhenitsyn, The Gulag Archipelago 1918-1956, vol. 3, trans. Thomas P. Whitney (Harper & Row, 1978), p. 62","confirmed","REGISTER. Why not mapped: the book names only the camp complex (Spassk Camp Division (Steplag)), which spread over a large area; pinning it at the camp headquarters would misplace it. Camp: СТЕПНОЙ ЛАГЕРЬ (r3-324, 1948-1956) (Memorial, Sistema ITL v SSSR 1923-1960). Book pages: vol. 3 p. 62. Account: Aleksandr Solzhenitsyn. What would place it: the camp section (lagpunkt) where it happened, from Memorial or regional histories.","the book names only the camp complex (Spassk Camp Division (Steplag)), which spread over a large area; pinning it at the camp headquarters would misplace it. Camp: СТЕПНОЙ ЛАГЕРЬ (r3-324, 1948-1956) (Memorial, Sistema ITL v SSSR 1923-1960). Book pages: vol. 3 p. 62. Account: Aleksandr Solzhenitsyn.","the camp section (lagpunkt) where it happened, from Memorial or regional histories."
"EV0818","Lack of rest days in Karlag","Soviet Gulag","1937","1945","Karlag (КАРАГАНДИНСКИЙ ИТЛ)","Kazakhstan","","","unmapped","Gulag camp administration (no individual named in the book)","Prisoners in Karlag","slavery and forced labour","","","2","Aleksandr I. Solzhenitsyn, The Gulag Archipelago 1918-1956, vol. 2, trans. Thomas P. Whitney (Harper & Row, 1975), p. 207","confirmed","REGISTER. Why not mapped: the book names only the camp complex (Karlag), which spread over a large area; pinning it at the camp headquarters would misplace it. Camp: КАРАГАНДИНСКИЙ ИТЛ (r3-190, 1931-1959) (Memorial, Sistema ITL v SSSR 1923-1960). Book pages: vol. 2 p. 207. Account: Aleksandr Solzhenitsyn. What would place it: the camp section (lagpunkt) where it happened, from Memorial or regional histories.","the book names only the camp complex (Karlag), which spread over a large area; pinning it at the camp headquarters would misplace it. Camp: КАРАГАНДИНСКИЙ ИТЛ (r3-190, 1931-1959) (Memorial, Sistema ITL v SSSR 1923-1960). Book pages: vol. 2 p. 207. Account: Aleksandr Solzhenitsyn.","the camp section (lagpunkt) where it happened, from Memorial or regional histories."
"EV0819","Brawl in Karlag Camp Division No. 12","Soviet Gulag","1953","1953","Karlag, Camp Division No. 12 (КАРАГАНДИНСКИЙ ИТЛ)","Kazakhstan","","","unmapped","Gulag camp administration (no individual named in the book)","Prisoners in Karlag Camp Division No. 12","state terror","","","2","Aleksandr I. Solzhenitsyn, The Gulag Archipelago 1918-1956, vol. 3, trans. Thomas P. Whitney (Harper & Row, 1978), p. 280","confirmed","REGISTER. Why not mapped: the book names only the camp complex (Karlag, Camp Division No. 12), which spread over a large area; pinning it at the camp headquarters would misplace it. Camp: КАРАГАНДИНСКИЙ ИТЛ (r3-190, 1931-1959) (Memorial, Sistema ITL v SSSR 1923-1960). Book pages: vol. 3 p. 280. Account: Aleksandr Solzhenitsyn. What would place it: the camp section (lagpunkt) where it happened, from Memorial or regional histories.","the book names only the camp complex (Karlag, Camp Division No. 12), which spread over a large area; pinning it at the camp headquarters would misplace it. Camp: КАРАГАНДИНСКИЙ ИТЛ (r3-190, 1931-1959) (Memorial, Sistema ITL v SSSR 1923-1960). Book pages: vol. 3 p. 280. Account: Aleksandr Solzhenitsyn.","the camp section (lagpunkt) where it happened, from Memorial or regional histories."
"EV0820","Execution of two female prisoners for anti-Soviet talk at Peschanlag","Soviet Gulag","","","Peschanlag (Peschany camp complex) (ПЕСЧАНЫЙ ЛАГЕРЬ)","Kazakhstan","","","unmapped","A tribunal","Two young girls at one of the women's divisions","state terror","","","2","Aleksandr I. Solzhenitsyn, The Gulag Archipelago 1918-1956, vol. 3, trans. Thomas P. Whitney (Harper & Row, 1978), p. 235","confirmed","REGISTER. Why not mapped: the book names only the camp complex (Peschanlag (Peschany camp complex)), which spread over a large area; pinning it at the camp headquarters would misplace it. Camp: ПЕСЧАНЫЙ ЛАГЕРЬ (r3-274, 1949-1955) (Memorial, Sistema ITL v SSSR 1923-1960). Book pages: vol. 3 p. 235. Account: The author (narrative voice). What would place it: the camp section (lagpunkt) where it happened, from Memorial or regional histories.","the book names only the camp complex (Peschanlag (Peschany camp complex)), which spread over a large area; pinning it at the camp headquarters would misplace it. Camp: ПЕСЧАНЫЙ ЛАГЕРЬ (r3-274, 1949-1955) (Memorial, Sistema ITL v SSSR 1923-1960). Book pages: vol. 3 p. 235. Account: The author (narrative voice).","the camp section (lagpunkt) where it happened, from Memorial or regional histories."
"EV0821","Prisoner mutiny and storming of the jail at Peschanlag","Soviet Gulag","","","Peschanlag (Peschany camp) (ПЕСЧАНЫЙ ЛАГЕРЬ)","Kazakhstan","","","unmapped","Prisoners","Warders (chased), camp property (windows and lamps broken)","state terror","","","2","Aleksandr I. Solzhenitsyn, The Gulag Archipelago 1918-1956, vol. 3, trans. Thomas P. Whitney (Harper & Row, 1978), p. 262","confirmed","REGISTER. Why not mapped: the book names only the camp complex (Peschanlag (Peschany camp)), which spread over a large area; pinning it at the camp headquarters would misplace it. Camp: ПЕСЧАНЫЙ ЛАГЕРЬ (r3-274, 1949-1955) (Memorial, Sistema ITL v SSSR 1923-1960). Book pages: vol. 3 p. 262. Account: The author (narrative voice). What would place it: the camp section (lagpunkt) where it happened, from Memorial or regional histories.","the book names only the camp complex (Peschanlag (Peschany camp)), which spread over a large area; pinning it at the camp headquarters would misplace it. Camp: ПЕСЧАНЫЙ ЛАГЕРЬ (r3-274, 1949-1955) (Memorial, Sistema ITL v SSSR 1923-1960). Book pages: vol. 3 p. 262. Account: The author (narrative voice).","the camp section (lagpunkt) where it happened, from Memorial or regional histories."
"EV0822","Towing recalcitrant prisoners behind a sleigh at Ozerlag","Soviet Gulag","","","Ozerlag (ОЗЕРНЫЙ ЛАГЕРЬ)","Russia","","","unmapped","Captain Mishin","recalcitrants","state terror","","","2","Aleksandr I. Solzhenitsyn, The Gulag Archipelago 1918-1956, vol. 3, trans. Thomas P. Whitney (Harper & Row, 1978), p. 61","confirmed","REGISTER. Why not mapped: the book names only the camp complex (Ozerlag), which spread over a large area; pinning it at the camp headquarters would misplace it. Camp: ОЗЕРНЫЙ ЛАГЕРЬ (r3-261, 1948-) (Memorial, Sistema ITL v SSSR 1923-1960). Book pages: vol. 3 p. 61, vol. 3 p. 488. Account: the author himself. What would place it: the camp section (lagpunkt) where it happened, from Memorial or regional histories.","the book names only the camp complex (Ozerlag), which spread over a large area; pinning it at the camp headquarters would misplace it. Camp: ОЗЕРНЫЙ ЛАГЕРЬ (r3-261, 1948-) (Memorial, Sistema ITL v SSSR 1923-1960). Book pages: vol. 3 p. 61, vol. 3 p. 488. Account: the author himself.","the camp section (lagpunkt) where it happened, from Memorial or regional histories."
"EV0824","Shooting into the camp area at Ozerlag guardhouse","Soviet Gulag","1952","1952","Ozerlag (ОЗЕРНЫЙ ЛАГЕРЬ)","Russia","","","unmapped","Gulag camp administration (no individual named in the book)","prisoners","state terror","","","2","Aleksandr I. Solzhenitsyn, The Gulag Archipelago 1918-1956, vol. 3, trans. Thomas P. Whitney (Harper & Row, 1978), p. 223","confirmed","REGISTER. Why not mapped: the book names only the camp complex (Ozerlag), which spread over a large area; pinning it at the camp headquarters would misplace it. Camp: ОЗЕРНЫЙ ЛАГЕРЬ (r3-261, 1948-) (Memorial, Sistema ITL v SSSR 1923-1960). Book pages: vol. 3 p. 223. Account: the author himself. What would place it: the camp section (lagpunkt) where it happened, from Memorial or regional histories.","the book names only the camp complex (Ozerlag), which spread over a large area; pinning it at the camp headquarters would misplace it. Camp: ОЗЕРНЫЙ ЛАГЕРЬ (r3-261, 1948-) (Memorial, Sistema ITL v SSSR 1923-1960). Book pages: vol. 3 p. 223. Account: the author himself.","the camp section (lagpunkt) where it happened, from Memorial or regional histories."
"EV0825","Disturbance and killing at Ozerlag guardhouse","Soviet Gulag","1952","1952","Ozerlag (ОЗЕРНЫЙ ЛАГЕРЬ)","Russia","","","unmapped","Gulag camp administration (no individual named in the book)","a man","state terror","","","2","Aleksandr I. Solzhenitsyn, The Gulag Archipelago 1918-1956, vol. 3, trans. Thomas P. Whitney (Harper & Row, 1978), p. 279","confirmed","REGISTER. Why not mapped: the book names only the camp complex (Ozerlag), which spread over a large area; pinning it at the camp headquarters would misplace it. Camp: ОЗЕРНЫЙ ЛАГЕРЬ (r3-261, 1948-) (Memorial, Sistema ITL v SSSR 1923-1960). Book pages: vol. 3 p. 279. Account: the author himself. What would place it: the camp section (lagpunkt) where it happened, from Memorial or regional histories.","the book names only the camp complex (Ozerlag), which spread over a large area; pinning it at the camp headquarters would misplace it. Camp: ОЗЕРНЫЙ ЛАГЕРЬ (r3-261, 1948-) (Memorial, Sistema ITL v SSSR 1923-1960). Book pages: vol. 3 p. 279. Account: the author himself.","the camp section (lagpunkt) where it happened, from Memorial or regional histories."
"EV0826","Prisoners forced to kneel by tracks for sentence reading","Soviet Gulag","1938","1938","Perebory (ДМИТРОВСКИЙ ИТЛ)","Russia","","","unmapped","Gulag camp administration (no individual named in the book)","Prisoners arriving on transports","state terror","","","2","Aleksandr I. Solzhenitsyn, The Gulag Archipelago 1918-1956, vol. 1, trans. Thomas P. Whitney (Harper & Row, 1974), p. 285","confirmed","REGISTER. Why not mapped: the book names only the camp complex (Perebory), which spread over a large area; pinning it at the camp headquarters would misplace it. Camp: ДМИТРОВСКИЙ ИТЛ (r3-90, 1932-1938) (Memorial, Sistema ITL v SSSR 1923-1960). Book pages: vol. 1 p. 285. Account: Aleksandr Solzhenitsyn. What would place it: the camp section (lagpunkt) where it happened, from Memorial or regional histories.","the book names only the camp complex (Perebory), which spread over a large area; pinning it at the camp headquarters would misplace it. Camp: ДМИТРОВСКИЙ ИТЛ (r3-90, 1932-1938) (Memorial, Sistema ITL v SSSR 1923-1960). Book pages: vol. 1 p. 285. Account: Aleksandr Solzhenitsyn.","the camp section (lagpunkt) where it happened, from Memorial or regional histories."
"EV0827","Night work and lack of rest days on Moscow-Volga Canal","Soviet Gulag","","","Moscow-Volga Canal (ДМИТРОВСКИЙ ИТЛ)","Russia","","","unmapped","Gulag camp administration (no individual named in the book)","Prisoners","slavery and forced labour","","","2","Aleksandr I. Solzhenitsyn, The Gulag Archipelago 1918-1956, vol. 2, trans. Thomas P. Whitney (Harper & Row, 1975), p. 105","confirmed","REGISTER. Why not mapped: the book names only the camp complex (Moscow-Volga Canal), which spread over a large area; pinning it at the camp headquarters would misplace it. Camp: ДМИТРОВСКИЙ ИТЛ (r3-90, 1932-1938) (Memorial, Sistema ITL v SSSR 1923-1960). Book pages: vol. 2 p. 105. Account: Aleksandr Solzhenitsyn. What would place it: the camp section (lagpunkt) where it happened, from Memorial or regional histories.","the book names only the camp complex (Moscow-Volga Canal), which spread over a large area; pinning it at the camp headquarters would misplace it. Camp: ДМИТРОВСКИЙ ИТЛ (r3-90, 1932-1938) (Memorial, Sistema ITL v SSSR 1923-1960). Book pages: vol. 2 p. 105. Account: Aleksandr Solzhenitsyn.","the camp section (lagpunkt) where it happened, from Memorial or regional histories."
"EV0828","Penalty ration at Dmitlag","Soviet Gulag","","","Dmitlag (ДМИТРОВСКИЙ ИТЛ)","Russia","","","unmapped","Gulag camp administration (no individual named in the book)","Prisoners receiving penalty ration","slavery and forced labour","","","2","Aleksandr I. Solzhenitsyn, The Gulag Archipelago 1918-1956, vol. 2, trans. Thomas P. Whitney (Harper & Row, 1975), p. 113","confirmed","REGISTER. Why not mapped: the book names only the camp complex (Dmitlag), which spread over a large area; pinning it at the camp headquarters would misplace it. Camp: ДМИТРОВСКИЙ ИТЛ (r3-90, 1932-1938) (Memorial, Sistema ITL v SSSR 1923-1960). Book pages: vol. 2 p. 113. Account: Aleksandr Solzhenitsyn. What would place it: the camp section (lagpunkt) where it happened, from Memorial or regional histories.","the book names only the camp complex (Dmitlag), which spread over a large area; pinning it at the camp headquarters would misplace it. Camp: ДМИТРОВСКИЙ ИТЛ (r3-90, 1932-1938) (Memorial, Sistema ITL v SSSR 1923-1960). Book pages: vol. 2 p. 113. Account: Aleksandr Solzhenitsyn.","the camp section (lagpunkt) where it happened, from Memorial or regional histories."
"EV0829","Refusal of medical aid to self-mutilators at Moscow-Volga Canal","Soviet Gulag","","","Moscow-Volga Canal (ДМИТРОВСКИЙ ИТЛ)","Russia","","","unmapped","Administration / Doctors","Self-mutilators","slavery and forced labour","","","2","Aleksandr I. Solzhenitsyn, The Gulag Archipelago 1918-1956, vol. 2, trans. Thomas P. Whitney (Harper & Row, 1975), p. 216","confirmed","REGISTER. Why not mapped: the book names only the camp complex (Moscow-Volga Canal), which spread over a large area; pinning it at the camp headquarters would misplace it. Camp: ДМИТРОВСКИЙ ИТЛ (r3-90, 1932-1938) (Memorial, Sistema ITL v SSSR 1923-1960). Book pages: vol. 2 p. 216. Account: Aleksandr Solzhenitsyn. What would place it: the camp section (lagpunkt) where it happened, from Memorial or regional histories.","the book names only the camp complex (Moscow-Volga Canal), which spread over a large area; pinning it at the camp headquarters would misplace it. Camp: ДМИТРОВСКИЙ ИТЛ (r3-90, 1932-1938) (Memorial, Sistema ITL v SSSR 1923-1960). Book pages: vol. 2 p. 216. Account: Aleksandr Solzhenitsyn.","the camp section (lagpunkt) where it happened, from Memorial or regional histories."
"EV0830","One-year punishment cell for self-mutilation at Dmitlag","Soviet Gulag","1932","1932","Dmitlag (ДМИТРОВСКИЙ ИТЛ)","Russia","","","unmapped","Gulag camp administration (no individual named in the book)","Self-mutilators","state terror","","","2","Aleksandr I. Solzhenitsyn, The Gulag Archipelago 1918-1956, vol. 2, trans. Thomas P. Whitney (Harper & Row, 1975), p. 415","confirmed","REGISTER. Why not mapped: the book names only the camp complex (Dmitlag), which spread over a large area; pinning it at the camp headquarters would misplace it. Camp: ДМИТРОВСКИЙ ИТЛ (r3-90, 1932-1938) (Memorial, Sistema ITL v SSSR 1923-1960). Book pages: vol. 2 p. 415. Account: Averbakh. What would place it: the camp section (lagpunkt) where it happened, from Memorial or regional histories.","the book names only the camp complex (Dmitlag), which spread over a large area; pinning it at the camp headquarters would misplace it. Camp: ДМИТРОВСКИЙ ИТЛ (r3-90, 1932-1938) (Memorial, Sistema ITL v SSSR 1923-1960). Book pages: vol. 2 p. 415. Account: Averbakh.","the camp section (lagpunkt) where it happened, from Memorial or regional histories."
"EV0831","Sexual abuse by Filimonov at Dmitlag","Soviet Gulag","","","Dmitlag (ДМИТРОВСКИЙ ИТЛ)","Russia","","","unmapped","Filimonov","Female prisoners","mass sexual violence","","","2","Aleksandr I. Solzhenitsyn, The Gulag Archipelago 1918-1956, vol. 2, trans. Thomas P. Whitney (Harper & Row, 1975), p. 546","confirmed","REGISTER. Why not mapped: the book names only the camp complex (Dmitlag), which spread over a large area; pinning it at the camp headquarters would misplace it. Camp: ДМИТРОВСКИЙ ИТЛ (r3-90, 1932-1938) (Memorial, Sistema ITL v SSSR 1923-1960). Book pages: vol. 2 p. 546. Account: Aleksandr Solzhenitsyn. What would place it: the camp section (lagpunkt) where it happened, from Memorial or regional histories.","the book names only the camp complex (Dmitlag), which spread over a large area; pinning it at the camp headquarters would misplace it. Camp: ДМИТРОВСКИЙ ИТЛ (r3-90, 1932-1938) (Memorial, Sistema ITL v SSSR 1923-1960). Book pages: vol. 2 p. 546. Account: Aleksandr Solzhenitsyn.","the camp section (lagpunkt) where it happened, from Memorial or regional histories."
"EV0832","Forced labor in extreme cold at Moscow-Volga Canal","Soviet Gulag","","","Moscow-Volga Canal (ДМИТРОВСКИЙ ИТЛ)","Russia","","","unmapped","Gulag camp administration (no individual named in the book)","Prisoners","slavery and forced labour","","","2","Aleksandr I. Solzhenitsyn, The Gulag Archipelago 1918-1956, vol. 2, trans. Thomas P. Whitney (Harper & Row, 1975), p. 579","confirmed","REGISTER. Why not mapped: the book names only the camp complex (Moscow-Volga Canal), which spread over a large area; pinning it at the camp headquarters would misplace it. Camp: ДМИТРОВСКИЙ ИТЛ (r3-90, 1932-1938) (Memorial, Sistema ITL v SSSR 1923-1960). Book pages: vol. 2 p. 579. Account: Aleksandr Solzhenitsyn. What would place it: the camp section (lagpunkt) where it happened, from Memorial or regional histories.","the book names only the camp complex (Moscow-Volga Canal), which spread over a large area; pinning it at the camp headquarters would misplace it. Camp: ДМИТРОВСКИЙ ИТЛ (r3-90, 1932-1938) (Memorial, Sistema ITL v SSSR 1923-1960). Book pages: vol. 2 p. 579. Account: Aleksandr Solzhenitsyn.","the camp section (lagpunkt) where it happened, from Memorial or regional histories."
"EV0833","Deaths of Solovetsky Islanders sent to Belomor","Soviet Gulag","","","Belomor Canal (БЕЛОМОРО-БАЛТИЙСКИЙ ИТЛ, БЕЛОМОРСТРОЙ И ИТЛ)","Russia","","","unmapped","Gulag camp administration (no individual named in the book)","Solovetsky Islanders","slavery and forced labour","","","2","Aleksandr I. Solzhenitsyn, The Gulag Archipelago 1918-1956, vol. 2, trans. Thomas P. Whitney (Harper & Row, 1975), p. 98","confirmed","REGISTER. Why not mapped: the book names only the camp complex (Belomor Canal), which spread over a large area; pinning it at the camp headquarters would misplace it. Camp: БЕЛОМОРО-БАЛТИЙСКИЙ ИТЛ (r3-31, 1931-1941); БЕЛОМОРСТРОЙ И ИТЛ (r3-32, 1944-1945) (Memorial, Sistema ITL v SSSR 1923-1960). Part of master record EV0057. Book pages: vol. 2 p. 98. Account: The author himself. What would place it: the camp section (lagpunkt) where it happened, from Memorial or regional histories.","the book names only the camp complex (Belomor Canal), which spread over a large area; pinning it at the camp headquarters would misplace it. Camp: БЕЛОМОРО-БАЛТИЙСКИЙ ИТЛ (r3-31, 1931-1941); БЕЛОМОРСТРОЙ И ИТЛ (r3-32, 1944-1945) (Memorial, Sistema ITL v SSSR 1923-1960). Part of master record EV0057. Book pages: vol. 2 p. 98. Account: The author himself.","the camp section (lagpunkt) where it happened, from Memorial or regional histories."
"EV0834","Deaths during 'storm assault' work","Soviet Gulag","1933","1933","Belomor Camp system (БЕЛОМОРО-БАЛТИЙСКИЙ ИТЛ, БЕЛОМОРСТРОЙ И ИТЛ)","Russia","","","unmapped","Gulag camp administration (no individual named in the book)","Thirty thousand people","slavery and forced labour","","","2","Aleksandr I. Solzhenitsyn, The Gulag Archipelago 1918-1956, vol. 2, trans. Thomas P. Whitney (Harper & Row, 1975), p. 96","confirmed","REGISTER. Why not mapped: the book names only the camp complex (Belomor Camp system), which spread over a large area; pinning it at the camp headquarters would misplace it. Camp: БЕЛОМОРО-БАЛТИЙСКИЙ ИТЛ (r3-31, 1931-1941); БЕЛОМОРСТРОЙ И ИТЛ (r3-32, 1944-1945) (Memorial, Sistema ITL v SSSR 1923-1960). Part of master record EV0057. Book pages: vol. 2 p. 96. Account: The author himself. What would place it: the camp section (lagpunkt) where it happened, from Memorial or regional histories.","the book names only the camp complex (Belomor Camp system), which spread over a large area; pinning it at the camp headquarters would misplace it. Camp: БЕЛОМОРО-БАЛТИЙСКИЙ ИТЛ (r3-31, 1931-1941); БЕЛОМОРСТРОЙ И ИТЛ (r3-32, 1944-1945) (Memorial, Sistema ITL v SSSR 1923-1960). Part of master record EV0057. Book pages: vol. 2 p. 96. Account: The author himself.","the camp section (lagpunkt) where it happened, from Memorial or regional histories."
"EV0835","Beatings by criminal prisoners at Belomor","Soviet Gulag","","","Belomor Canal (БЕЛОМОРО-БАЛТИЙСКИЙ ИТЛ, БЕЛОМОРСТРОЙ И ИТЛ)","Russia","","","unmapped","thieves (criminal prisoners)","political prisoners (58's) and work shirkers","state terror","","","2","Aleksandr I. Solzhenitsyn, The Gulag Archipelago 1918-1956, vol. 2, trans. Thomas P. Whitney (Harper & Row, 1975), p. 436","confirmed","REGISTER. Why not mapped: the book names only the camp complex (Belomor Canal), which spread over a large area; pinning it at the camp headquarters would misplace it. Camp: БЕЛОМОРО-БАЛТИЙСКИЙ ИТЛ (r3-31, 1931-1941); БЕЛОМОРСТРОЙ И ИТЛ (r3-32, 1944-1945) (Memorial, Sistema ITL v SSSR 1923-1960). Part of master record EV0057. Book pages: vol. 2 p. 436. Account: Aleksandr Solzhenitsyn. What would place it: the camp section (lagpunkt) where it happened, from Memorial or regional histories.","the book names only the camp complex (Belomor Canal), which spread over a large area; pinning it at the camp headquarters would misplace it. Camp: БЕЛОМОРО-БАЛТИЙСКИЙ ИТЛ (r3-31, 1931-1941); БЕЛОМОРСТРОЙ И ИТЛ (r3-32, 1944-1945) (Memorial, Sistema ITL v SSSR 1923-1960). Part of master record EV0057. Book pages: vol. 2 p. 436. Account: Aleksandr Solzhenitsyn.","the camp section (lagpunkt) where it happened, from Memorial or regional histories."
"EV0836","Deaths from dysentery and malnutrition among children and the elderly","Soviet Gulag","1932","1932","White Sea Canal (БЕЛОМОРО-БАЛТИЙСКИЙ ИТЛ, БЕЛОМОРСТРОЙ И ИТЛ)","Russia","","","unmapped","Gulag camp administration (no individual named in the book)","children and the old","slavery and forced labour","","","2","Aleksandr I. Solzhenitsyn, The Gulag Archipelago 1918-1956, vol. 3, trans. Thomas P. Whitney (Harper & Row, 1978), p. 361","confirmed","REGISTER. Why not mapped: the book names only the camp complex (White Sea Canal), which spread over a large area; pinning it at the camp headquarters would misplace it. Camp: БЕЛОМОРО-БАЛТИЙСКИЙ ИТЛ (r3-31, 1931-1941); БЕЛОМОРСТРОЙ И ИТЛ (r3-32, 1944-1945) (Memorial, Sistema ITL v SSSR 1923-1960). Part of master record EV0057. Book pages: vol. 3 p. 361. Account: the author himself. What would place it: the camp section (lagpunkt) where it happened, from Memorial or regional histories.","the book names only the camp complex (White Sea Canal), which spread over a large area; pinning it at the camp headquarters would misplace it. Camp: БЕЛОМОРО-БАЛТИЙСКИЙ ИТЛ (r3-31, 1931-1941); БЕЛОМОРСТРОЙ И ИТЛ (r3-32, 1944-1945) (Memorial, Sistema ITL v SSSR 1923-1960). Part of master record EV0057. Book pages: vol. 3 p. 361. Account: the author himself.","the camp section (lagpunkt) where it happened, from Memorial or regional histories."
"EV0840","Deaths from disease and starvation in transit prisons (Vladivostok/Vanino) en route to Kolyma","Soviet Gulag","1937","1949","Sea of Okhotsk, Vladivostok, Vanino Bay (transit points to Kolyma) (СЕВЕРО-ВОСТОЧНЫЙ ИТЛ, БЕРЕГОВОЙ ЛАГЕРЬ)","Russia","","","unmapped","Soviet authorities / Guards","Prisoners in transit (including Koreans and general zeks)","slavery and forced labour","","","2","Aleksandr I. Solzhenitsyn, The Gulag Archipelago 1918-1956, vol. 1, trans. Thomas P. Whitney (Harper & Row, 1974), p. 536","confirmed","REGISTER. Why not mapped: the book names only the camp complex (Sea of Okhotsk, Vladivostok, Vanino Bay (transit points to Kolyma)), which spread over a large area; pinning it at the camp headquarters would misplace it. Camp: СЕВЕРО-ВОСТОЧНЫЙ ИТЛ (r3-308, 1932-1949); БЕРЕГОВОЙ ЛАГЕРЬ (r3-34, 1948-1954) (Memorial, Sistema ITL v SSSR 1923-1960). Book pages: vol. 1 p. 535, vol. 1 p. 536, vol. 1 p. 537. Account: Unnamed prisoners' conversation. What would place it: the camp section (lagpunkt) where it happened, from Memorial or regional histories.","the book names only the camp complex (Sea of Okhotsk, Vladivostok, Vanino Bay (transit points to Kolyma)), which spread over a large area; pinning it at the camp headquarters would misplace it. Camp: СЕВЕРО-ВОСТОЧНЫЙ ИТЛ (r3-308, 1932-1949); БЕРЕГОВОЙ ЛАГЕРЬ (r3-34, 1948-1954) (Memorial, Sistema ITL v SSSR 1923-1960). Book pages: vol. 1 p. 535, vol. 1 p. 536, vol. 1 p. 537. Account: Unnamed prisoners' conversation.","the camp section (lagpunkt) where it happened, from Memorial or regional histories."
"EV0841","Death of V. F. Dzhunkovsky in Kolyma","Soviet Gulag","","","Kolyma (СЕВЕРО-ВОСТОЧНЫЙ ИТЛ, БЕРЕГОВОЙ ЛАГЕРЬ)","Russia","","","unmapped","Gulag camp administration (no individual named in the book)","V. F. Dzhunkovsky (former Tsarist police director)","slavery and forced labour","","","2","Aleksandr I. Solzhenitsyn, The Gulag Archipelago 1918-1956, vol. 1, trans. Thomas P. Whitney (Harper & Row, 1974), p. 67","confirmed","REGISTER. Why not mapped: the book names only the camp complex (Kolyma), which spread over a large area; pinning it at the camp headquarters would misplace it. Camp: СЕВЕРО-ВОСТОЧНЫЙ ИТЛ (r3-308, 1932-1949); БЕРЕГОВОЙ ЛАГЕРЬ (r3-34, 1948-1954) (Memorial, Sistema ITL v SSSR 1923-1960). Book pages: vol. 1 p. 67. Account: Author. What would place it: the camp section (lagpunkt) where it happened, from Memorial or regional histories.","the book names only the camp complex (Kolyma), which spread over a large area; pinning it at the camp headquarters would misplace it. Camp: СЕВЕРО-ВОСТОЧНЫЙ ИТЛ (r3-308, 1932-1949); БЕРЕГОВОЙ ЛАГЕРЬ (r3-34, 1948-1954) (Memorial, Sistema ITL v SSSR 1923-1960). Book pages: vol. 1 p. 67. Account: Author.","the camp section (lagpunkt) where it happened, from Memorial or regional histories."
"EV0842","Transfer of women to Kolyma camps to meet gold plan","Soviet Gulag","","","Kolyma (СЕВЕРО-ВОСТОЧНЫЙ ИТЛ, БЕРЕГОВОЙ ЛАГЕРЬ)","Russia","","","unmapped","Soviet authorities","Thousands of women ('wives')","slavery and forced labour","","","2","Aleksandr I. Solzhenitsyn, The Gulag Archipelago 1918-1956, vol. 1, trans. Thomas P. Whitney (Harper & Row, 1974), p. 483","confirmed","REGISTER. Why not mapped: the book names only the camp complex (Kolyma), which spread over a large area; pinning it at the camp headquarters would misplace it. Camp: СЕВЕРО-ВОСТОЧНЫЙ ИТЛ (r3-308, 1932-1949); БЕРЕГОВОЙ ЛАГЕРЬ (r3-34, 1948-1954) (Memorial, Sistema ITL v SSSR 1923-1960). Book pages: vol. 1 p. 483. Account: Author. What would place it: the camp section (lagpunkt) where it happened, from Memorial or regional histories.","the book names only the camp complex (Kolyma), which spread over a large area; pinning it at the camp headquarters would misplace it. Camp: СЕВЕРО-ВОСТОЧНЫЙ ИТЛ (r3-308, 1932-1949); БЕРЕГОВОЙ ЛАГЕРЬ (r3-34, 1948-1954) (Memorial, Sistema ITL v SSSR 1923-1960). Book pages: vol. 1 p. 483. Account: Author.","the camp section (lagpunkt) where it happened, from Memorial or regional histories."
"EV0843","Deaths and suffering on steamship transports to Kolyma (Dzhurma, Kulu, etc.)","Soviet Gulag","1938","1938","Steamers Dzhurma, Kulu, Nevostroi, Dneprostroi (en route to Kolyma) (СЕВЕРО-ВОСТОЧНЫЙ ИТЛ, БЕРЕГОВОЙ ЛАГЕРЬ)","Russia","","","unmapped","Gulag camp administration (no individual named in the book)","Prisoners (3-4 thousand per steamer)","slavery and forced labour","","","2","Aleksandr I. Solzhenitsyn, The Gulag Archipelago 1918-1956, vol. 1, trans. Thomas P. Whitney (Harper & Row, 1974), p. 581","confirmed","REGISTER. Why not mapped: the book names only the camp complex (Steamers Dzhurma, Kulu, Nevostroi, Dneprostroi (en route to Kolyma)), which spread over a large area; pinning it at the camp headquarters would misplace it. Camp: СЕВЕРО-ВОСТОЧНЫЙ ИТЛ (r3-308, 1932-1949); БЕРЕГОВОЙ ЛАГЕРЬ (r3-34, 1948-1954) (Memorial, Sistema ITL v SSSR 1923-1960). Book pages: vol. 1 p. 581. Account: The author himself. What would place it: the camp section (lagpunkt) where it happened, from Memorial or regional histories.","the book names only the camp complex (Steamers Dzhurma, Kulu, Nevostroi, Dneprostroi (en route to Kolyma)), which spread over a large area; pinning it at the camp headquarters would misplace it. Camp: СЕВЕРО-ВОСТОЧНЫЙ ИТЛ (r3-308, 1932-1949); БЕРЕГОВОЙ ЛАГЕРЬ (r3-34, 1948-1954) (Memorial, Sistema ITL v SSSR 1923-1960). Book pages: vol. 1 p. 581. Account: The author himself.","the camp section (lagpunkt) where it happened, from Memorial or regional histories."
"EV0844","Disembarkation on ice at Magadan","Soviet Gulag","1938","1938","Magadan (ice) (СЕВЕРО-ВОСТОЧНЫЙ ИТЛ, БЕРЕГОВОЙ ЛАГЕРЬ)","Russia","","","unmapped","Gulag camp administration (no individual named in the book)","Newly arrived prisoners (politicals, arthritis sufferers, legless prisoners)","slavery and forced labour","","","2","Aleksandr I. Solzhenitsyn, The Gulag Archipelago 1918-1956, vol. 1, trans. Thomas P. Whitney (Harper & Row, 1974), p. 582","confirmed","REGISTER. Why not mapped: the book names only the camp complex (Magadan (ice)), which spread over a large area; pinning it at the camp headquarters would misplace it. Camp: СЕВЕРО-ВОСТОЧНЫЙ ИТЛ (r3-308, 1932-1949); БЕРЕГОВОЙ ЛАГЕРЬ (r3-34, 1948-1954) (Memorial, Sistema ITL v SSSR 1923-1960). Book pages: vol. 1 p. 582. Account: The author himself. What would place it: the camp section (lagpunkt) where it happened, from Memorial or regional histories.","the book names only the camp complex (Magadan (ice)), which spread over a large area; pinning it at the camp headquarters would misplace it. Camp: СЕВЕРО-ВОСТОЧНЫЙ ИТЛ (r3-308, 1932-1949); БЕРЕГОВОЙ ЛАГЕРЬ (r3-34, 1948-1954) (Memorial, Sistema ITL v SSSR 1923-1960). Book pages: vol. 1 p. 582. Account: The author himself.","the camp section (lagpunkt) where it happened, from Memorial or regional histories."
"EV0845","Stripping of personal belongings at Magadan bathhouse","Soviet Gulag","","","Magadan (bath vestibule) (СЕВЕРО-ВОСТОЧНЫЙ ИТЛ, БЕРЕГОВОЙ ЛАГЕРЬ)","Russia","","","unmapped","Bath personnel, Chief","Newly arrived prisoners (Party elites, professors, officials)","state terror","","","2","Aleksandr I. Solzhenitsyn, The Gulag Archipelago 1918-1956, vol. 1, trans. Thomas P. Whitney (Harper & Row, 1974), p. 583","confirmed","REGISTER. Why not mapped: the book names only the camp complex (Magadan (bath vestibule)), which spread over a large area; pinning it at the camp headquarters would misplace it. Camp: СЕВЕРО-ВОСТОЧНЫЙ ИТЛ (r3-308, 1932-1949); БЕРЕГОВОЙ ЛАГЕРЬ (r3-34, 1948-1954) (Memorial, Sistema ITL v SSSR 1923-1960). Book pages: vol. 1 p. 583. Account: The author himself. What would place it: the camp section (lagpunkt) where it happened, from Memorial or regional histories.","the book names only the camp complex (Magadan (bath vestibule)), which spread over a large area; pinning it at the camp headquarters would misplace it. Camp: СЕВЕРО-ВОСТОЧНЫЙ ИТЛ (r3-308, 1932-1949); БЕРЕГОВОЙ ЛАГЕРЬ (r3-34, 1948-1954) (Memorial, Sistema ITL v SSSR 1923-1960). Book pages: vol. 1 p. 583. Account: The author himself.","the camp section (lagpunkt) where it happened, from Memorial or regional histories."
"EV0846","Mass deaths from pellagra and starvation in Kolyma","Soviet Gulag","","","Kolyma (СЕВЕРО-ВОСТОЧНЫЙ ИТЛ, БЕРЕГОВОЙ ЛАГЕРЬ)","Russia","","","unmapped","Gulag camp administration (no individual named in the book)","Pellagra victims, prisoners","slavery and forced labour","","","2","Aleksandr I. Solzhenitsyn, The Gulag Archipelago 1918-1956, vol. 2, trans. Thomas P. Whitney (Harper & Row, 1975), p. 126","confirmed","REGISTER. Why not mapped: the book names only the camp complex (Kolyma), which spread over a large area; pinning it at the camp headquarters would misplace it. Camp: СЕВЕРО-ВОСТОЧНЫЙ ИТЛ (r3-308, 1932-1949); БЕРЕГОВОЙ ЛАГЕРЬ (r3-34, 1948-1954) (Memorial, Sistema ITL v SSSR 1923-1960). Book pages: vol. 2 p. 126. Account: The author himself. What would place it: the camp section (lagpunkt) where it happened, from Memorial or regional histories.","the book names only the camp complex (Kolyma), which spread over a large area; pinning it at the camp headquarters would misplace it. Camp: СЕВЕРО-ВОСТОЧНЫЙ ИТЛ (r3-308, 1932-1949); БЕРЕГОВОЙ ЛАГЕРЬ (r3-34, 1948-1954) (Memorial, Sistema ITL v SSSR 1923-1960). Book pages: vol. 2 p. 126. Account: The author himself.","the camp section (lagpunkt) where it happened, from Memorial or regional histories."
"EV0847","Punishment by cold water and running naked","Soviet Gulag","","","Kolyma (mine shaft/compound) (СЕВЕРО-ВОСТОЧНЫЙ ИТЛ, БЕРЕГОВОЙ ЛАГЕРЬ)","Russia","","","unmapped","Zeldin (chief of the camp)","Prisoners who did not fulfill the norm","state terror","","","2","Aleksandr I. Solzhenitsyn, The Gulag Archipelago 1918-1956, vol. 2, trans. Thomas P. Whitney (Harper & Row, 1975), p. 127","confirmed","REGISTER. Why not mapped: the book names only the camp complex (Kolyma (mine shaft/compound)), which spread over a large area; pinning it at the camp headquarters would misplace it. Camp: СЕВЕРО-ВОСТОЧНЫЙ ИТЛ (r3-308, 1932-1949); БЕРЕГОВОЙ ЛАГЕРЬ (r3-34, 1948-1954) (Memorial, Sistema ITL v SSSR 1923-1960). Book pages: vol. 2 p. 127. Account: Ivan Semyonovich Karpunich-Braven. What would place it: the camp section (lagpunkt) where it happened, from Memorial or regional histories.","the book names only the camp complex (Kolyma (mine shaft/compound)), which spread over a large area; pinning it at the camp headquarters would misplace it. Camp: СЕВЕРО-ВОСТОЧНЫЙ ИТЛ (r3-308, 1932-1949); БЕРЕГОВОЙ ЛАГЕРЬ (r3-34, 1948-1954) (Memorial, Sistema ITL v SSSR 1923-1960). Book pages: vol. 2 p. 127. Account: Ivan Semyonovich Karpunich-Braven.","the camp section (lagpunkt) where it happened, from Memorial or regional histories."
"EV0848","Beating with rifle butt and isolation","Soviet Gulag","","","Kolyma (СЕВЕРО-ВОСТОЧНЫЙ ИТЛ, БЕРЕГОВОЙ ЛАГЕРЬ)","Russia","","","unmapped","Zeldin (chief of the camp)","Prisoners who did not fulfill the norm","state terror","","","2","Aleksandr I. Solzhenitsyn, The Gulag Archipelago 1918-1956, vol. 2, trans. Thomas P. Whitney (Harper & Row, 1975), p. 127","confirmed","REGISTER. Why not mapped: the book names only the camp complex (Kolyma), which spread over a large area; pinning it at the camp headquarters would misplace it. Camp: СЕВЕРО-ВОСТОЧНЫЙ ИТЛ (r3-308, 1932-1949); БЕРЕГОВОЙ ЛАГЕРЬ (r3-34, 1948-1954) (Memorial, Sistema ITL v SSSR 1923-1960). Book pages: vol. 2 p. 127. Account: Ivan Semyonovich Karpunich-Braven. What would place it: the camp section (lagpunkt) where it happened, from Memorial or regional histories.","the book names only the camp complex (Kolyma), which spread over a large area; pinning it at the camp headquarters would misplace it. Camp: СЕВЕРО-ВОСТОЧНЫЙ ИТЛ (r3-308, 1932-1949); БЕРЕГОВОЙ ЛАГЕРЬ (r3-34, 1948-1954) (Memorial, Sistema ITL v SSSR 1923-1960). Book pages: vol. 2 p. 127. Account: Ivan Semyonovich Karpunich-Braven.","the camp section (lagpunkt) where it happened, from Memorial or regional histories."
"EV0849","Use of 'death carriages' at Marisny Spring","Soviet Gulag","","","Marisny Spring (Srednekan trail) (СЕВЕРО-ВОСТОЧНЫЙ ИТЛ, БЕРЕГОВОЙ ЛАГЕРЬ)","Russia","","","unmapped","Chief of the camp","Prisoners who failed to fulfill the norm","state terror","","","2","Aleksandr I. Solzhenitsyn, The Gulag Archipelago 1918-1956, vol. 2, trans. Thomas P. Whitney (Harper & Row, 1975), p. 127","confirmed","REGISTER. Why not mapped: the book names only the camp complex (Marisny Spring (Srednekan trail)), which spread over a large area; pinning it at the camp headquarters would misplace it. Camp: СЕВЕРО-ВОСТОЧНЫЙ ИТЛ (r3-308, 1932-1949); БЕРЕГОВОЙ ЛАГЕРЬ (r3-34, 1948-1954) (Memorial, Sistema ITL v SSSR 1923-1960). Book pages: vol. 2 p. 127, vol. 2 p. 128. Account: Ivan Semyonovich Karpunich-Braven. What would place it: the camp section (lagpunkt) where it happened, from Memorial or regional histories.","the book names only the camp complex (Marisny Spring (Srednekan trail)), which spread over a large area; pinning it at the camp headquarters would misplace it. Camp: СЕВЕРО-ВОСТОЧНЫЙ ИТЛ (r3-308, 1932-1949); БЕРЕГОВОЙ ЛАГЕРЬ (r3-34, 1948-1954) (Memorial, Sistema ITL v SSSR 1923-1960). Book pages: vol. 2 p. 127, vol. 2 p. 128. Account: Ivan Semyonovich Karpunich-Braven.","the camp section (lagpunkt) where it happened, from Memorial or regional histories."
"EV0850","Forced labor at Kolyma mine faces","Soviet Gulag","","","Kolyma mine faces (СЕВЕРО-ВОСТОЧНЫЙ ИТЛ, БЕРЕГОВОЙ ЛАГЕРЬ)","Russia","","","unmapped","Gulag camp administration (no individual named in the book)","Prisoners","slavery and forced labour","","","2","Aleksandr I. Solzhenitsyn, The Gulag Archipelago 1918-1956, vol. 2, trans. Thomas P. Whitney (Harper & Row, 1975), p. 143","confirmed","REGISTER. Why not mapped: the book names only the camp complex (Kolyma mine faces), which spread over a large area; pinning it at the camp headquarters would misplace it. Camp: СЕВЕРО-ВОСТОЧНЫЙ ИТЛ (r3-308, 1932-1949); БЕРЕГОВОЙ ЛАГЕРЬ (r3-34, 1948-1954) (Memorial, Sistema ITL v SSSR 1923-1960). Book pages: vol. 2 p. 143. Account: The author himself. What would place it: the camp section (lagpunkt) where it happened, from Memorial or regional histories.","the book names only the camp complex (Kolyma mine faces), which spread over a large area; pinning it at the camp headquarters would misplace it. Camp: СЕВЕРО-ВОСТОЧНЫЙ ИТЛ (r3-308, 1932-1949); БЕРЕГОВОЙ ЛАГЕРЬ (r3-34, 1948-1954) (Memorial, Sistema ITL v SSSR 1923-1960). Book pages: vol. 2 p. 143. Account: The author himself.","the camp section (lagpunkt) where it happened, from Memorial or regional histories."
"EV0852","Execution of entire brigades in Kolyma","Soviet Gulag","","","Kolyma (СЕВЕРО-ВОСТОЧНЫЙ ИТЛ, БЕРЕГОВОЙ ЛАГЕРЬ)","Russia","","","unmapped","Gulag camp administration (no individual named in the book)","entire brigades","state terror","","","2","Aleksandr I. Solzhenitsyn, The Gulag Archipelago 1918-1956, vol. 2, trans. Thomas P. Whitney (Harper & Row, 1975), p. 305","confirmed","REGISTER. Why not mapped: the book names only the camp complex (Kolyma), which spread over a large area; pinning it at the camp headquarters would misplace it. Camp: СЕВЕРО-ВОСТОЧНЫЙ ИТЛ (r3-308, 1932-1949); БЕРЕГОВОЙ ЛАГЕРЬ (r3-34, 1948-1954) (Memorial, Sistema ITL v SSSR 1923-1960). Book pages: vol. 2 p. 305. Account: . What would place it: the camp section (lagpunkt) where it happened, from Memorial or regional histories.","the book names only the camp complex (Kolyma), which spread over a large area; pinning it at the camp headquarters would misplace it. Camp: СЕВЕРО-ВОСТОЧНЫЙ ИТЛ (r3-308, 1932-1949); БЕРЕГОВОЙ ЛАГЕРЬ (r3-34, 1948-1954) (Memorial, Sistema ITL v SSSR 1923-1960). Book pages: vol. 2 p. 305. Account: .","the camp section (lagpunkt) where it happened, from Memorial or regional histories."
"EV0853","Mass shootings in Kolyma (Garanin executions)","Soviet Gulag","1938","1938","Kolyma (СЕВЕРО-ВОСТОЧНЫЙ ИТЛ, БЕРЕГОВОЙ ЛАГЕРЬ)","Russia","","","unmapped","the higher-ups","prisoners","state terror","","","2","Aleksandr I. Solzhenitsyn, The Gulag Archipelago 1918-1956, vol. 2, trans. Thomas P. Whitney (Harper & Row, 1975), p. 386","confirmed","REGISTER. Why not mapped: the book names only the camp complex (Kolyma), which spread over a large area; pinning it at the camp headquarters would misplace it. Camp: СЕВЕРО-ВОСТОЧНЫЙ ИТЛ (r3-308, 1932-1949); БЕРЕГОВОЙ ЛАГЕРЬ (r3-34, 1948-1954) (Memorial, Sistema ITL v SSSR 1923-1960). Merged with: vorkutlag: Kashketin executions. Book pages: vol. 2 p. 386. Account: . What would place it: the camp section (lagpunkt) where it happened, from Memorial or regional histories.","the book names only the camp complex (Kolyma), which spread over a large area; pinning it at the camp headquarters would misplace it. Camp: СЕВЕРО-ВОСТОЧНЫЙ ИТЛ (r3-308, 1932-1949); БЕРЕГОВОЙ ЛАГЕРЬ (r3-34, 1948-1954) (Memorial, Sistema ITL v SSSR 1923-1960). Merged with: vorkutlag: Kashketin executions. Book pages: vol. 2 p. 386. Account: .","the camp section (lagpunkt) where it happened, from Memorial or regional histories."
"EV0854","Torture and murder of three lost prisoners at Debin goldfields","Soviet Gulag","1951","1951","Debin goldfields in the Kolyma (СЕВЕРО-ВОСТОЧНЫЙ ИТЛ, БЕРЕГОВОЙ ЛАГЕРЬ)","Russia","","","unmapped","Senior Lieutenant Pyotr Lomaga and his torturers","three prisoners who got lost while gathering berries","state terror","","","2","Aleksandr I. Solzhenitsyn, The Gulag Archipelago 1918-1956, vol. 2, trans. Thomas P. Whitney (Harper & Row, 1975), p. 397","confirmed","REGISTER. Why not mapped: the book names only the camp complex (Debin goldfields in the Kolyma), which spread over a large area; pinning it at the camp headquarters would misplace it. Camp: СЕВЕРО-ВОСТОЧНЫЙ ИТЛ (r3-308, 1932-1949); БЕРЕГОВОЙ ЛАГЕРЬ (r3-34, 1948-1954) (Memorial, Sistema ITL v SSSR 1923-1960). Book pages: vol. 2 p. 397. Account: . What would place it: the camp section (lagpunkt) where it happened, from Memorial or regional histories.","the book names only the camp complex (Debin goldfields in the Kolyma), which spread over a large area; pinning it at the camp headquarters would misplace it. Camp: СЕВЕРО-ВОСТОЧНЫЙ ИТЛ (r3-308, 1932-1949); БЕРЕГОВОЙ ЛАГЕРЬ (r3-34, 1948-1954) (Memorial, Sistema ITL v SSSR 1923-1960). Book pages: vol. 2 p. 397. Account: .","the camp section (lagpunkt) where it happened, from Memorial or regional histories."
"EV0855","Heated punishment cells for thieves vs. unheated for political prisoners in Kolyma","Soviet Gulag","1938","1938","Kolyma (СЕВЕРО-ВОСТОЧНЫЙ ИТЛ, БЕРЕГОВОЙ ЛАГЕРЬ)","Russia","","","unmapped","Gulag camp administration (no individual named in the book)","Political prisoners (58's)","state terror","","","2","Aleksandr I. Solzhenitsyn, The Gulag Archipelago 1918-1956, vol. 2, trans. Thomas P. Whitney (Harper & Row, 1975), p. 417","confirmed","REGISTER. Why not mapped: the book names only the camp complex (Kolyma), which spread over a large area; pinning it at the camp headquarters would misplace it. Camp: СЕВЕРО-ВОСТОЧНЫЙ ИТЛ (r3-308, 1932-1949); БЕРЕГОВОЙ ЛАГЕРЬ (r3-34, 1948-1954) (Memorial, Sistema ITL v SSSR 1923-1960). Book pages: vol. 2 p. 417. Account: Aleksandr Solzhenitsyn. What would place it: the camp section (lagpunkt) where it happened, from Memorial or regional histories.","the book names only the camp complex (Kolyma), which spread over a large area; pinning it at the camp headquarters would misplace it. Camp: СЕВЕРО-ВОСТОЧНЫЙ ИТЛ (r3-308, 1932-1949); БЕРЕГОВОЙ ЛАГЕРЬ (r3-34, 1948-1954) (Memorial, Sistema ITL v SSSR 1923-1960). Book pages: vol. 2 p. 417. Account: Aleksandr Solzhenitsyn.","the camp section (lagpunkt) where it happened, from Memorial or regional histories."
"EV0856","Theft of food from starving Kolyma prisoners by camp officials","Soviet Gulag","","","Kolyma camps (СЕВЕРО-ВОСТОЧНЫЙ ИТЛ, БЕРЕГОВОЙ ЛАГЕРЬ)","Russia","","","unmapped","Camp chief, chief of regimen, chief of Cultural and Educational Section, free employees, duty jailers, gatehouse guards","Kolyma prisoners (starving slaves)","state terror","","","2","Aleksandr I. Solzhenitsyn, The Gulag Archipelago 1918-1956, vol. 2, trans. Thomas P. Whitney (Harper & Row, 1975), p. 544","confirmed","REGISTER. Why not mapped: the book names only the camp complex (Kolyma camps), which spread over a large area; pinning it at the camp headquarters would misplace it. Camp: СЕВЕРО-ВОСТОЧНЫЙ ИТЛ (r3-308, 1932-1949); БЕРЕГОВОЙ ЛАГЕРЬ (r3-34, 1948-1954) (Memorial, Sistema ITL v SSSR 1923-1960). Book pages: vol. 2 p. 544. Account: Aleksandr Solzhenitsyn (citing Kolyma prisoners' memory). What would place it: the camp section (lagpunkt) where it happened, from Memorial or regional histories.","the book names only the camp complex (Kolyma camps), which spread over a large area; pinning it at the camp headquarters would misplace it. Camp: СЕВЕРО-ВОСТОЧНЫЙ ИТЛ (r3-308, 1932-1949); БЕРЕГОВОЙ ЛАГЕРЬ (r3-34, 1948-1954) (Memorial, Sistema ITL v SSSR 1923-1960). Book pages: vol. 2 p. 544. Account: Aleksandr Solzhenitsyn (citing Kolyma prisoners' memory).","the camp section (lagpunkt) where it happened, from Memorial or regional histories."
"EV0857","Named Kolyma campkeepers practicing inventive cruelty","Soviet Gulag","","","Kolyma camps (СЕВЕРО-ВОСТОЧНЫЙ ИТЛ, БЕРЕГОВОЙ ЛАГЕРЬ)","Russia","","","unmapped","Pavlov, Vishnevetsky, Gakayev, Zhukov, Komarov, M. A. Kudryashev, Logovinenko, Merinov, Nikishov, Reznikov, Titov, Vasily 'Durovoi'","Kolyma prisoners","state terror","","","2","Aleksandr I. Solzhenitsyn, The Gulag Archipelago 1918-1956, vol. 2, trans. Thomas P. Whitney (Harper & Row, 1975), p. 549","confirmed","REGISTER. Why not mapped: the book names only the camp complex (Kolyma camps), which spread over a large area; pinning it at the camp headquarters would misplace it. Camp: СЕВЕРО-ВОСТОЧНЫЙ ИТЛ (r3-308, 1932-1949); БЕРЕГОВОЙ ЛАГЕРЬ (r3-34, 1948-1954) (Memorial, Sistema ITL v SSSR 1923-1960). Book pages: vol. 2 p. 549. Account: Aleksandr Solzhenitsyn. What would place it: the camp section (lagpunkt) where it happened, from Memorial or regional histories.","the book names only the camp complex (Kolyma camps), which spread over a large area; pinning it at the camp headquarters would misplace it. Camp: СЕВЕРО-ВОСТОЧНЫЙ ИТЛ (r3-308, 1932-1949); БЕРЕГОВОЙ ЛАГЕРЬ (r3-34, 1948-1954) (Memorial, Sistema ITL v SSSR 1923-1960). Book pages: vol. 2 p. 549. Account: Aleksandr Solzhenitsyn.","the camp section (lagpunkt) where it happened, from Memorial or regional histories."
"EV0858","Tyranny in a 'good' Kolyma camp","Soviet Gulag","","","Kolyma camp (СЕВЕРО-ВОСТОЧНЫЙ ИТЛ, БЕРЕГОВОЙ ЛАГЕРЬ)","Russia","","","unmapped","Unnamed 'good' Kolyma camp keeper","Prisoners in the camp","state terror","","","3","Aleksandr I. Solzhenitsyn, The Gulag Archipelago 1918-1956, vol. 2, trans. Thomas P. Whitney (Harper & Row, 1975), p. 553","confirmed","REGISTER. Why not mapped: the book names only the camp complex (Kolyma camp), which spread over a large area; pinning it at the camp headquarters would misplace it. Camp: СЕВЕРО-ВОСТОЧНЫЙ ИТЛ (r3-308, 1932-1949); БЕРЕГОВОЙ ЛАГЕРЬ (r3-34, 1948-1954) (Memorial, Sistema ITL v SSSR 1923-1960). Book pages: vol. 2 p. 553. Account: General Gorbatov (as recalled by Solzhenitsyn). What would place it: the camp section (lagpunkt) where it happened, from Memorial or regional histories.","the book names only the camp complex (Kolyma camp), which spread over a large area; pinning it at the camp headquarters would misplace it. Camp: СЕВЕРО-ВОСТОЧНЫЙ ИТЛ (r3-308, 1932-1949); БЕРЕГОВОЙ ЛАГЕРЬ (r3-34, 1948-1954) (Memorial, Sistema ITL v SSSR 1923-1960). Book pages: vol. 2 p. 553. Account: General Gorbatov (as recalled by Solzhenitsyn).","the camp section (lagpunkt) where it happened, from Memorial or regional histories."
"EV0859","Forced labor hauling ore in Kolyma goldfields","Soviet Gulag","","","Open goldfields of the Kolyma (СЕВЕРО-ВОСТОЧНЫЙ ИТЛ, БЕРЕГОВОЙ ЛАГЕРЬ)","Russia","","","unmapped","Gulag camp administration (no individual named in the book)","Prisoners (Archipelago natives)","slavery and forced labour","","","2","Aleksandr I. Solzhenitsyn, The Gulag Archipelago 1918-1956, vol. 2, trans. Thomas P. Whitney (Harper & Row, 1975), p. 579","confirmed","REGISTER. Why not mapped: the book names only the camp complex (Open goldfields of the Kolyma), which spread over a large area; pinning it at the camp headquarters would misplace it. Camp: СЕВЕРО-ВОСТОЧНЫЙ ИТЛ (r3-308, 1932-1949); БЕРЕГОВОЙ ЛАГЕРЬ (r3-34, 1948-1954) (Memorial, Sistema ITL v SSSR 1923-1960). Book pages: vol. 2 p. 579. Account: Aleksandr Solzhenitsyn. What would place it: the camp section (lagpunkt) where it happened, from Memorial or regional histories.","the book names only the camp complex (Open goldfields of the Kolyma), which spread over a large area; pinning it at the camp headquarters would misplace it. Camp: СЕВЕРО-ВОСТОЧНЫЙ ИТЛ (r3-308, 1932-1949); БЕРЕГОВОЙ ЛАГЕРЬ (r3-34, 1948-1954) (Memorial, Sistema ITL v SSSR 1923-1960). Book pages: vol. 2 p. 579. Account: Aleksandr Solzhenitsyn.","the camp section (lagpunkt) where it happened, from Memorial or regional histories."
"EV0861","Sinking of barge transporting prisoners to Kolyma","Soviet Gulag","","","Transport to Kolyma (СЕВЕРО-ВОСТОЧНЫЙ ИТЛ, БЕРЕГОВОЙ ЛАГЕРЬ)","Russia","","","unmapped","One of the 'old ones' (prisoner)","Three hundred zeks (mostly Article 58s)","slavery and forced labour","","","2","Aleksandr I. Solzhenitsyn, The Gulag Archipelago 1918-1956, vol. 3, trans. Thomas P. Whitney (Harper & Row, 1978), p. 317","confirmed","REGISTER. Why not mapped: the book names only the camp complex (Transport to Kolyma), which spread over a large area; pinning it at the camp headquarters would misplace it. Camp: СЕВЕРО-ВОСТОЧНЫЙ ИТЛ (r3-308, 1932-1949); БЕРЕГОВОЙ ЛАГЕРЬ (r3-34, 1948-1954) (Memorial, Sistema ITL v SSSR 1923-1960). Book pages: vol. 3 p. 317. Account: Rumors/Blackening stories (as cited by Solzhenitsyn). What would place it: the camp section (lagpunkt) where it happened, from Memorial or regional histories.","the book names only the camp complex (Transport to Kolyma), which spread over a large area; pinning it at the camp headquarters would misplace it. Camp: СЕВЕРО-ВОСТОЧНЫЙ ИТЛ (r3-308, 1932-1949); БЕРЕГОВОЙ ЛАГЕРЬ (r3-34, 1948-1954) (Memorial, Sistema ITL v SSSR 1923-1960). Book pages: vol. 3 p. 317. Account: Rumors/Blackening stories (as cited by Solzhenitsyn).","the camp section (lagpunkt) where it happened, from Memorial or regional histories."
"EV0862","Dispatch of prisoners to Kolyma after Kengir uprising","Soviet Gulag","","","Kengir Camp Division of Steplag / Kolyma (СЕВЕРО-ВОСТОЧНЫЙ ИТЛ, БЕРЕГОВОЙ ЛАГЕРЬ)","Russia","","","unmapped","Commission / Authorities","More than a thousand prisoners","state terror","","","2","Aleksandr I. Solzhenitsyn, The Gulag Archipelago 1918-1956, vol. 3, trans. Thomas P. Whitney (Harper & Row, 1978), p. 330","confirmed","REGISTER. Why not mapped: the book names only the camp complex (Kengir Camp Division of Steplag / Kolyma), which spread over a large area; pinning it at the camp headquarters would misplace it. Camp: СЕВЕРО-ВОСТОЧНЫЙ ИТЛ (r3-308, 1932-1949); БЕРЕГОВОЙ ЛАГЕРЬ (r3-34, 1948-1954) (Memorial, Sistema ITL v SSSR 1923-1960). Book pages: vol. 3 p. 330. Account: Aleksandr Solzhenitsyn. What would place it: the camp section (lagpunkt) where it happened, from Memorial or regional histories.","the book names only the camp complex (Kengir Camp Division of Steplag / Kolyma), which spread over a large area; pinning it at the camp headquarters would misplace it. Camp: СЕВЕРО-ВОСТОЧНЫЙ ИТЛ (r3-308, 1932-1949); БЕРЕГОВОЙ ЛАГЕРЬ (r3-34, 1948-1954) (Memorial, Sistema ITL v SSSR 1923-1960). Book pages: vol. 3 p. 330. Account: Aleksandr Solzhenitsyn.","the camp section (lagpunkt) where it happened, from Memorial or regional histories."
"EV0864","Routine use of painful handcuffs as torture in Berlag","Soviet Gulag","","","Berlag (БЕРЕГОВОЙ ЛАГЕРЬ)","Russia","","","unmapped","warders","prisoners","state terror","","","2","Aleksandr I. Solzhenitsyn, The Gulag Archipelago 1918-1956, vol. 3, trans. Thomas P. Whitney (Harper & Row, 1978), p. 57","confirmed","REGISTER. Why not mapped: the book names only the camp complex (Berlag), which spread over a large area; pinning it at the camp headquarters would misplace it. Camp: БЕРЕГОВОЙ ЛАГЕРЬ (r3-34, 1948-1954) (Memorial, Sistema ITL v SSSR 1923-1960). Book pages: vol. 3 p. 57. Account: the author himself. What would place it: the camp section (lagpunkt) where it happened, from Memorial or regional histories.","the book names only the camp complex (Berlag), which spread over a large area; pinning it at the camp headquarters would misplace it. Camp: БЕРЕГОВОЙ ЛАГЕРЬ (r3-34, 1948-1954) (Memorial, Sistema ITL v SSSR 1923-1960). Book pages: vol. 3 p. 57. Account: the author himself.","the camp section (lagpunkt) where it happened, from Memorial or regional histories."
"EV0892","Deaths during the Vorkuta hunger strike","Soviet Gulag","1936","1936","Vorkuta system of camps (ВОРКУТИНСКИЙ ИТЛ)","Russia","","","unmapped","Gulag camp administration (no individual named in the book)","Hunger strikers (Trotskyites and others)","slavery and forced labour","","","2","Aleksandr I. Solzhenitsyn, The Gulag Archipelago 1918-1956, vol. 2, trans. Thomas P. Whitney (Harper & Row, 1975), p. 319","confirmed","REGISTER. Why not mapped: the book names only the camp complex (Vorkuta system of camps), which spread over a large area; pinning it at the camp headquarters would misplace it. Camp: ВОРКУТИНСКИЙ ИТЛ (r3-64, 1938-) (Memorial, Sistema ITL v SSSR 1923-1960). Book pages: vol. 2 p. 319. Account: The author (Solzhenitsyn). What would place it: the camp section (lagpunkt) where it happened, from Memorial or regional histories.","the book names only the camp complex (Vorkuta system of camps), which spread over a large area; pinning it at the camp headquarters would misplace it. Camp: ВОРКУТИНСКИЙ ИТЛ (r3-64, 1938-) (Memorial, Sistema ITL v SSSR 1923-1960). Book pages: vol. 2 p. 319. Account: The author (Solzhenitsyn).","the camp section (lagpunkt) where it happened, from Memorial or regional histories."
"EV0893","Tormenting of prisoners during river transport to Vorkutlag","Soviet Gulag","","","River transports to Vorkutlag (Ust-Usa, Pomozdino, Shchelya-Yur) (ВОРКУТИНСКИЙ ИТЛ)","Russia","","","unmapped","Convoy guards","Zeks (prisoners)","state terror","","","2","Aleksandr I. Solzhenitsyn, The Gulag Archipelago 1918-1956, vol. 1, trans. Thomas P. Whitney (Harper & Row, 1974), p. 578","confirmed","REGISTER. Why not mapped: the book names only the camp complex (River transports to Vorkutlag (Ust-Usa, Pomozdino, Shchelya-Yur)), which spread over a large area; pinning it at the camp headquarters would misplace it. Camp: ВОРКУТИНСКИЙ ИТЛ (r3-64, 1938-) (Memorial, Sistema ITL v SSSR 1923-1960). Book pages: vol. 1 p. 578. Account: The author (Solzhenitsyn). What would place it: the camp section (lagpunkt) where it happened, from Memorial or regional histories.","the book names only the camp complex (River transports to Vorkutlag (Ust-Usa, Pomozdino, Shchelya-Yur)), which spread over a large area; pinning it at the camp headquarters would misplace it. Camp: ВОРКУТИНСКИЙ ИТЛ (r3-64, 1938-) (Memorial, Sistema ITL v SSSR 1923-1960). Book pages: vol. 1 p. 578. Account: The author (Solzhenitsyn).","the camp section (lagpunkt) where it happened, from Memorial or regional histories."
"EV0894","Punishment block for refusing to sign second terms","Soviet Gulag","1938","1938","Vorkuta (ВОРКУТИНСКИЙ ИТЛ)","Russia","","","unmapped","Gulag camp administration (no individual named in the book)","Prisoners refusing to sign for their second terms","state terror","","","2","Aleksandr I. Solzhenitsyn, The Gulag Archipelago 1918-1956, vol. 2, trans. Thomas P. Whitney (Harper & Row, 1975), p. 376","confirmed","REGISTER. Why not mapped: the book names only the camp complex (Vorkuta), which spread over a large area; pinning it at the camp headquarters would misplace it. Camp: ВОРКУТИНСКИЙ ИТЛ (r3-64, 1938-) (Memorial, Sistema ITL v SSSR 1923-1960). Book pages: vol. 2 p. 376. Account: the author himself. What would place it: the camp section (lagpunkt) where it happened, from Memorial or regional histories.","the book names only the camp complex (Vorkuta), which spread over a large area; pinning it at the camp headquarters would misplace it. Camp: ВОРКУТИНСКИЙ ИТЛ (r3-64, 1938-) (Memorial, Sistema ITL v SSSR 1923-1960). Book pages: vol. 2 p. 376. Account: the author himself.","the camp section (lagpunkt) where it happened, from Memorial or regional histories."
"EV0895","Starvation rations in Vorkuta Number Thirty","Soviet Gulag","","","Vorkuta Number Thirty (ВОРКУТИНСКИЙ ИТЛ)","Russia","","","unmapped","Third Section","Prisoners under interrogation","slavery and forced labour","","","2","Aleksandr I. Solzhenitsyn, The Gulag Archipelago 1918-1956, vol. 2, trans. Thomas P. Whitney (Harper & Row, 1975), p. 383","confirmed","REGISTER. Why not mapped: the book names only the camp complex (Vorkuta Number Thirty), which spread over a large area; pinning it at the camp headquarters would misplace it. Camp: ВОРКУТИНСКИЙ ИТЛ (r3-64, 1938-) (Memorial, Sistema ITL v SSSR 1923-1960). Book pages: vol. 2 p. 383. Account: the author himself. What would place it: the camp section (lagpunkt) where it happened, from Memorial or regional histories.","the book names only the camp complex (Vorkuta Number Thirty), which spread over a large area; pinning it at the camp headquarters would misplace it. Camp: ВОРКУТИНСКИЙ ИТЛ (r3-64, 1938-) (Memorial, Sistema ITL v SSSR 1923-1960). Book pages: vol. 2 p. 383. Account: the author himself.","the camp section (lagpunkt) where it happened, from Memorial or regional histories."
"EV0896","Conditions in the Vorkuta interrogation tent","Soviet Gulag","","","Vorkuta interrogation tent (ВОРКУТИНСКИЙ ИТЛ)","Russia","","","unmapped","Gulag camp administration (no individual named in the book)","Prisoners awaiting trial","slavery and forced labour","","","2","Aleksandr I. Solzhenitsyn, The Gulag Archipelago 1918-1956, vol. 2, trans. Thomas P. Whitney (Harper & Row, 1975), p. 383","confirmed","REGISTER. Why not mapped: the book names only the camp complex (Vorkuta interrogation tent), which spread over a large area; pinning it at the camp headquarters would misplace it. Camp: ВОРКУТИНСКИЙ ИТЛ (r3-64, 1938-) (Memorial, Sistema ITL v SSSR 1923-1960). Book pages: vol. 2 p. 383. Account: the author himself. What would place it: the camp section (lagpunkt) where it happened, from Memorial or regional histories.","the book names only the camp complex (Vorkuta interrogation tent), which spread over a large area; pinning it at the camp headquarters would misplace it. Camp: ВОРКУТИНСКИЙ ИТЛ (r3-64, 1938-) (Memorial, Sistema ITL v SSSR 1923-1960). Book pages: vol. 2 p. 383. Account: the author himself.","the camp section (lagpunkt) where it happened, from Memorial or regional histories."
"EV0897","Flogging of Trotskyites in the interrogation tent","Soviet Gulag","","","Vorkuta interrogation tent (ВОРКУТИНСКИЙ ИТЛ)","Russia","","","unmapped","Kashketin","Trotskyites","state terror","","","2","Aleksandr I. Solzhenitsyn, The Gulag Archipelago 1918-1956, vol. 2, trans. Thomas P. Whitney (Harper & Row, 1975), p. 387","confirmed","REGISTER. Why not mapped: the book names only the camp complex (Vorkuta interrogation tent), which spread over a large area; pinning it at the camp headquarters would misplace it. Camp: ВОРКУТИНСКИЙ ИТЛ (r3-64, 1938-) (Memorial, Sistema ITL v SSSR 1923-1960). Merged with: ukhtlag: Interrogation and flogging of Trotskyites at Ukhtarka. Book pages: vol. 2 p. 387. Account: the author himself. What would place it: the camp section (lagpunkt) where it happened, from Memorial or regional histories.","the book names only the camp complex (Vorkuta interrogation tent), which spread over a large area; pinning it at the camp headquarters would misplace it. Camp: ВОРКУТИНСКИЙ ИТЛ (r3-64, 1938-) (Memorial, Sistema ITL v SSSR 1923-1960). Merged with: ukhtlag: Interrogation and flogging of Trotskyites at Ukhtarka. Book pages: vol. 2 p. 387. Account: the author himself.","the camp section (lagpunkt) where it happened, from Memorial or regional histories."
"EV0898","Conditions at the Old Brickyard shed and tents","Soviet Gulag","1937","1938","Old Brickyard (ВОРКУТИНСКИЙ ИТЛ)","Russia","","","unmapped","Gulag camp administration (no individual named in the book)","Strikers, Trotskyites, and democratic centralists","slavery and forced labour","","","2","Aleksandr I. Solzhenitsyn, The Gulag Archipelago 1918-1956, vol. 2, trans. Thomas P. Whitney (Harper & Row, 1975), p. 387","confirmed","REGISTER. Why not mapped: the book names only the camp complex (Old Brickyard), which spread over a large area; pinning it at the camp headquarters would misplace it. Camp: ВОРКУТИНСКИЙ ИТЛ (r3-64, 1938-) (Memorial, Sistema ITL v SSSR 1923-1960). Merged with: ukhtlag: Deaths from conditions at Old Brickyard shed. Book pages: vol. 2 p. 387, vol. 2 p. 389. Account: the author himself. What would place it: the camp section (lagpunkt) where it happened, from Memorial or regional histories.","the book names only the camp complex (Old Brickyard), which spread over a large area; pinning it at the camp headquarters would misplace it. Camp: ВОРКУТИНСКИЙ ИТЛ (r3-64, 1938-) (Memorial, Sistema ITL v SSSR 1923-1960). Merged with: ukhtlag: Deaths from conditions at Old Brickyard shed. Book pages: vol. 2 p. 387, vol. 2 p. 389. Account: the author himself.","the camp section (lagpunkt) where it happened, from Memorial or regional histories."
"EV0899","Punishment cell for work shirkers at Vorkuta-Vom","Soviet Gulag","1937","1937","Vorkuta-Vom (ВОРКУТИНСКИЙ ИТЛ)","Russia","","","unmapped","Gulag camp administration (no individual named in the book)","Work shirkers","state terror","","","2","Aleksandr I. Solzhenitsyn, The Gulag Archipelago 1918-1956, vol. 2, trans. Thomas P. Whitney (Harper & Row, 1975), p. 416","confirmed","REGISTER. Why not mapped: the book names only the camp complex (Vorkuta-Vom), which spread over a large area; pinning it at the camp headquarters would misplace it. Camp: ВОРКУТИНСКИЙ ИТЛ (r3-64, 1938-) (Memorial, Sistema ITL v SSSR 1923-1960). Book pages: vol. 2 p. 416. Account: the author himself. What would place it: the camp section (lagpunkt) where it happened, from Memorial or regional histories.","the book names only the camp complex (Vorkuta-Vom), which spread over a large area; pinning it at the camp headquarters would misplace it. Camp: ВОРКУТИНСКИЙ ИТЛ (r3-64, 1938-) (Memorial, Sistema ITL v SSSR 1923-1960). Book pages: vol. 2 p. 416. Account: the author himself.","the camp section (lagpunkt) where it happened, from Memorial or regional histories."
"EV0900","Starvation rations at Vorkuta-Vom","Soviet Gulag","","","Vorkuta-Vom (ВОРКУТИНСКИЙ ИТЛ)","Russia","","","unmapped","Gulag camp administration (no individual named in the book)","Prisoners in punishment cell","slavery and forced labour","","","2","Aleksandr I. Solzhenitsyn, The Gulag Archipelago 1918-1956, vol. 2, trans. Thomas P. Whitney (Harper & Row, 1975), p. 416","confirmed","REGISTER. Why not mapped: the book names only the camp complex (Vorkuta-Vom), which spread over a large area; pinning it at the camp headquarters would misplace it. Camp: ВОРКУТИНСКИЙ ИТЛ (r3-64, 1938-) (Memorial, Sistema ITL v SSSR 1923-1960). Book pages: vol. 2 p. 416. Account: the author himself. What would place it: the camp section (lagpunkt) where it happened, from Memorial or regional histories.","the book names only the camp complex (Vorkuta-Vom), which spread over a large area; pinning it at the camp headquarters would misplace it. Camp: ВОРКУТИНСКИЙ ИТЛ (r3-64, 1938-) (Memorial, Sistema ITL v SSSR 1923-1960). Book pages: vol. 2 p. 416. Account: the author himself.","the camp section (lagpunkt) where it happened, from Memorial or regional histories."
"EV0901","Deaths during Kotlas-Vorkuta Railroad construction","Soviet Gulag","","","Kotlas-Vorkuta Railroad (ВОРКУТИНСКИЙ ИТЛ)","Russia","","","unmapped","Gulag camp administration (no individual named in the book)","Prisoners","slavery and forced labour","","","2","Aleksandr I. Solzhenitsyn, The Gulag Archipelago 1918-1956, vol. 2, trans. Thomas P. Whitney (Harper & Row, 1975), p. 580","confirmed","REGISTER. Why not mapped: the book names only the camp complex (Kotlas-Vorkuta Railroad), which spread over a large area; pinning it at the camp headquarters would misplace it. Camp: ВОРКУТИНСКИЙ ИТЛ (r3-64, 1938-) (Memorial, Sistema ITL v SSSR 1923-1960). Book pages: vol. 2 p. 580. Account: the author himself. What would place it: the camp section (lagpunkt) where it happened, from Memorial or regional histories.","the book names only the camp complex (Kotlas-Vorkuta Railroad), which spread over a large area; pinning it at the camp headquarters would misplace it. Camp: ВОРКУТИНСКИЙ ИТЛ (r3-64, 1938-) (Memorial, Sistema ITL v SSSR 1923-1960). Book pages: vol. 2 p. 580. Account: the author himself.","the camp section (lagpunkt) where it happened, from Memorial or regional histories."
"EV0902","Conditions at Mine No. 17 at Vorkuta","Soviet Gulag","","","Mine No. 17 at Vorkuta (ВОРКУТИНСКИЙ ИТЛ)","Russia","","","unmapped","Gulag camp administration (no individual named in the book)","Katorzhane (forced labor prisoners)","slavery and forced labour","","","2","Aleksandr I. Solzhenitsyn, The Gulag Archipelago 1918-1956, vol. 3, trans. Thomas P. Whitney (Harper & Row, 1978), p. 8","confirmed","REGISTER. Why not mapped: the book names only the camp complex (Mine No. 17 at Vorkuta), which spread over a large area; pinning it at the camp headquarters would misplace it. Camp: ВОРКУТИНСКИЙ ИТЛ (r3-64, 1938-) (Memorial, Sistema ITL v SSSR 1923-1960). Book pages: vol. 3 p. 8. Account: the author himself. What would place it: the camp section (lagpunkt) where it happened, from Memorial or regional histories.","the book names only the camp complex (Mine No. 17 at Vorkuta), which spread over a large area; pinning it at the camp headquarters would misplace it. Camp: ВОРКУТИНСКИЙ ИТЛ (r3-64, 1938-) (Memorial, Sistema ITL v SSSR 1923-1960). Book pages: vol. 3 p. 8. Account: the author himself.","the camp section (lagpunkt) where it happened, from Memorial or regional histories."
"EV0903","Death of first Vorkuta prisoners","Soviet Gulag","","","Vorkuta (ВОРКУТИНСКИЙ ИТЛ)","Russia","","","unmapped","Gulag camp administration (no individual named in the book)","the first 28,000 prisoners in Vorkuta (katorzhane)","slavery and forced labour","","","2","Aleksandr I. Solzhenitsyn, The Gulag Archipelago 1918-1956, vol. 3, trans. Thomas P. Whitney (Harper & Row, 1978), p. 10","confirmed","REGISTER. Why not mapped: the book names only the camp complex (Vorkuta), which spread over a large area; pinning it at the camp headquarters would misplace it. Camp: ВОРКУТИНСКИЙ ИТЛ (r3-64, 1938-) (Memorial, Sistema ITL v SSSR 1923-1960). Book pages: vol. 3 p. 10. Account: the author himself. What would place it: the camp section (lagpunkt) where it happened, from Memorial or regional histories.","the book names only the camp complex (Vorkuta), which spread over a large area; pinning it at the camp headquarters would misplace it. Camp: ВОРКУТИНСКИЙ ИТЛ (r3-64, 1938-) (Memorial, Sistema ITL v SSSR 1923-1960). Book pages: vol. 3 p. 10. Account: the author himself.","the camp section (lagpunkt) where it happened, from Memorial or regional histories."
"EV0904","Shooting of escaping prisoners near Norilsk/Vorkuta","Soviet Gulag","","","tundra (near Cobalt Mine No. 25 at Norilsk/Vorkuta region) (ВОРКУТИНСКИЙ ИТЛ)","Russia","","","unmapped","planes","a couple of dozen prisoners who fled into the tundra","state terror","","","2","Aleksandr I. Solzhenitsyn, The Gulag Archipelago 1918-1956, vol. 3, trans. Thomas P. Whitney (Harper & Row, 1978), p. 10","confirmed","REGISTER. Why not mapped: the book names only the camp complex (tundra (near Cobalt Mine No. 25 at Norilsk/Vorkuta region)), which spread over a large area; pinning it at the camp headquarters would misplace it. Camp: ВОРКУТИНСКИЙ ИТЛ (r3-64, 1938-) (Memorial, Sistema ITL v SSSR 1923-1960). Merged with: norillag: Shooting of escaping prisoners at Cobalt Mine No. 25, Norilsk. Book pages: vol. 3 p. 10. Account: the author himself. What would place it: the camp section (lagpunkt) where it happened, from Memorial or regional histories.","the book names only the camp complex (tundra (near Cobalt Mine No. 25 at Norilsk/Vorkuta region)), which spread over a large area; pinning it at the camp headquarters would misplace it. Camp: ВОРКУТИНСКИЙ ИТЛ (r3-64, 1938-) (Memorial, Sistema ITL v SSSR 1923-1960). Merged with: norillag: Shooting of escaping prisoners at Cobalt Mine No. 25, Norilsk. Book pages: vol. 3 p. 10. Account: the author himself.","the camp section (lagpunkt) where it happened, from Memorial or regional histories."
"EV0905","Suppression of uprising advancing on Vorkuta","Soviet Gulag","","","Vorkuta (approaches) (ВОРКУТИНСКИЙ ИТЛ)","Russia","","","unmapped","Parachute troops... low-flying fighter planes","rebels/mutineers","state terror","","","2","Aleksandr I. Solzhenitsyn, The Gulag Archipelago 1918-1956, vol. 3, trans. Thomas P. Whitney (Harper & Row, 1978), p. 230","confirmed","REGISTER. Why not mapped: the book names only the camp complex (Vorkuta (approaches)), which spread over a large area; pinning it at the camp headquarters would misplace it. Camp: ВОРКУТИНСКИЙ ИТЛ (r3-64, 1938-) (Memorial, Sistema ITL v SSSR 1923-1960). Book pages: vol. 3 p. 230. Account: the author himself. What would place it: the camp section (lagpunkt) where it happened, from Memorial or regional histories.","the book names only the camp complex (Vorkuta (approaches)), which spread over a large area; pinning it at the camp headquarters would misplace it. Camp: ВОРКУТИНСКИЙ ИТЛ (r3-64, 1938-) (Memorial, Sistema ITL v SSSR 1923-1960). Book pages: vol. 3 p. 230. Account: the author himself.","the camp section (lagpunkt) where it happened, from Memorial or regional histories."
"EV0906","Executions after uprising near Vorkuta","Soviet Gulag","","","Vorkuta (region) (ВОРКУТИНСКИЙ ИТЛ)","Russia","","","unmapped","Gulag camp administration (no individual named in the book)","rebels/mutineers","state terror","","","2","Aleksandr I. Solzhenitsyn, The Gulag Archipelago 1918-1956, vol. 3, trans. Thomas P. Whitney (Harper & Row, 1978), p. 230","confirmed","REGISTER. Why not mapped: the book names only the camp complex (Vorkuta (region)), which spread over a large area; pinning it at the camp headquarters would misplace it. Camp: ВОРКУТИНСКИЙ ИТЛ (r3-64, 1938-) (Memorial, Sistema ITL v SSSR 1923-1960). Book pages: vol. 3 p. 230. Account: the author himself. What would place it: the camp section (lagpunkt) where it happened, from Memorial or regional histories.","the book names only the camp complex (Vorkuta (region)), which spread over a large area; pinning it at the camp headquarters would misplace it. Camp: ВОРКУТИНСКИЙ ИТЛ (r3-64, 1938-) (Memorial, Sistema ITL v SSSR 1923-1960). Book pages: vol. 3 p. 230. Account: the author himself.","the camp section (lagpunkt) where it happened, from Memorial or regional histories."
"EV0907","Vorkuta Strike (Rechlag) suppression and cordon","Soviet Gulag","","","Rechlag (РЕЧНОЙ ЛАГЕРЬ)","Russia","","","unmapped","General Maslennikov, General Derevyanko, Prosecutor General Rudenko","Prisoners on strike","state terror","","","2","Aleksandr I. Solzhenitsyn, The Gulag Archipelago 1918-1956, vol. 3, trans. Thomas P. Whitney (Harper & Row, 1978), p. 282","confirmed","REGISTER. Why not mapped: the book names only the camp complex (Rechlag), which spread over a large area; pinning it at the camp headquarters would misplace it. Camp: РЕЧНОЙ ЛАГЕРЬ (r3-291, 1948-1954) (Memorial, Sistema ITL v SSSR 1923-1960). Book pages: vol. 3 p. 282. Account: Aleksandr Solzhenitsyn. What would place it: the camp section (lagpunkt) where it happened, from Memorial or regional histories.","the book names only the camp complex (Rechlag), which spread over a large area; pinning it at the camp headquarters would misplace it. Camp: РЕЧНОЙ ЛАГЕРЬ (r3-291, 1948-1954) (Memorial, Sistema ITL v SSSR 1923-1960). Book pages: vol. 3 p. 282. Account: Aleksandr Solzhenitsyn.","the camp section (lagpunkt) where it happened, from Memorial or regional histories."
"EV0908","Imprisonment of Minlag blacksmiths who refused to forge window bars","Soviet Gulag","","","Minlag (МИНЕРАЛЬНЫЙ ЛАГЕРЬ)","Russia","","","unmapped","Gulag camp administration (no individual named in the book)","Blacksmiths at Minlag","state terror","","","2","Aleksandr I. Solzhenitsyn, The Gulag Archipelago 1918-1956, vol. 3, trans. Thomas P. Whitney (Harper & Row, 1978), p. 56","confirmed","REGISTER. Why not mapped: the book names only the camp complex (Minlag), which spread over a large area; pinning it at the camp headquarters would misplace it. Camp: МИНЕРАЛЬНЫЙ ЛАГЕРЬ (r3-241, 1948-1957) (Memorial, Sistema ITL v SSSR 1923-1960). Book pages: vol. 3 p. 56. Account: The author (Solzhenitsyn) reporting hearsay ('They say'). What would place it: the camp section (lagpunkt) where it happened, from Memorial or regional histories.","the book names only the camp complex (Minlag), which spread over a large area; pinning it at the camp headquarters would misplace it. Camp: МИНЕРАЛЬНЫЙ ЛАГЕРЬ (r3-241, 1948-1957) (Memorial, Sistema ITL v SSSR 1923-1960). Book pages: vol. 3 p. 56. Account: The author (Solzhenitsyn) reporting hearsay ('They say').","the camp section (lagpunkt) where it happened, from Memorial or regional histories."
"EV0910","Mass disappearance/death of prisoners at Pechorlag","Soviet Gulag","1941","1942","Pechorlag (the railroad camp) (ПЕЧОРСКИЙ ИТЛ)","Russia","","","unmapped","Gulag camp administration (no individual named in the book)","Forty thousand prisoners","slavery and forced labour","","","2","Aleksandr I. Solzhenitsyn, The Gulag Archipelago 1918-1956, vol. 2, trans. Thomas P. Whitney (Harper & Row, 1975), p. 221","confirmed","REGISTER. Why not mapped: the book names only the camp complex (Pechorlag (the railroad camp)), which spread over a large area; pinning it at the camp headquarters would misplace it. Camp: ПЕЧОРСКИЙ ИТЛ (r3-275, 1950-1959) (Memorial, Sistema ITL v SSSR 1923-1960). Book pages: vol. 2 p. 221. Account: a zek. What would place it: the camp section (lagpunkt) where it happened, from Memorial or regional histories.","the book names only the camp complex (Pechorlag (the railroad camp)), which spread over a large area; pinning it at the camp headquarters would misplace it. Camp: ПЕЧОРСКИЙ ИТЛ (r3-275, 1950-1959) (Memorial, Sistema ITL v SSSR 1923-1960). Book pages: vol. 2 p. 221. Account: a zek.","the camp section (lagpunkt) where it happened, from Memorial or regional histories."
"EV0912","Shooting of penalty prisoners at Pechora State Farm","Soviet Gulag","1941","1941","penalty camp for prisoners Under convoy at the Pechora State Farm (ПЕЧОРСКИЙ ИТЛ)","Russia","","","unmapped","Gulag camp administration (no individual named in the book)","prisoners in the penalty block","state terror","","","2","Aleksandr I. Solzhenitsyn, The Gulag Archipelago 1918-1956, vol. 2, trans. Thomas P. Whitney (Harper & Row, 1975), p. 420","confirmed","REGISTER. Why not mapped: the book names only the camp complex (penalty camp for prisoners Under convoy at the Pechora State Farm), which spread over a large area; pinning it at the camp headquarters would misplace it. Camp: ПЕЧОРСКИЙ ИТЛ (r3-275, 1950-1959) (Memorial, Sistema ITL v SSSR 1923-1960). Book pages: vol. 2 p. 420. Account: . What would place it: the camp section (lagpunkt) where it happened, from Memorial or regional histories.","the book names only the camp complex (penalty camp for prisoners Under convoy at the Pechora State Farm), which spread over a large area; pinning it at the camp headquarters would misplace it. Camp: ПЕЧОРСКИЙ ИТЛ (r3-275, 1950-1959) (Memorial, Sistema ITL v SSSR 1923-1960). Book pages: vol. 2 p. 420. Account: .","the camp section (lagpunkt) where it happened, from Memorial or regional histories."
"EV0913","Freezing of prisoners at Pechora reception","Soviet Gulag","1945","1945","Pechora (ПЕЧОРСКИЙ ИТЛ)","Russia","","","unmapped","Gulag camp administration (no individual named in the book)","prisoner transport from Moldavia","slavery and forced labour","","","2","Aleksandr I. Solzhenitsyn, The Gulag Archipelago 1918-1956, vol. 1, trans. Thomas P. Whitney (Harper & Row, 1974), p. 576","confirmed","REGISTER. Why not mapped: the book names only the camp complex (Pechora), which spread over a large area; pinning it at the camp headquarters would misplace it. Camp: ПЕЧОРСКИЙ ИТЛ (r3-275, 1950-1959) (Memorial, Sistema ITL v SSSR 1923-1960). Book pages: vol. 1 p. 576. Account: . What would place it: the camp section (lagpunkt) where it happened, from Memorial or regional histories.","the book names only the camp complex (Pechora), which spread over a large area; pinning it at the camp headquarters would misplace it. Camp: ПЕЧОРСКИЙ ИТЛ (r3-275, 1950-1959) (Memorial, Sistema ITL v SSSR 1923-1960). Book pages: vol. 1 p. 576. Account: .","the camp section (lagpunkt) where it happened, from Memorial or regional histories."
"EV0914","Denial of rest days at Ukhta State Farm","Soviet Gulag","","","Ukhta State Farm (УХТИНСКО-ПЕЧОРСКИЙ ИТЛ, УХТО-ИЖЕМСКИЙ ИТЛ)","Russia","","","unmapped","Gulag camp administration (no individual named in the book)","prisoners","slavery and forced labour","","","2","Aleksandr I. Solzhenitsyn, The Gulag Archipelago 1918-1956, vol. 2, trans. Thomas P. Whitney (Harper & Row, 1975), p. 207","confirmed","REGISTER. Why not mapped: the book names only the camp complex (Ukhta State Farm), which spread over a large area; pinning it at the camp headquarters would misplace it. Camp: УХТИНСКО-ПЕЧОРСКИЙ ИТЛ (r3-442, 1931-1938); УХТО-ИЖЕМСКИЙ ИТЛ (r3-443, 1938-1955) (Memorial, Sistema ITL v SSSR 1923-1960). Book pages: vol. 2 p. 207. Account: author. What would place it: the camp section (lagpunkt) where it happened, from Memorial or regional histories.","the book names only the camp complex (Ukhta State Farm), which spread over a large area; pinning it at the camp headquarters would misplace it. Camp: УХТИНСКО-ПЕЧОРСКИЙ ИТЛ (r3-442, 1931-1938); УХТО-ИЖЕМСКИЙ ИТЛ (r3-443, 1938-1955) (Memorial, Sistema ITL v SSSR 1923-1960). Book pages: vol. 2 p. 207. Account: author.","the camp section (lagpunkt) where it happened, from Memorial or regional histories."
"EV0915","Deaths of SODS family members near Ukhta","Soviet Gulag","","","near Ukhta (УХТИНСКО-ПЕЧОРСКИЙ ИТЛ, УХТО-ИЖЕМСКИЙ ИТЛ)","Russia","","","unmapped","Gulag camp administration (no individual named in the book)","spinster sisters (relatives of SODS)","slavery and forced labour","","","2","Aleksandr I. Solzhenitsyn, The Gulag Archipelago 1918-1956, vol. 3, trans. Thomas P. Whitney (Harper & Row, 1978), p. 372","confirmed","REGISTER. Why not mapped: the book names only the camp complex (near Ukhta), which spread over a large area; pinning it at the camp headquarters would misplace it. Camp: УХТИНСКО-ПЕЧОРСКИЙ ИТЛ (r3-442, 1931-1938); УХТО-ИЖЕМСКИЙ ИТЛ (r3-443, 1938-1955) (Memorial, Sistema ITL v SSSR 1923-1960). Book pages: vol. 3 p. 372. Account: author. What would place it: the camp section (lagpunkt) where it happened, from Memorial or regional histories.","the book names only the camp complex (near Ukhta), which spread over a large area; pinning it at the camp headquarters would misplace it. Camp: УХТИНСКО-ПЕЧОРСКИЙ ИТЛ (r3-442, 1931-1938); УХТО-ИЖЕМСКИЙ ИТЛ (r3-443, 1938-1955) (Memorial, Sistema ITL v SSSR 1923-1960). Book pages: vol. 3 p. 372. Account: author.","the camp section (lagpunkt) where it happened, from Memorial or regional histories."
"EV0916","Fabrication of 'rebel group' plot and subsequent punishment at Ust-Vym","Soviet Gulag","","","Ust-Vym (УСТЬ-ВЫМСКИЙ ИТЛ ОГПУ)","Russia","","","unmapped","Security Section / Third Section","Eighteen prisoners accused of forming a rebel group","state terror","","","2","Aleksandr I. Solzhenitsyn, The Gulag Archipelago 1918-1956, vol. 2, trans. Thomas P. Whitney (Harper & Row, 1975), p. 379","confirmed","REGISTER. Why not mapped: the book names only the camp complex (Ust-Vym), which spread over a large area; pinning it at the camp headquarters would misplace it. Camp: УСТЬ-ВЫМСКИЙ ИТЛ ОГПУ (r3-437, 1931-1932) (Memorial, Sistema ITL v SSSR 1923-1960). Book pages: vol. 2 p. 379. Account: Aleksandr Solzhenitsyn. What would place it: the camp section (lagpunkt) where it happened, from Memorial or regional histories.","the book names only the camp complex (Ust-Vym), which spread over a large area; pinning it at the camp headquarters would misplace it. Camp: УСТЬ-ВЫМСКИЙ ИТЛ ОГПУ (r3-437, 1931-1932) (Memorial, Sistema ITL v SSSR 1923-1960). Book pages: vol. 2 p. 379. Account: Aleksandr Solzhenitsyn.","the camp section (lagpunkt) where it happened, from Memorial or regional histories."
"EV0917","Shooting of prisoners by VOKhR Commander Nevsky at Ust-Vym Camp No. 3","Soviet Gulag","","","Camp No.3 at Ust-Vym (УСТЬ-ВЫМСКИЙ ИТЛ ОГПУ)","Russia","","","unmapped","Nevsky (Commander of VOKhR)","Five prisoners (one killed, four punished)","state terror","","","2","Aleksandr I. Solzhenitsyn, The Gulag Archipelago 1918-1956, vol. 2, trans. Thomas P. Whitney (Harper & Row, 1975), p. 559","confirmed","REGISTER. Why not mapped: the book names only the camp complex (Camp No.3 at Ust-Vym), which spread over a large area; pinning it at the camp headquarters would misplace it. Camp: УСТЬ-ВЫМСКИЙ ИТЛ ОГПУ (r3-437, 1931-1932) (Memorial, Sistema ITL v SSSR 1923-1960). Merged with: nyroblag: Shooting of prisoners by Nevsky. Book pages: vol. 2 p. 559. Account: Aleksandr Solzhenitsyn. What would place it: the camp section (lagpunkt) where it happened, from Memorial or regional histories.","the book names only the camp complex (Camp No.3 at Ust-Vym), which spread over a large area; pinning it at the camp headquarters would misplace it. Camp: УСТЬ-ВЫМСКИЙ ИТЛ ОГПУ (r3-437, 1931-1932) (Memorial, Sistema ITL v SSSR 1923-1960). Merged with: nyroblag: Shooting of prisoners by Nevsky. Book pages: vol. 2 p. 559. Account: Aleksandr Solzhenitsyn.","the camp section (lagpunkt) where it happened, from Memorial or regional histories."
"EV0918","Deaths of prisoners in forest fire at camps west of Urals (contextual to Ust-Vym region)","Soviet Gulag","1938","1938","two camps [west of the Urals] (УСТЬ-ВЫМСКИЙ ИТЛ ОГПУ)","Russia","","","unmapped","The guard","Prisoners in two camps","slavery and forced labour","","","2","Aleksandr I. Solzhenitsyn, The Gulag Archipelago 1918-1956, vol. 2, trans. Thomas P. Whitney (Harper & Row, 1975), p. 559","confirmed","REGISTER. Why not mapped: the book names only the camp complex (two camps [west of the Urals]), which spread over a large area; pinning it at the camp headquarters would misplace it. Camp: УСТЬ-ВЫМСКИЙ ИТЛ ОГПУ (r3-437, 1931-1932) (Memorial, Sistema ITL v SSSR 1923-1960). Merged with: nyroblag: Deaths of prisoners in forest fire. Book pages: vol. 2 p. 559. Account: Aleksandr Solzhenitsyn. What would place it: the camp section (lagpunkt) where it happened, from Memorial or regional histories.","the book names only the camp complex (two camps [west of the Urals]), which spread over a large area; pinning it at the camp headquarters would misplace it. Camp: УСТЬ-ВЫМСКИЙ ИТЛ ОГПУ (r3-437, 1931-1932) (Memorial, Sistema ITL v SSSR 1923-1960). Merged with: nyroblag: Deaths of prisoners in forest fire. Book pages: vol. 2 p. 559. Account: Aleksandr Solzhenitsyn.","the camp section (lagpunkt) where it happened, from Memorial or regional histories."
"EV0920","Deaths of prisoners arriving at Unzhlag station from transport trains","Soviet Gulag","1944","1946","Sukhobezvodnaya (Unzblag) Station (УНЖЕНСКИЙ ИТЛ)","Russia","","","unmapped","Gulag camp administration (no individual named in the book)","prisoners from liberated territories (the Baltic states, Poland, Germany)","slavery and forced labour","","","2","Aleksandr I. Solzhenitsyn, The Gulag Archipelago 1918-1956, vol. 1, trans. Thomas P. Whitney (Harper & Row, 1974), p. 573","confirmed","REGISTER. Why not mapped: the book names only the camp complex (Sukhobezvodnaya (Unzblag) Station), which spread over a large area; pinning it at the camp headquarters would misplace it. Camp: УНЖЕНСКИЙ ИТЛ (r3-431, 1938-) (Memorial, Sistema ITL v SSSR 1923-1960). Book pages: vol. 1 p. 573. Account: the author himself. What would place it: the camp section (lagpunkt) where it happened, from Memorial or regional histories.","the book names only the camp complex (Sukhobezvodnaya (Unzblag) Station), which spread over a large area; pinning it at the camp headquarters would misplace it. Camp: УНЖЕНСКИЙ ИТЛ (r3-431, 1938-) (Memorial, Sistema ITL v SSSR 1923-1960). Book pages: vol. 1 p. 573. Account: the author himself.","the camp section (lagpunkt) where it happened, from Memorial or regional histories."
"EV0921","Punishment of Auntie Polya for sexual liaison","Soviet Gulag","","","Unzhlag (УНЖЕНСКИЙ ИТЛ)","Russia","","","unmapped","supervisors","Auntie Polya (hospital laundress)","state terror","","","2","Aleksandr I. Solzhenitsyn, The Gulag Archipelago 1918-1956, vol. 2, trans. Thomas P. Whitney (Harper & Row, 1975), p. 240","confirmed","REGISTER. Why not mapped: the book names only the camp complex (Unzhlag), which spread over a large area; pinning it at the camp headquarters would misplace it. Camp: УНЖЕНСКИЙ ИТЛ (r3-431, 1938-) (Memorial, Sistema ITL v SSSR 1923-1960). Book pages: vol. 2 p. 240. Account: the author himself. What would place it: the camp section (lagpunkt) where it happened, from Memorial or regional histories.","the book names only the camp complex (Unzhlag), which spread over a large area; pinning it at the camp headquarters would misplace it. Camp: УНЖЕНСКИЙ ИТЛ (r3-431, 1938-) (Memorial, Sistema ITL v SSSR 1923-1960). Book pages: vol. 2 p. 240. Account: the author himself.","the camp section (lagpunkt) where it happened, from Memorial or regional histories."
"EV0922","Forced labor of women in Unzhlag","Soviet Gulag","","","Unzhlag (УНЖЕНСКИЙ ИТЛ)","Russia","","","unmapped","Gulag camp administration (no individual named in the book)","women prisoners","slavery and forced labour","","","2","Aleksandr I. Solzhenitsyn, The Gulag Archipelago 1918-1956, vol. 2, trans. Thomas P. Whitney (Harper & Row, 1975), p. 249","confirmed","REGISTER. Why not mapped: the book names only the camp complex (Unzhlag), which spread over a large area; pinning it at the camp headquarters would misplace it. Camp: УНЖЕНСКИЙ ИТЛ (r3-431, 1938-) (Memorial, Sistema ITL v SSSR 1923-1960). Book pages: vol. 2 p. 249. Account: the author himself. What would place it: the camp section (lagpunkt) where it happened, from Memorial or regional histories.","the book names only the camp complex (Unzhlag), which spread over a large area; pinning it at the camp headquarters would misplace it. Camp: УНЖЕНСКИЙ ИТЛ (r3-431, 1938-) (Memorial, Sistema ITL v SSSR 1923-1960). Book pages: vol. 2 p. 249. Account: the author himself.","the camp section (lagpunkt) where it happened, from Memorial or regional histories."
"EV0923","Cruelty of Tatyana Merkulova at Unzhlag Camp No. 13","Soviet Gulag","","","women's logging Gamp No. 13 of Unzhlag (УНЖЕНСКИЙ ИТЛ)","Russia","","","unmapped","Tatyana Merkulova","female prisoners","state terror","","","2","Aleksandr I. Solzhenitsyn, The Gulag Archipelago 1918-1956, vol. 2, trans. Thomas P. Whitney (Harper & Row, 1975), p. 546","confirmed","REGISTER. Why not mapped: the book names only the camp complex (women's logging Gamp No. 13 of Unzhlag), which spread over a large area; pinning it at the camp headquarters would misplace it. Camp: УНЖЕНСКИЙ ИТЛ (r3-431, 1938-) (Memorial, Sistema ITL v SSSR 1923-1960). Book pages: vol. 2 p. 546. Account: the author himself. What would place it: the camp section (lagpunkt) where it happened, from Memorial or regional histories.","the book names only the camp complex (women's logging Gamp No. 13 of Unzhlag), which spread over a large area; pinning it at the camp headquarters would misplace it. Camp: УНЖЕНСКИЙ ИТЛ (r3-431, 1938-) (Memorial, Sistema ITL v SSSR 1923-1960). Book pages: vol. 2 p. 546. Account: the author himself.","the camp section (lagpunkt) where it happened, from Memorial or regional histories."
"EV0924","Deaths from cold and starvation at Vyatlag during winter 1941-1942","Soviet Gulag","1941","1942","Vyatlag (ВЯТСКИЙ ИТЛ)","Russia","","","unmapped","Gulag camp administration (no individual named in the book)","prisoners (zeks) in barracks other than those of the Engineering and Technical Personnel and repair shops","slavery and forced labour","","","2","Aleksandr I. Solzhenitsyn, The Gulag Archipelago 1918-1956, vol. 2, trans. Thomas P. Whitney (Harper & Row, 1975), p. 133","confirmed","REGISTER. Why not mapped: the book names only the camp complex (Vyatlag), which spread over a large area; pinning it at the camp headquarters would misplace it. Camp: ВЯТСКИЙ ИТЛ (r3-74, 1938-) (Memorial, Sistema ITL v SSSR 1923-1960). Book pages: vol. 2 p. 133. Account: the author himself. What would place it: the camp section (lagpunkt) where it happened, from Memorial or regional histories.","the book names only the camp complex (Vyatlag), which spread over a large area; pinning it at the camp headquarters would misplace it. Camp: ВЯТСКИЙ ИТЛ (r3-74, 1938-) (Memorial, Sistema ITL v SSSR 1923-1960). Book pages: vol. 2 p. 133. Account: the author himself.","the camp section (lagpunkt) where it happened, from Memorial or regional histories."
"EV0925","Torture of escapees at Ivdellag","Soviet Gulag","","","Ivdellag (ИВДЕЛЬСКИЙ ИТЛ)","Russia","","","unmapped","Gulag camp administration (no individual named in the book)","Escapees (fugitives)","state terror","","","2","Aleksandr I. Solzhenitsyn, The Gulag Archipelago 1918-1956, vol. 2, trans. Thomas P. Whitney (Harper & Row, 1975), p. 397","confirmed","REGISTER. Why not mapped: the book names only the camp complex (Ivdellag), which spread over a large area; pinning it at the camp headquarters would misplace it. Camp: ИВДЕЛЬСКИЙ ИТЛ (r3-106, 1937-) (Memorial, Sistema ITL v SSSR 1923-1960). Book pages: vol. 2 p. 397. Account: G. Sorokin. What would place it: the camp section (lagpunkt) where it happened, from Memorial or regional histories.","the book names only the camp complex (Ivdellag), which spread over a large area; pinning it at the camp headquarters would misplace it. Camp: ИВДЕЛЬСКИЙ ИТЛ (r3-106, 1937-) (Memorial, Sistema ITL v SSSR 1923-1960). Book pages: vol. 2 p. 397. Account: G. Sorokin.","the camp section (lagpunkt) where it happened, from Memorial or regional histories."
"EV0926","Beating of prisoner Baranov after escape attempt","Soviet Gulag","1944","1944","Nyroblag (НЫРОБСКИЙ ИТЛ)","Russia","","","unmapped","the convoy","Baranov (a prisoner who escaped)","state terror","","","2","Aleksandr I. Solzhenitsyn, The Gulag Archipelago 1918-1956, vol. 2, trans. Thomas P. Whitney (Harper & Row, 1975), p. 397","confirmed","REGISTER. Why not mapped: the book names only the camp complex (Nyroblag), which spread over a large area; pinning it at the camp headquarters would misplace it. Camp: НЫРОБСКИЙ ИТЛ (r3-258, 1945-) (Memorial, Sistema ITL v SSSR 1923-1960). Book pages: vol. 2 p. 397. Account: G. Sorokin (implied context of Nyroblag example). What would place it: the camp section (lagpunkt) where it happened, from Memorial or regional histories.","the book names only the camp complex (Nyroblag), which spread over a large area; pinning it at the camp headquarters would misplace it. Camp: НЫРОБСКИЙ ИТЛ (r3-258, 1945-) (Memorial, Sistema ITL v SSSR 1923-1960). Book pages: vol. 2 p. 397. Account: G. Sorokin (implied context of Nyroblag example).","the camp section (lagpunkt) where it happened, from Memorial or regional histories."
"EV0928","Violence by Lieutenant Samutin","Soviet Gulag","","","Nyroblag (НЫРОБСКИЙ ИТЛ)","Russia","","","unmapped","Lieutenant Samutin","people","state terror","","","2","Aleksandr I. Solzhenitsyn, The Gulag Archipelago 1918-1956, vol. 3, trans. Thomas P. Whitney (Harper & Row, 1978), p. 221","confirmed","REGISTER. Why not mapped: the book names only the camp complex (Nyroblag), which spread over a large area; pinning it at the camp headquarters would misplace it. Camp: НЫРОБСКИЙ ИТЛ (r3-258, 1945-) (Memorial, Sistema ITL v SSSR 1923-1960). Book pages: vol. 3 p. 221. Account: a former convoy guard. What would place it: the camp section (lagpunkt) where it happened, from Memorial or regional histories.","the book names only the camp complex (Nyroblag), which spread over a large area; pinning it at the camp headquarters would misplace it. Camp: НЫРОБСКИЙ ИТЛ (r3-258, 1945-) (Memorial, Sistema ITL v SSSR 1923-1960). Book pages: vol. 3 p. 221. Account: a former convoy guard.","the camp section (lagpunkt) where it happened, from Memorial or regional histories."
"EV0930","Confrontation by camp bosses over petitions to the UN","Soviet Gulag","","","Dubrovlag (ДУБРАВНЫЙ ЛАГЕРЬ)","Russia","","","unmapped","a clique of the infuriated bosses","A. Skripnikova","state terror","","","2","Aleksandr I. Solzhenitsyn, The Gulag Archipelago 1918-1956, vol. 2, trans. Thomas P. Whitney (Harper & Row, 1975), p. 662","confirmed","REGISTER. Why not mapped: the book names only the camp complex (Dubrovlag), which spread over a large area; pinning it at the camp headquarters would misplace it. Camp: ДУБРАВНЫЙ ЛАГЕРЬ (r3-94, 1948-) (Memorial, Sistema ITL v SSSR 1923-1960). Book pages: vol. 2 p. 662. Account: Aleksandr Solzhenitsyn. What would place it: the camp section (lagpunkt) where it happened, from Memorial or regional histories.","the book names only the camp complex (Dubrovlag), which spread over a large area; pinning it at the camp headquarters would misplace it. Camp: ДУБРАВНЫЙ ЛАГЕРЬ (r3-94, 1948-) (Memorial, Sistema ITL v SSSR 1923-1960). Book pages: vol. 2 p. 662. Account: Aleksandr Solzhenitsyn.","the camp section (lagpunkt) where it happened, from Memorial or regional histories."
"EV0931","Rounding up and transfer of unrepentant women prisoners","Soviet Gulag","1956","1956","Dubrovlag (ДУБРАВНЫЙ ЛАГЕРЬ)","Russia","","","unmapped","Gulag camp administration (no individual named in the book)","Unrepentant women prisoners","state terror","","","2","Aleksandr I. Solzhenitsyn, The Gulag Archipelago 1918-1956, vol. 3, trans. Thomas P. Whitney (Harper & Row, 1978), p. 490","confirmed","REGISTER. Why not mapped: the book names only the camp complex (Dubrovlag), which spread over a large area; pinning it at the camp headquarters would misplace it. Camp: ДУБРАВНЫЙ ЛАГЕРЬ (r3-94, 1948-) (Memorial, Sistema ITL v SSSR 1923-1960). Merged with: kemerlag: Transfer of unrepentant women from Dubrovlag to Kemerovo camps. Book pages: vol. 3 p. 490. Account: A. Skripnikova (quoted by Aleksandr Solzhenitsyn). What would place it: the camp section (lagpunkt) where it happened, from Memorial or regional histories.","the book names only the camp complex (Dubrovlag), which spread over a large area; pinning it at the camp headquarters would misplace it. Camp: ДУБРАВНЫЙ ЛАГЕРЬ (r3-94, 1948-) (Memorial, Sistema ITL v SSSR 1923-1960). Merged with: kemerlag: Transfer of unrepentant women from Dubrovlag to Kemerovo camps. Book pages: vol. 3 p. 490. Account: A. Skripnikova (quoted by Aleksandr Solzhenitsyn).","the camp section (lagpunkt) where it happened, from Memorial or regional histories."
"EV0932","Destruction of prisoner kitchen gardens","Soviet Gulag","","","Dubrovlag (around the engineering workshops) (ДУБРАВНЫЙ ЛАГЕРЬ)","Russia","","","unmapped","The Minister","Machine operators / prisoners","state terror","","","2","Aleksandr I. Solzhenitsyn, The Gulag Archipelago 1918-1956, vol. 3, trans. Thomas P. Whitney (Harper & Row, 1978), p. 502","confirmed","REGISTER. Why not mapped: the book names only the camp complex (Dubrovlag (around the engineering workshops)), which spread over a large area; pinning it at the camp headquarters would misplace it. Camp: ДУБРАВНЫЙ ЛАГЕРЬ (r3-94, 1948-) (Memorial, Sistema ITL v SSSR 1923-1960). Book pages: vol. 3 p. 502. Account: Aleksandr Solzhenitsyn. What would place it: the camp section (lagpunkt) where it happened, from Memorial or regional histories.","the book names only the camp complex (Dubrovlag (around the engineering workshops)), which spread over a large area; pinning it at the camp headquarters would misplace it. Camp: ДУБРАВНЫЙ ЛАГЕРЬ (r3-94, 1948-) (Memorial, Sistema ITL v SSSR 1923-1960). Book pages: vol. 3 p. 502. Account: Aleksandr Solzhenitsyn.","the camp section (lagpunkt) where it happened, from Memorial or regional histories."
"EV0933","Stripping and exposure of religious prisoners to cold at Kamyshlag","Soviet Gulag","","","Women's Camp Division near the Suslovo station (Kamyshlag) (КАМЫШОВЫЙ ЛАГЕРЬ)","Russia","","","unmapped","camp authorities (Chief of Administration General Grigoryev, head of Separate Camp Site Major Bogush)","devout women members of certain religious sects","state terror","","","2","Aleksandr I. Solzhenitsyn, The Gulag Archipelago 1918-1956, vol. 3, trans. Thomas P. Whitney (Harper & Row, 1978), p. 67","confirmed","REGISTER. Why not mapped: the book names only the camp complex (Women's Camp Division near the Suslovo station (Kamyshlag)), which spread over a large area; pinning it at the camp headquarters would misplace it. Camp: КАМЫШОВЫЙ ЛАГЕРЬ (r3-187, 1951-1954) (Memorial, Sistema ITL v SSSR 1923-1960). Book pages: vol. 3 p. 67. Account: the author himself. What would place it: the camp section (lagpunkt) where it happened, from Memorial or regional histories.","the book names only the camp complex (Women's Camp Division near the Suslovo station (Kamyshlag)), which spread over a large area; pinning it at the camp headquarters would misplace it. Camp: КАМЫШОВЫЙ ЛАГЕРЬ (r3-187, 1951-1954) (Memorial, Sistema ITL v SSSR 1923-1960). Book pages: vol. 3 p. 67. Account: the author himself.","the camp section (lagpunkt) where it happened, from Memorial or regional histories."
"EV0934","Torture and killings by Svetiichny in Norilsk","Soviet Gulag","","","Norilsk (НОРИЛЬСКИЙ ИТЛ)","Russia","","","unmapped","Svetiichny","many zek lives","state terror","","","2","Aleksandr I. Solzhenitsyn, The Gulag Archipelago 1918-1956, vol. 2, trans. Thomas P. Whitney (Harper & Row, 1975), p. 549","confirmed","REGISTER. Why not mapped: the book names only the camp complex (Norilsk), which spread over a large area; pinning it at the camp headquarters would misplace it. Camp: НОРИЛЬСКИЙ ИТЛ (r3-257, 1935-1956) (Memorial, Sistema ITL v SSSR 1923-1960). Book pages: vol. 2 p. 549. Account: the author. What would place it: the camp section (lagpunkt) where it happened, from Memorial or regional histories.","the book names only the camp complex (Norilsk), which spread over a large area; pinning it at the camp headquarters would misplace it. Camp: НОРИЛЬСКИЙ ИТЛ (r3-257, 1935-1956) (Memorial, Sistema ITL v SSSR 1923-1960). Book pages: vol. 2 p. 549. Account: the author.","the camp section (lagpunkt) where it happened, from Memorial or regional histories."
"EV0935","Deaths from conditions and executions at Norilsk katorga camps","Soviet Gulag","","","Norilsk (НОРИЛЬСКИЙ ИТЛ)","Russia","","","unmapped","Gulag camp administration (no individual named in the book)","katorzhane (prisoners sentenced to katorga)","slavery and forced labour","","","2","Aleksandr I. Solzhenitsyn, The Gulag Archipelago 1918-1956, vol. 3, trans. Thomas P. Whitney (Harper & Row, 1978), p. 8","confirmed","REGISTER. Why not mapped: the book names only the camp complex (Norilsk), which spread over a large area; pinning it at the camp headquarters would misplace it. Camp: НОРИЛЬСКИЙ ИТЛ (r3-257, 1935-1956) (Memorial, Sistema ITL v SSSR 1923-1960). Book pages: vol. 3 p. 8. Account: the author. What would place it: the camp section (lagpunkt) where it happened, from Memorial or regional histories.","the book names only the camp complex (Norilsk), which spread over a large area; pinning it at the camp headquarters would misplace it. Camp: НОРИЛЬСКИЙ ИТЛ (r3-257, 1935-1956) (Memorial, Sistema ITL v SSSR 1923-1960). Book pages: vol. 3 p. 8. Account: the author.","the camp section (lagpunkt) where it happened, from Memorial or regional histories."
"EV0936","Suppression of the Norilsk rising (Gorlag rebellion)","Soviet Gulag","1953","1953","Gorlag (Norilsk) (НОРИЛЬСКИЙ ИТЛ)","Russia","","","unmapped","punitive forces (mobiles, MVD authority)","prisoners in Camp Division No. 2 and others","state terror","","","2","Aleksandr I. Solzhenitsyn, The Gulag Archipelago 1918-1956, vol. 3, trans. Thomas P. Whitney (Harper & Row, 1978), p. 295","confirmed","REGISTER. Why not mapped: the book names only the camp complex (Gorlag (Norilsk)), which spread over a large area; pinning it at the camp headquarters would misplace it. Camp: НОРИЛЬСКИЙ ИТЛ (r3-257, 1935-1956) (Memorial, Sistema ITL v SSSR 1923-1960). Book pages: vol. 3 p. 280, vol. 3 p. 295. Account: the author. What would place it: the camp section (lagpunkt) where it happened, from Memorial or regional histories.","the book names only the camp complex (Gorlag (Norilsk)), which spread over a large area; pinning it at the camp headquarters would misplace it. Camp: НОРИЛЬСКИЙ ИТЛ (r3-257, 1935-1956) (Memorial, Sistema ITL v SSSR 1923-1960). Book pages: vol. 3 p. 280, vol. 3 p. 295. Account: the author.","the camp section (lagpunkt) where it happened, from Memorial or regional histories."
"EV0937","Bayoneting of escaped prisoner at Kraslag","Soviet Gulag","","","Kraslag (КРАСНОЯРСКИЙ ИТЛ)","Russia","","","unmapped","convoy guards / authorities","a former soldier, a hero of Khalkhin-Gol","state terror","","","2","Aleksandr I. Solzhenitsyn, The Gulag Archipelago 1918-1956, vol. 2, trans. Thomas P. Whitney (Harper & Row, 1975), p. 399","confirmed","REGISTER. Why not mapped: the book names only the camp complex (Kraslag), which spread over a large area; pinning it at the camp headquarters would misplace it. Camp: КРАСНОЯРСКИЙ ИТЛ (r3-211, 1938-) (Memorial, Sistema ITL v SSSR 1923-1960). Book pages: vol. 2 p. 399. Account: the author himself. What would place it: the camp section (lagpunkt) where it happened, from Memorial or regional histories.","the book names only the camp complex (Kraslag), which spread over a large area; pinning it at the camp headquarters would misplace it. Camp: КРАСНОЯРСКИЙ ИТЛ (r3-211, 1938-) (Memorial, Sistema ITL v SSSR 1923-1960). Book pages: vol. 2 p. 399. Account: the author himself.","the camp section (lagpunkt) where it happened, from Memorial or regional histories."
"EV0938","Death of prisoners during armed escape attempt at Kraslag","Soviet Gulag","1951","1951","Kraslag (КРАСНОЯРСКИЙ ИТЛ)","Russia","","","unmapped","authorities / camp guards","some ten long-termers","state terror","","","2","Aleksandr I. Solzhenitsyn, The Gulag Archipelago 1918-1956, vol. 2, trans. Thomas P. Whitney (Harper & Row, 1975), p. 399","confirmed","REGISTER. Why not mapped: the book names only the camp complex (Kraslag), which spread over a large area; pinning it at the camp headquarters would misplace it. Camp: КРАСНОЯРСКИЙ ИТЛ (r3-211, 1938-) (Memorial, Sistema ITL v SSSR 1923-1960). Book pages: vol. 2 p. 399. Account: the author himself. What would place it: the camp section (lagpunkt) where it happened, from Memorial or regional histories.","the book names only the camp complex (Kraslag), which spread over a large area; pinning it at the camp headquarters would misplace it. Camp: КРАСНОЯРСКИЙ ИТЛ (r3-211, 1938-) (Memorial, Sistema ITL v SSSR 1923-1960). Book pages: vol. 2 p. 399. Account: the author himself.","the camp section (lagpunkt) where it happened, from Memorial or regional histories."
"EV0939","Drowning of Lithuanians by thieves at Kraslag","Soviet Gulag","1941","1941","Kraslag (КРАСНОЯРСКИЙ ИТЛ)","Russia","","","unmapped","thieves","Lithuanians","state terror","","","2","Aleksandr I. Solzhenitsyn, The Gulag Archipelago 1918-1956, vol. 2, trans. Thomas P. Whitney (Harper & Row, 1975), p. 438","confirmed","REGISTER. Why not mapped: the book names only the camp complex (Kraslag), which spread over a large area; pinning it at the camp headquarters would misplace it. Camp: КРАСНОЯРСКИЙ ИТЛ (r3-211, 1938-) (Memorial, Sistema ITL v SSSR 1923-1960). Book pages: vol. 2 p. 438. Account: the author himself. What would place it: the camp section (lagpunkt) where it happened, from Memorial or regional histories.","the book names only the camp complex (Kraslag), which spread over a large area; pinning it at the camp headquarters would misplace it. Camp: КРАСНОЯРСКИЙ ИТЛ (r3-211, 1938-) (Memorial, Sistema ITL v SSSR 1923-1960). Book pages: vol. 2 p. 438. Account: the author himself.","the camp section (lagpunkt) where it happened, from Memorial or regional histories."
"EV0940","Plundering of Lithuanians by front-line soldiers at Kraslag","Soviet Gulag","1942","1942","Kraslag (КРАСНОЯРСКИЙ ИТЛ)","Russia","","","unmapped","newly arrived front-line soldiers","Lithuanians","state terror","","","2","Aleksandr I. Solzhenitsyn, The Gulag Archipelago 1918-1956, vol. 2, trans. Thomas P. Whitney (Harper & Row, 1975), p. 621","confirmed","REGISTER. Why not mapped: the book names only the camp complex (Kraslag), which spread over a large area; pinning it at the camp headquarters would misplace it. Camp: КРАСНОЯРСКИЙ ИТЛ (r3-211, 1938-) (Memorial, Sistema ITL v SSSR 1923-1960). Book pages: vol. 2 p. 621. Account: the author himself. What would place it: the camp section (lagpunkt) where it happened, from Memorial or regional histories.","the book names only the camp complex (Kraslag), which spread over a large area; pinning it at the camp headquarters would misplace it. Camp: КРАСНОЯРСКИЙ ИТЛ (r3-211, 1938-) (Memorial, Sistema ITL v SSSR 1923-1960). Book pages: vol. 2 p. 621. Account: the author himself.","the camp section (lagpunkt) where it happened, from Memorial or regional histories."
"EV0941","Medical Section refusal to certify beating at Dzhida Camp No. 1","Soviet Gulag","","","Camp No.1 of the Dzhida group of camps (ДЖИДИНСКИЙ ИТЛ)","Russia","","","unmapped","the Medical Section","a lastlegger (Babich)","state terror","","","2","Aleksandr I. Solzhenitsyn, The Gulag Archipelago 1918-1956, vol. 2, trans. Thomas P. Whitney (Harper & Row, 1975), p. 215","confirmed","REGISTER. Why not mapped: the book names only the camp complex (Camp No.1 of the Dzhida group of camps), which spread over a large area; pinning it at the camp headquarters would misplace it. Camp: ДЖИДИНСКИЙ ИТЛ (r3-88, 1941-1949) (Memorial, Sistema ITL v SSSR 1923-1960). Book pages: vol. 2 p. 215. Account: the author himself. What would place it: the camp section (lagpunkt) where it happened, from Memorial or regional histories.","the book names only the camp complex (Camp No.1 of the Dzhida group of camps), which spread over a large area; pinning it at the camp headquarters would misplace it. Camp: ДЖИДИНСКИЙ ИТЛ (r3-88, 1941-1949) (Memorial, Sistema ITL v SSSR 1923-1960). Book pages: vol. 2 p. 215. Account: the author himself.","the camp section (lagpunkt) where it happened, from Memorial or regional histories."
"EV0942","Death of Babich in Dzhida camp","Soviet Gulag","","","Dzhida camps (ДЖИДИНСКИЙ ИТЛ)","Russia","","","unmapped","Gulag camp administration (no individual named in the book)","Babich","slavery and forced labour","","","2","Aleksandr I. Solzhenitsyn, The Gulag Archipelago 1918-1956, vol. 2, trans. Thomas P. Whitney (Harper & Row, 1975), p. 380","confirmed","REGISTER. Why not mapped: the book names only the camp complex (Dzhida camps), which spread over a large area; pinning it at the camp headquarters would misplace it. Camp: ДЖИДИНСКИЙ ИТЛ (r3-88, 1941-1949) (Memorial, Sistema ITL v SSSR 1923-1960). Book pages: vol. 2 p. 379, vol. 2 p. 380. Account: the author himself. What would place it: the camp section (lagpunkt) where it happened, from Memorial or regional histories.","the book names only the camp complex (Dzhida camps), which spread over a large area; pinning it at the camp headquarters would misplace it. Camp: ДЖИДИНСКИЙ ИТЛ (r3-88, 1941-1949) (Memorial, Sistema ITL v SSSR 1923-1960). Book pages: vol. 2 p. 379, vol. 2 p. 380. Account: the author himself.","the camp section (lagpunkt) where it happened, from Memorial or regional histories."
"EV0943","Shooting of prisoner brigades by Yuglag chief Aglanov","Soviet Gulag","","","Yuglag (СЕВЕРО-ВОСТОЧНЫЙ ИТЛ, БЕРЕГОВОЙ ЛАГЕРЬ)","Russia","","","unmapped","Nikolai Andreyevich Aglanov (Chief of Yuglag)","Brigades picked out at line-up for being 'at fault'","state terror","","","2","Aleksandr I. Solzhenitsyn, The Gulag Archipelago 1918-1956, vol. 2, trans. Thomas P. Whitney (Harper & Row, 1975), p. 129","confirmed","REGISTER. Why not mapped: the book names only the camp complex (Yuglag), which spread over a large area; pinning it at the camp headquarters would misplace it. Camp: СЕВЕРО-ВОСТОЧНЫЙ ИТЛ (r3-308, 1932-1949); БЕРЕГОВОЙ ЛАГЕРЬ (r3-34, 1948-1954) (Memorial, Sistema ITL v SSSR 1923-1960). Book pages: vol. 2 p. 129. Account: Aleksandr Solzhenitsyn (authorial account). What would place it: the camp section (lagpunkt) where it happened, from Memorial or regional histories.","the book names only the camp complex (Yuglag), which spread over a large area; pinning it at the camp headquarters would misplace it. Camp: СЕВЕРО-ВОСТОЧНЫЙ ИТЛ (r3-308, 1932-1949); БЕРЕГОВОЙ ЛАГЕРЬ (r3-34, 1948-1954) (Memorial, Sistema ITL v SSSR 1923-1960). Book pages: vol. 2 p. 129. Account: Aleksandr Solzhenitsyn (authorial account).","the camp section (lagpunkt) where it happened, from Memorial or regional histories."
"EV0944","Daily mass shootings at Serpantinka","Soviet Gulag","","","Serpantinka (СЕВЕРО-ВОСТОЧНЫЙ ИТЛ, БЕРЕГОВОЙ ЛАГЕРЬ)","Russia","","","unmapped","Gulag camp administration (no individual named in the book)","Thirty to fifty men every day","state terror","","","2","Aleksandr I. Solzhenitsyn, The Gulag Archipelago 1918-1956, vol. 2, trans. Thomas P. Whitney (Harper & Row, 1975), p. 129","confirmed","REGISTER. Why not mapped: the book names only the camp complex (Serpantinka), which spread over a large area; pinning it at the camp headquarters would misplace it. Camp: СЕВЕРО-ВОСТОЧНЫЙ ИТЛ (r3-308, 1932-1949); БЕРЕГОВОЙ ЛАГЕРЬ (r3-34, 1948-1954) (Memorial, Sistema ITL v SSSR 1923-1960). Book pages: vol. 2 p. 129. Account: Aleksandr Solzhenitsyn (authorial account). What would place it: the camp section (lagpunkt) where it happened, from Memorial or regional histories.","the book names only the camp complex (Serpantinka), which spread over a large area; pinning it at the camp headquarters would misplace it. Camp: СЕВЕРО-ВОСТОЧНЫЙ ИТЛ (r3-308, 1932-1949); БЕРЕГОВОЙ ЛАГЕРЬ (r3-34, 1948-1954) (Memorial, Sistema ITL v SSSR 1923-1960). Book pages: vol. 2 p. 129. Account: Aleksandr Solzhenitsyn (authorial account).","the camp section (lagpunkt) where it happened, from Memorial or regional histories."
"EV0945","Execution of tractor drivers, stevedores, and gravediggers at Serpantinka","Soviet Gulag","","","Serpantinka (СЕВЕРО-ВОСТОЧНЫЙ ИТЛ, БЕРЕГОВОЙ ЛАГЕРЬ)","Russia","","","unmapped","Gulag camp administration (no individual named in the book)","Tractor drivers, stevedores, and gravediggers","state terror","","","2","Aleksandr I. Solzhenitsyn, The Gulag Archipelago 1918-1956, vol. 2, trans. Thomas P. Whitney (Harper & Row, 1975), p. 129","confirmed","REGISTER. Why not mapped: the book names only the camp complex (Serpantinka), which spread over a large area; pinning it at the camp headquarters would misplace it. Camp: СЕВЕРО-ВОСТОЧНЫЙ ИТЛ (r3-308, 1932-1949); БЕРЕГОВОЙ ЛАГЕРЬ (r3-34, 1948-1954) (Memorial, Sistema ITL v SSSR 1923-1960). Book pages: vol. 2 p. 129. Account: Aleksandr Solzhenitsyn (authorial account). What would place it: the camp section (lagpunkt) where it happened, from Memorial or regional histories.","the book names only the camp complex (Serpantinka), which spread over a large area; pinning it at the camp headquarters would misplace it. Camp: СЕВЕРО-ВОСТОЧНЫЙ ИТЛ (r3-308, 1932-1949); БЕРЕГОВОЙ ЛАГЕРЬ (r3-34, 1948-1954) (Memorial, Sistema ITL v SSSR 1923-1960). Book pages: vol. 2 p. 129. Account: Aleksandr Solzhenitsyn (authorial account).","the camp section (lagpunkt) where it happened, from Memorial or regional histories."
"EV0946","Shooting of blindfolded prisoners into shafts at Serpantinka","Soviet Gulag","","","Serpantinka (СЕВЕРО-ВОСТОЧНЫЙ ИТЛ, БЕРЕГОВОЙ ЛАГЕРЬ)","Russia","","","unmapped","Gulag camp administration (no individual named in the book)","Prisoners led to deep shafts","state terror","","","2","Aleksandr I. Solzhenitsyn, The Gulag Archipelago 1918-1956, vol. 2, trans. Thomas P. Whitney (Harper & Row, 1975), p. 129","confirmed","REGISTER. Why not mapped: the book names only the camp complex (Serpantinka), which spread over a large area; pinning it at the camp headquarters would misplace it. Camp: СЕВЕРО-ВОСТОЧНЫЙ ИТЛ (r3-308, 1932-1949); БЕРЕГОВОЙ ЛАГЕРЬ (r3-34, 1948-1954) (Memorial, Sistema ITL v SSSR 1923-1960). Book pages: vol. 2 p. 129. Account: Aleksandr Solzhenitsyn (authorial account). What would place it: the camp section (lagpunkt) where it happened, from Memorial or regional histories.","the book names only the camp complex (Serpantinka), which spread over a large area; pinning it at the camp headquarters would misplace it. Camp: СЕВЕРО-ВОСТОЧНЫЙ ИТЛ (r3-308, 1932-1949); БЕРЕГОВОЙ ЛАГЕРЬ (r3-34, 1948-1954) (Memorial, Sistema ITL v SSSR 1923-1960). Book pages: vol. 2 p. 129. Account: Aleksandr Solzhenitsyn (authorial account).","the camp section (lagpunkt) where it happened, from Memorial or regional histories."
"EV0947","Brigadier Perelomov beating prisoners in Kemerlag","Soviet Gulag","","","Kemerlag (КЕМЕРОВОЖИЛСТРОЙ И ИТЛ)","Russia","","","unmapped","Perelomov (brigadier)","prisoners in the brigade","state terror","","","2","Aleksandr I. Solzhenitsyn, The Gulag Archipelago 1918-1956, vol. 2, trans. Thomas P. Whitney (Harper & Row, 1975), p. 157","confirmed","REGISTER. Why not mapped: the book names only the camp complex (Kemerlag), which spread over a large area; pinning it at the camp headquarters would misplace it. Camp: КЕМЕРОВОЖИЛСТРОЙ И ИТЛ (r3-195, 1946-1948) (Memorial, Sistema ITL v SSSR 1923-1960). Book pages: vol. 2 p. 157. Account: Aleksandr Solzhenitsyn. What would place it: the camp section (lagpunkt) where it happened, from Memorial or regional histories.","the book names only the camp complex (Kemerlag), which spread over a large area; pinning it at the camp headquarters would misplace it. Camp: КЕМЕРОВОЖИЛСТРОЙ И ИТЛ (r3-195, 1946-1948) (Memorial, Sistema ITL v SSSR 1923-1960). Book pages: vol. 2 p. 157. Account: Aleksandr Solzhenitsyn.","the camp section (lagpunkt) where it happened, from Memorial or regional histories."
"EV0948","Grigoryev sent to penalty situation in Kemerovo camps","Soviet Gulag","","","Kemerovo camps (Antibess) (КЕМЕРОВОЖИЛСТРОЙ И ИТЛ)","Russia","","","unmapped","security chief","Grigory Ivanovich Grigoryev","state terror","","","2","Aleksandr I. Solzhenitsyn, The Gulag Archipelago 1918-1956, vol. 2, trans. Thomas P. Whitney (Harper & Row, 1975), p. 625","confirmed","REGISTER. Why not mapped: the book names only the camp complex (Kemerovo camps (Antibess)), which spread over a large area; pinning it at the camp headquarters would misplace it. Camp: КЕМЕРОВОЖИЛСТРОЙ И ИТЛ (r3-195, 1946-1948) (Memorial, Sistema ITL v SSSR 1923-1960). Book pages: vol. 2 p. 625. Account: Aleksandr Solzhenitsyn. What would place it: the camp section (lagpunkt) where it happened, from Memorial or regional histories.","the book names only the camp complex (Kemerovo camps (Antibess)), which spread over a large area; pinning it at the camp headquarters would misplace it. Camp: КЕМЕРОВОЖИЛСТРОЙ И ИТЛ (r3-195, 1946-1948) (Memorial, Sistema ITL v SSSR 1923-1960). Book pages: vol. 2 p. 625. Account: Aleksandr Solzhenitsyn.","the camp section (lagpunkt) where it happened, from Memorial or regional histories."
"EV0949","Anti-Party clique purge at Gansu Provincial Congress (Sun-Chen-Liang)","Maoist political campaigns","1958","1958","Gansu province (2nd session of the 2nd Provincial Party Congress), Gansu (now Gansu)","China","","","unmapped","Zhang Zhongliang (Provincial Party Committee First Secretary), who denounced the 'Sun-Chen-Liang anti-Party clique' in his report of 9 Feb 1958","Senior provincial cadres Sun Diancai, Chen Chengyi, Liang Dajun and their associates; rightists 'unearthed' province-wide","political repression","","","1","Yang Jisheng, 墓碑：中国六十年代大饥荒纪实 (Tombstone), Chinese PDF edition dated August 2007, ch. 2, p. 57, quoting Zhang Zhongliang's report 《鼓足干劲，苦战三年，力争农业跃进！再跃进！》 of 9 Feb 1958","confirmed","REGISTER. Why not mapped: province-wide political persecution with no single violent act sited; the congress itself is not a victim site. What would place it: Gansu provincial archives naming individual persecution cases with places of detention or struggle sessions.","province-wide political persecution with no single violent act sited; the congress itself is not a victim site.","Gansu provincial archives naming individual persecution cases with places of detention or struggle sessions."
"EV0950","Hu Weide famine report suppressed and province-wide anti-Right-opportunist crackdown","Maoist political campaigns","1959","1960","Gansu province (report naming Wuwei, Minqin, Tongwei, Longxi, Minxian, Jingning counties and Zhangye city), Gansu (now Gansu)","China","","","unmapped","Zhang Zhongliang (Provincial Party First Secretary), who branded Hu Weide and Song Liangcheng a right-opportunist anti-Party clique after the Lushan Conference; the book states the criticism of Hu Weide was approved by the CCP Central Committee","Hu Weide (Provincial Deputy Secretary), Song Liangcheng, Xi Daolong (Tongwei county party secretary) and over 190,000 people criticized province-wide","political repression","","","1","Yang Jisheng, 墓碑：中国六十年代大饥荒纪实 (Tombstone), Chinese PDF edition dated August 2007, ch. 2, p. 58-59, quoting the Gansu Provincial Committee report to the Central Committee of 15 Jul 1959 (via 《甘肃省志·大事记》) and Yang's synthesis","confirmed","REGISTER. Why not mapped: province-wide political persecution with no single site; the seven named counties/city are scattered across Gansu. Famine context links to EV0954 (province-wide famine register record) and EV0444 (Northwest China famine register record) - separate event (political persecution), link not duplicate. The Tianshui part of the crackdown is recorded separately in EV0951. What would place it: Gansu provincial archives on the 1959-60 anti-Right-opportunist campaign listing county-level cases and places of struggle sessions.","province-wide political persecution with no single site; the seven named counties/city are scattered across Gansu. Famine context links to EV0954 (province-wide famine register record) and EV0444 (Northwest China famine register record) - separate event (political persecution), link not duplicate. The Tianshui part of the crackdown is recorded separately in EV0951.","Gansu provincial archives on the 1959-60 anti-Right-opportunist campaign listing county-level cases and places of struggle sessions."
"EV0951","Fabricated counter-revolutionary groups in Tianshui prefecture (incl. Qin'an group of 103)","Maoist political campaigns","1959","1960","Tianshui prefecture, incl. Qinan county (Qinan county party committee), Gansu (now Tianshui, Gansu)","China","","","unmapped","Local power-seizers in the Tianshui anti-Right-opportunist movement ('certain bad elements who usurped Party leadership', per the Central Work Team report); the provincial crackdown led by Zhang Zhongliang (Provincial Party First Secretary) set it in motion","Over 700 people framed as members of 103 fabricated 'counter-revolutionary groups', including the 103-member group supposedly headed by Yu Wenrong, First Secretary of Qinan county committee","political repression","","","1","Yang Jisheng, 墓碑：中国六十年代大饥荒纪实 (Tombstone), Chinese PDF edition dated August 2007, ch. 2, p. 59, quoting the Central Work Team (Qian Ying) report to the CCP Central Committee of 5 Jan 1961","confirmed","REGISTER. Why not mapped: the case is diffuse across the whole prefecture; the county-seat pin candidate (Qinan) failed the county coordinate test (equal-area radius 22.6 km, density 337/km2). What would place it: Tianshui/Qinan gazetteers or archive files naming a specific detention or struggle site. Part of the same crackdown as EV0950; the Zhenyuan case (EV0952) is the book's next example of these fabricated cases. Links EV0444.","the case is diffuse across the whole prefecture; the county-seat pin candidate (Qinan) failed the county coordinate test (equal-area radius 22.6 km, density 337/km2).","Tianshui/Qinan gazetteers or archive files naming a specific detention or struggle site. Part of the same crackdown as EV0950; the Zhenyuan case (EV0952) is the book's next example of these fabricated cases. Links EV0444."
"EV0954","Gansu province-wide famine under inflated procurement (Zhang Zhongliang): three-quarters of the province short of grain, over a million starved to death","Great Leap Forward famine","1958","1961","Gansu province (three-quarters of the counties in severe grain shortage)","China","","","unmapped","Zhang Zhongliang (Provincial Party First Secretary) and the provincial leadership: bogus output claims (1958 claimed 11 billion jin, actual under 8 billion), refusal to admit shortage, anti-hidden-grain struggles against messengers, and continued high procurement while peasants were cut to three or four liang of grain a day","Rural population of Gansu province; 7 million people at under 7 liang (old scale) of grain per day","engineered famine","1000000","","2","Yang Jisheng, 墓碑：中国六十年代大饥荒纪实 (Tombstone), Chinese PDF edition dated August 2007, ch. 2, p. 66-68, quoting Table 2-1 (from 1962-08-25 《粮食部计划司粮食资料提要》 and 《中国人口·甘肃分册》), Zhang Zhongliang's self-criticism report 《关于检查一个指头问题的报告》 of July 1960, Yuan Xiaosu 《正确认识甘肃粮食问题》 in 《甘肃经济日报》 7 Jan 1998, and the 1980 reportage of Xinhua reporters Fu Shanglun, Hu Guohua and Dai Guoqiang","confirmed","REGISTER. Why not mapped: province-wide famine with no single site. Links: EV0444 (Northwest China famine register record) - this row is the Gansu-specific quantification; EV0955 and (a record not included) carry the two 1960-12-23 archival death tables; county narratives include EV0956, (a record not included), EV0958. What would place it: nothing - by definition a province-level register record; individual sites are mapped as separate records.","province-wide famine with no single site. Links: EV0444 (Northwest China famine register record) - this row is the Gansu-specific quantification; EV0955 and (a record not included) carry the two 1960-12-23 archival death tables; county narratives include EV0956, (a record not included), EV0958.","nothing - by definition a province-level register record; individual sites are mapped as separate records."
"EV0955","Table 2-2: prefecture-level death register 1958-1960 (Gansu Provincial Committee statistics of 23 Dec 1960)","Great Leap Forward famine","1958","1960","Gansu province (Lanzhou city and Pingliang, Tianshui, Dingxi, Zhangye, Gannan and Linxia prefectures; province total)","China","","","unmapped","State grain procurement under the Great Leap Forward, which produced the famine; no official is named in the book for this event (the provincial leadership behind the statistics: see EV0954)","Population of Gansu's prefectures and cities, 1958-1960","engineered famine","849238","","1","Yang Jisheng, 墓碑：中国六十年代大饥荒纪实 (Tombstone), Chinese PDF edition dated August 2007, ch. 2, p. 67, reproducing Table 2-2, Gansu Provincial Committee departments' statistics of 23 Dec 1960 (Gansu Provincial Archives)","confirmed","REGISTER. Why not mapped: a province-wide statistical table, one record per table per director's rule; individual rows are prefectures, not sites. Toll is total deaths incl. normal; do not add to EV0954's over-1-million estimate, (a record not included), EV0959 or Yang's 666,700 calculation - same deaths, different tallies. Links: EV0444, EV0954, (a record not included). What would place it: nothing - an evidence record for the whole province; the underlying archive file (Gansu Provincial Archives) has not been opened.","a province-wide statistical table, one record per table per director's rule; individual rows are prefectures, not sites. Toll is total deaths incl. normal; do not add to EV0954's over-1-million estimate, (a record not included), EV0959 or Yang's 666,700 calculation - same deaths, different tallies. Links: EV0444, EV0954, (a record not included).","nothing - an evidence record for the whole province; the underlying archive file (Gansu Provincial Archives) has not been opened."
"EV0957","Hexi rural grain supply cut to 20% amid starvation; seizure of 10,000+ complaint letters at Gaotai post office","Great Leap Forward famine","1959","1959","Hexi region (Zhangye, where prefecture Party secretary An Zhen joined the inspection) and Gaotai county, Gansu (now Zhangye prefecture, Gansu)","China","","","unmapped","Zhang Zhongliang and He Chenghua (provincial leaders on inspection in Hexi), with An Zhen (张掖地委书记), who proposed compressing the rural grain supply ratio from 80-90% to 20%; He Chenghua commissioned the whitewashing piece 《农村一瞥》; in Gaotai, the county Party first secretary surnamed Yang (杨某) sent cadres to the post office to seize and alter complaint letters, which the provincial committee tolerated ('省委听之任之')","Rural population of the Hexi region whose supply was compressed while people were starving; senders of the 10,000+ intercepted letters","engineered famine","","","2","Yang Jisheng, 墓碑：中国六十年代大饥荒纪实 (Tombstone), Chinese PDF edition dated August 2007, ch. 2, p. 67","confirmed","REGISTER. Why not mapped: a prefecture/region-level policy and censorship episode with no single site and no death count in the passage; per index flag, letter interception alone names no victims >=3 at a locable place. Links: EV0954 (province-wide famine), EV0955 (Zhangye deaths), (a record not included) (Gaotai county row), EV0444. What would place it: a Gaotai county-seat pin could anchor the letter-seizure alone if the director wants the censorship act split out as its own record.","a prefecture/region-level policy and censorship episode with no single site and no death count in the passage; per index flag, letter interception alone names no victims >=3 at a locable place. Links: EV0954 (province-wide famine), EV0955 (Zhangye deaths), (a record not included) (Gaotai county row), EV0444.","a Gaotai county-seat pin could anchor the letter-seizure alone if the director wants the censorship act split out as its own record."
"EV0962","City-wide cannibalism tally in Linxia: 10 communes, 41 teams, 588 people ate 337 corpses","Great Leap Forward famine","1959","1960","Linxia city (10 communes, 41 production teams city-wide) (now Linxia city, Gansu)","China","","","unmapped","State grain procurement under the Great Leap Forward, which produced the famine; no official is named in the book for this event","Corpses of the famine dead and at least 5 living people killed and eaten; 588 starving participants","engineered famine","467","","1","Yang Jisheng, 墓碑：中国六十年代大饥荒纪实 (Tombstone), Chinese PDF edition dated August 2007, ch. 2, p. 70, quoting the report of the work team sent to Linxia city by the centre, 18 Mar 1961","confirmed","REGISTER. Why not mapped: city-wide aggregate of the phenomenon sited in EV0960 (Qiezang) and EV0961 (Hongtai); mapping it again at the city pin would double-count with EV0959's city pin and misstate the geography. Do not add its figures to EV0959, EV0960 or EV0961. Link EV0959, EV0960, EV0961, master EV0667 (Hongtai overlap check pending with EV0961) and the EV0725 family of Linxia register cases. What would place it: nothing further - the constituent sites are what can be mapped; keep as the aggregate register row.","city-wide aggregate of the phenomenon sited in EV0960 (Qiezang) and EV0961 (Hongtai); mapping it again at the city pin would double-count with EV0959's city pin and misstate the geography. Do not add its figures to EV0959, EV0960 or EV0961. Link EV0959, EV0960, EV0961, master EV0667 (Hongtai overlap check pending with EV0961) and the EV0725 family of Linxia register cases.","nothing further - the constituent sites are what can be mapped; keep as the aggregate register row."
"EV0965","Mass edema among Baiyin workers: 60% of nearly 7,000 nickel-mine workers sick, 3 dead; 55 of 94 women lost menstruation","Great Leap Forward famine","1960","1960","Baiyin (白银市): Baijiazui Yongchang nickel mine, Baiyinchang, cotton textile mill, transport bureau and the geological and capital-construction bureaus (now Baiyin, Gansu)","China","","","unmapped","State grain procurement and rationing under the Great Leap Forward, which produced the famine; no official is named in the book for this event","Workers of Baiyin factories and mines, above all the Baijiazui Yongchang nickel mine, and their female workers","engineered famine","","","1","Yang Jisheng, 墓碑：中国六十年代大饥荒纪实 (Tombstone), Chinese PDF edition dated August 2007, ch. 2, p. 70-71, quoting the Gansu provincial industry-transport department report, 9 Dec 1960, and the CPC Baiyin Municipal Committee report '关于积极防治浮肿病发展情况和今后意见的报告', 18 Dec 1960","confirmed","REGISTER. Why not mapped: county table flags Baiyin as register (borderline density), and the harm is a city-wide condition across many named units rather than one event at one site. What would place it: a decision by the director to map industrial famine-harm sites in Baiyin, using the nickel-mine site at Baijiazui. Link EV0444 (famine register context), (a record not included) (Table 2-3 Baiyin row); same report cluster as EV0966, EV0967, EV0968.","county table flags Baiyin as register (borderline density), and the harm is a city-wide condition across many named units rather than one event at one site.","a decision by the director to map industrial famine-harm sites in Baiyin, using the nickel-mine site at Baijiazui. Link EV0444 (famine register context), (a record not included) (Table 2-3 Baiyin row); same report cluster as EV0966, EV0967, EV0968."
"EV0966","Yumen oil city: 3,132 edema cases across 14 units, worst unit 25% of population","Great Leap Forward famine","1960","1960","Yumen (玉门市): Yumen Petroleum Administration, Yumen railway office, Northwest Mining Machinery Plant, municipal Commerce Bureau, municipal Party school and 14 units in all (now Yumen, Gansu)","China","","","unmapped","State grain procurement and rationing under the Great Leap Forward, which produced the famine; no official is named in the book for this event","Workers, cadres and residents of the Yumen oil city units surveyed in December 1960","engineered famine","","","1","Yang Jisheng, 墓碑：中国六十年代大饥荒纪实 (Tombstone), Chinese PDF edition dated August 2007, ch. 2, p. 71, quoting the CPC Yumen Municipal Committee report to superior organs, 11 Dec 1960","confirmed","REGISTER. Why not mapped: county table flags Yumen as register (very low density), and the record covers 14 units across a city rather than one event at one site; no deaths stated. What would place it: a director decision to map urban famine-disease reports, with a pin at the old Yumen oil town (the book's 1958-61 Yumen city, smaller than today's county-level city). Link EV0444, (a record not included) (Table 2-3); same report cluster as EV0965, EV0967, EV0968. The Yumen camps with counted deaths are recorded separately at EV0964.","county table flags Yumen as register (very low density), and the record covers 14 units across a city rather than one event at one site; no deaths stated.","a director decision to map urban famine-disease reports, with a pin at the old Yumen oil town (the book's 1958-61 Yumen city, smaller than today's county-level city). Link EV0444, (a record not included) (Table 2-3); same report cluster as EV0965, EV0967, EV0968. The Yumen camps with counted deaths are recorded separately at EV0964."
"EV0967","Jiuquan Iron & Steel: ration cuts, no cooking oil, mass edema, amenorrhea and impotence among workers","Great Leap Forward famine","1960","1960","Jiuquan Iron & Steel Company (酒泉钢铁公司; book gives no city; associated name Jiuquan) (now Jiayuguan, Gansu)","China","","","unmapped","State grain procurement and rationing under the Great Leap Forward, which produced the famine; no official is named in the book for this event","Workers of Jiuquan Iron & Steel, mostly transferred from the northeast (Anshan), including its female workers","engineered famine","","","1","Yang Jisheng, 墓碑：中国六十年代大饥荒纪实 (Tombstone), Chinese PDF edition dated August 2007, ch. 2, p. 71, quoting the report of the Party committee of Jiuquan Iron & Steel Company to superior organs, 30 Dec 1960","confirmed","REGISTER. Why not mapped: the index verdict was unsure - mass foreseen malnutrition but only qualitative ('大量发生'), no count; and the book gives no city for the company (today's Jiayuguan city is not named in the book - do not assign). What would place it: gazetteer confirmation of the Jiuquan Iron & Steel site and a director decision to map unquantified industrial famine-disease reports. Link EV0444, (a record not included) (Table 2-3 Jiuquan row); same report cluster as EV0965, EV0966, EV0968.","the index verdict was unsure - mass foreseen malnutrition but only qualitative ('大量发生'), no count; and the book gives no city for the company (today's Jiayuguan city is not named in the book - do not assign).","gazetteer confirmation of the Jiuquan Iron & Steel site and a director decision to map unquantified industrial famine-disease reports. Link EV0444, (a record not included) (Table 2-3 Jiuquan row); same report cluster as EV0965, EV0966, EV0968."
"EV0968","Lanzhou: hunger edema among 3,346 industrial workers and 31 of 145 kindergarten children","Great Leap Forward famine","1960","1960","Lanzhou (兰州市): 51 units of the industrial system, the municipal finance-trade system, 21 units of the propaganda-education system, municipal Party and government organs, Lanzhou kindergarten, Lanzhou Leather Factory and plant 605 (now Lanzhou, Gansu)","China","","","unmapped","State grain procurement and rationing under the Great Leap Forward, which produced the famine; no official is named in the book for this event","Urban employees of Lanzhou - industrial, finance-trade, propaganda-education and government workers - and small children at the municipal kindergarten","engineered famine","","","1","Yang Jisheng, 墓碑：中国六十年代大饥荒纪实 (Tombstone), Chinese PDF edition dated August 2007, ch. 2, p. 71, quoting the CPC Lanzhou Municipal Committee report to the provincial committee (Dec 1960)","confirmed","REGISTER. Why not mapped: county table flags Lanzhou as register (dense city), and the record is a city-wide disease survey across dozens of units, not an event at one site; no deaths stated. What would place it: a director decision to map urban famine-disease reports; individual units (Lanzhou kindergarten, leather factory, plant 605) would each need locating. Link EV0444; same report cluster as EV0965, EV0966, EV0967. The finance-trade denominator prints garbled in the PDF ('士 3313'); percentages in the book are self-consistent with 12,313.","county table flags Lanzhou as register (dense city), and the record is a city-wide disease survey across dozens of units, not an event at one site; no deaths stated.","a director decision to map urban famine-disease reports; individual units (Lanzhou kindergarten, leather factory, plant 605) would each need locating. Link EV0444; same report cluster as EV0965, EV0966, EV0967. The finance-trade denominator prints garbled in the PDF ('士 3313'); percentages in the book are self-consistent with 12,313."
"EV0972","Suicides under forced grain procurement, Jilin province-wide, 1959-February 1960","Great Leap Forward famine","1959","1960","Jilin (province-wide, China)","China","","","unmapped","State grain procurement in Jilin, enforced by local cadres through the coercive methods the provincial committee's own notice named ('chase, pressure, coerce, withhold' and ransacking homes); no individual official is named in the book for this event","Peasants driven to suicide by forced grain procurement","engineered famine","","","1","Yang Jisheng, 墓碑：中国六十年代大饥荒纪实 (Tombstone), Chinese PDF edition dated August 2007, p. 158, quoting CCP Jilin Provincial Committee, 《关于在农村工作中必须坚决贯彻政策，彻底杜绝自杀现象的通报》, 20 Feb 1960","confirmed","REGISTER. Why not mapped: province-wide figure from a provincial committee notice with no specific place; the 43 count incidents (起), not persons. What would place it: county-level archives or gazetteers naming the counties and communes where the 43 suicide incidents occurred.","province-wide figure from a provincial committee notice with no specific place; the 43 count incidents (起), not persons.","county-level archives or gazetteers naming the counties and communes where the 43 suicide incidents occurred."
"EV0974","Province-wide cadre violence against peasants (procuratorate and provincial committee reports), 1959-1961","Great Leap Forward famine","1959","1961","Jilin (province-wide, 'a few grassroots cadres', China)","China","","","unmapped","Grassroots cadres across Jilin ('少数基层干部') named as the perpetrators by the provincial procuratorate and the provincial committee: threats, torture to extract confessions, binding and hanging/beatings, commune-run 'education teams' and 'training classes' that were in effect labour-reform camps, arbitrary detention, and confiscation of food at roadblocks","Peasants across Jilin subjected to cadre violence, detention and coercion","state terror","","","1","Yang Jisheng, 墓碑：中国六十年代大饥荒纪实 (Tombstone), Chinese PDF edition dated August 2007, p. 161-162, quoting Jilin Provincial People's Procuratorate party-group report and CCP Jilin Provincial Committee report to the CCP Central Committee and the Northeast Bureau, 28 Dec 1960","confirmed","REGISTER. Why not mapped: province-wide reports with no specific place and no numeric harm figures. What would place it: county or commune case files behind the procuratorate report; the commune-level example of Yushutai, Lishu county (9 team leaders dismissed) names only a dismissal, not a violent-harm site. The commune case of Jiuzhan is recorded separately as EV0973. Cadres punished in the anti-rightist campaign (p. 160-161) are victims of repression, not perpetrators here, and are not recorded by this row.","province-wide reports with no specific place and no numeric harm figures.","county or commune case files behind the procuratorate report; the commune-level example of Yushutai, Lishu county (9 team leaders dismissed) names only a dismissal, not a violent-harm site. The commune case of Jiuzhan is recorded separately as EV0973. Cadres punished in the anti-rightist campaign (p. 160-161) are victims of repression, not perpetrators here, and are not recorded by this row."
"EV0977","Anshun prefecture deaths of over 10,000 while grain still demanded","Great Leap Forward famine","1959","1961","Anshun prefecture (now Anshun city, Guizhou)","China","","","unmapped","State grain procurement under the Great Leap Forward, which produced the famine; no official is named in the book for this event","Population of Anshun prefecture","engineered famine","10000","","2","Yang Jisheng, 墓碑：中国六十年代大饥荒纪实 (Tombstone), Chinese PDF edition dated August 2007, p. 258, quoting Wang Min-san's recollection of Sun Hanzhang's report","confirmed","REGISTER. Why not mapped: prefecture-wide figure with no single place; the book names it only as 安顺地区. What would place it: Anshun prefecture/city gazetteers listing constituent communes and their famine death tallies; the mapped commune records EV0975 and EV0976 are its named parts.","prefecture-wide figure with no single place; the book names it only as 安顺地区.","Anshun prefecture/city gazetteers listing constituent communes and their famine death tallies; the mapped commune records EV0975 and EV0976 are its named parts."
"EV0978","Zunyi prefecture famine and edema; Daqian commune deaths","Great Leap Forward famine","1959","1960","Zunyi prefecture (now Zunyi city, Guizhou), including Daqian commune, Zheng'an county","China","","","unmapped","State grain procurement under the Great Leap Forward, which produced the famine; no official is named in the book for these deaths","Rural population of Zunyi prefecture; sick and dead of Daqian commune, Zheng'an county","engineered famine","150","","2","Yang Jisheng, 墓碑：中国六十年代大饥荒纪实 (Tombstone), Chinese PDF edition dated August 2007, p. 259-260, quoting 《中纪委大事记》 (Central Discipline Inspection Committee chronicle)","confirmed","REGISTER. Why not mapped: prefecture-wide frame; the only site named (Daqian commune, Zheng'an county) appears with a single undivided figure inside the same report and could not be located, so it is kept in this register entry rather than split. What would place it: Zheng'an county gazetteer locating 大阡公社 and its 1960 death figures; if found, the Daqian deaths could become a map point in Zheng'an.","prefecture-wide frame; the only site named (Daqian commune, Zheng'an county) appears with a single undivided figure inside the same report and could not be located, so it is kept in this register entry rather than split.","Zheng'an county gazetteer locating 大阡公社 and its 1960 death figures; if found, the Daqian deaths could become a map point in Zheng'an."
"EV0980","Jiangkou county uprising and magistrate's suicide (""Jiangkou event"")","Great Leap Forward famine","1960","1960","江口县 Jiangkou county, Tongren prefecture (now Jiangkou, Tongren, Guizhou)","China","","","unmapped","State grain procurement under the Great Leap Forward, which produced the famine; no official is named in the book for this event (the suppression is not attributed to any named person)","Starving peasants who rose in revolt; the county magistrate who opened the granaries","engineered famine","","","2","Yang Jisheng, 墓碑：中国六十年代大饥荒纪实 (Tombstone), Chinese PDF edition dated August 2007, p. 262","contested","REGISTER. Why not mapped: the book gives no specific place for the uprising or the magistrate's suicide beyond the county, Jiangkou's county test puts it in the register band, and the book itself marks the whole passage as unverified ('此事待档案开放后核实'). Deaths: the only figure is '饿死了近一半人口' (nearly half the county population starved to death) — a percentage without a base figure, so no number is entered; the suppression deaths are not quantified. Status contested because the book calls the affair unverified. Note the magistrate is presented as a victim (suicide after opening granaries), not a perpetrator. What would place it: local archives and Tongren/Jiangkou county gazetteers on the June 1960 uprising, which the book says are needed to verify the affair.","the book gives no specific place for the uprising or the magistrate's suicide beyond the county, Jiangkou's county test puts it in the register band, and the book itself marks the whole passage as unverified ('此事待档案开放后核实'). Deaths: the only figure is '饿死了近一半人口' (nearly half the county population starved to death) — a percentage without a base figure, so no number is entered; the suppression deaths are not quantified. Status contested because the book calls the affair unverified. Note the magistrate is presented as a victim (suicide after opening granaries), not a perpetrator.","local archives and Tongren/Jiangkou county gazetteers on the June 1960 uprising, which the book says are needed to verify the affair."
"EV0981","Demolition of riverside homes for the Zunyi prefecture ""Half-Street"" project; residents displaced","Great Leap Forward famine","1960","1960","Zunyi prefecture seat street (""Half-Street"", the riverside houses; counties of Zunyi prefecture imitated) (now Zunyi, Guizhou)","China","","","unmapped","Zunyi prefectural Party committee (遵义地委), for ""beautifying the street""","Residents whose riverside homes were demolished","forced displacement","","","1","Yang Jisheng, 墓碑：中国六十年代大饥荒纪实 (Tombstone), Chinese PDF edition dated August 2007, p. 260, quoting 《中纪委大事记》 material in Li Jingying's report to Wang Weizhou (November 1960)","confirmed","REGISTER. Why not mapped: the book does not name which town the prefecture-seat ""Half-Street"" is (Zunyi city or another seat of the prefectural organs at the time), and gives no coordinates and no count of houses or residents; the counties that imitated it are not individually named either. What would place it: Zunyi city/town gazetteers on the construction history of the prefecture-seat street ('半边街'), and the Central Commission for Discipline Inspection material behind the 1960 report, which might name the street and count of demolished houses. Related: same 《中纪委大事记》 report as EV0978 (prefecture famine frame) - different act, so a separate record per gap resolution G-2.","the book does not name which town the prefecture-seat ""Half-Street"" is (Zunyi city or another seat of the prefectural organs at the time), and gives no coordinates and no count of houses or residents; the counties that imitated it are not individually named either.","Zunyi city/town gazetteers on the construction history of the prefecture-seat street ('半边街'), and the Central Commission for Discipline Inspection material behind the 1960 report, which might name the street and count of demolished houses. Related: same 《中纪委大事记》 report as EV0978 (prefecture famine frame) - different act, so a separate record per gap resolution G-2."
